x,y,z,r,g,b,class,instance_id
7.778200,-1.361000,50.434700,234,249,253,floor,0
7.775900,-1.378700,50.434502,233,248,253,floor,0
7.772000,-1.391100,50.433399,235,248,253,floor,0
7.756900,-1.414100,50.426899,228,243,243,floor,0
7.745600,-1.432400,50.422298,224,234,235,floor,0
7.739300,-1.465400,50.421700,227,240,242,floor,0
7.738500,-1.480400,50.422199,236,245,248,floor,0
7.735300,-1.509600,50.422401,232,244,246,floor,0
7.734000,-1.523600,50.422600,233,245,248,floor,0
7.729900,-1.548200,50.422401,232,242,246,floor,0
7.823400,-1.303300,50.448601,255,255,255,floor,0
7.716300,-1.307100,50.362999,139,172,188,floor,0
7.827800,-1.369400,50.434200,254,255,255,floor,0
7.824600,-1.384900,50.434898,254,255,255,floor,0
7.823100,-1.406400,50.435001,253,255,255,floor,0
7.820500,-1.418900,50.435299,253,255,255,floor,0
7.817900,-1.446300,50.436401,250,255,255,floor,0
7.815000,-1.466300,50.435799,253,255,255,floor,0
7.811500,-1.499800,50.436501,250,255,255,floor,0
7.807800,-1.514500,50.436901,249,255,255,floor,0
7.808000,-1.529700,50.437099,250,255,255,floor,0
7.805300,-1.555300,50.437401,251,255,255,floor,0
7.802400,-1.573800,50.437599,250,255,255,floor,0
7.801000,-1.597000,50.437801,251,255,255,floor,0
7.795400,-1.623500,50.437401,249,255,255,floor,0
7.793800,-1.655100,50.437500,247,255,255,floor,0
7.792500,-1.680300,50.437901,243,255,255,floor,0
7.791800,-1.684400,50.437599,244,255,255,floor,0
7.787700,-1.708900,50.437099,243,255,255,floor,0
7.785100,-1.737800,50.437500,239,255,255,floor,0
7.786800,-1.753500,50.437698,240,255,255,floor,0
7.782600,-1.775600,50.437302,237,255,255,floor,0
7.781500,-1.803500,50.436901,233,251,254,floor,0
7.781300,-1.819100,50.436901,231,252,252,floor,0
7.796200,-1.843800,50.457298,255,234,225,floor,0
7.794700,-1.872600,50.450298,255,237,228,floor,0
7.794300,-1.894700,50.452202,255,236,227,floor,0
7.795700,-1.907500,50.455601,255,253,251,floor,0
7.767800,-1.948200,50.431801,232,253,252,floor,0
7.766400,-1.966100,50.431198,231,252,252,floor,0
7.764900,-1.979000,50.430500,233,252,252,floor,0
7.810800,-1.301500,50.400002,246,231,220,floor,0
7.900100,-1.362500,50.447102,255,255,255,floor,0
7.897500,-1.369200,50.447201,255,255,255,floor,0
7.895100,-1.387100,50.447399,255,255,255,floor,0
7.891300,-1.407400,50.446999,254,255,255,floor,0
7.887700,-1.428900,50.446602,255,255,255,floor,0
7.880100,-1.463100,50.445599,255,255,255,floor,0
7.877800,-1.477800,50.445202,254,255,255,floor,0
7.872300,-1.505700,50.444599,255,255,255,floor,0
7.867700,-1.515900,50.443699,255,255,255,floor,0
7.865100,-1.541600,50.443100,255,255,255,floor,0
8.015300,-1.584500,50.540100,255,249,240,floor,0
7.944400,-1.595500,50.522900,255,252,244,floor,0
7.840700,-1.613700,50.434399,250,254,254,floor,0
7.839900,-1.640100,50.434200,242,252,251,floor,0
7.837000,-1.664100,50.434200,249,255,255,floor,0
7.837200,-1.670200,50.434399,252,255,255,floor,0
7.835000,-1.702500,50.435001,254,255,255,floor,0
9.137900,-1.829000,51.263302,234,181,157,floor,0
7.832800,-1.738300,50.435501,254,255,255,floor,0
7.831200,-1.768800,50.435600,254,255,255,floor,0
7.830100,-1.784200,50.435902,253,255,255,floor,0
7.829500,-1.806900,50.435699,251,255,255,floor,0
7.828300,-1.839100,50.436001,250,255,255,floor,0
7.828000,-1.847900,50.435902,250,255,255,floor,0
7.827900,-1.865800,50.436001,250,255,255,floor,0
7.825300,-1.889800,50.436298,247,255,255,floor,0
7.826700,-1.912700,50.436401,247,255,255,floor,0
7.826800,-1.932600,50.436600,247,255,255,floor,0
7.826600,-1.972900,50.436699,251,255,255,floor,0
7.824700,-1.981800,50.436600,252,255,255,floor,0
7.811300,-1.303500,50.356201,237,227,220,floor,0
7.964800,-1.369200,50.458698,255,255,255,floor,0
7.963600,-1.389000,50.459499,255,255,255,floor,0
7.957000,-1.415600,50.459202,255,255,255,floor,0
7.955100,-1.437500,50.459000,255,255,255,floor,0
7.953700,-1.450800,50.458900,255,255,255,floor,0
7.951700,-1.466400,50.459202,255,255,255,floor,0
7.945000,-1.494600,50.458401,255,255,255,floor,0
7.942200,-1.518200,50.458302,255,255,255,floor,0
7.938100,-1.535800,50.458199,255,255,255,floor,0
7.934300,-1.561900,50.456799,252,255,255,floor,0
8.010000,-1.592100,50.523102,255,250,242,floor,0
7.995000,-1.599900,50.509701,255,251,243,floor,0
7.964700,-1.626600,50.483601,255,252,246,floor,0
7.918000,-1.639200,50.464901,255,251,246,floor,0
7.905900,-1.669600,50.447498,254,255,255,floor,0
7.903700,-1.690800,50.447102,254,255,255,floor,0
7.943600,-1.702300,50.475700,255,236,227,floor,0
7.902300,-1.718000,50.447201,253,255,255,floor,0
7.898000,-1.755400,50.447201,254,255,255,floor,0
7.898100,-1.769500,50.447399,254,255,255,floor,0
7.897300,-1.795100,50.447102,253,255,255,floor,0
7.894200,-1.814400,50.446899,253,255,255,floor,0
7.946000,-1.825700,50.484402,255,248,242,floor,0
7.893300,-1.847100,50.447399,254,255,255,floor,0
7.894200,-1.868200,50.447300,253,255,255,floor,0
7.892000,-1.902900,50.446999,254,255,255,floor,0
7.892100,-1.923500,50.447201,254,255,255,floor,0
7.892100,-1.942700,50.447300,253,255,255,floor,0
7.891800,-1.972800,50.447399,254,255,255,floor,0
7.891800,-1.980800,50.447399,254,255,255,floor,0
8.084800,-1.312000,50.504902,255,255,255,floor,0
7.984800,-1.313100,50.442001,255,255,255,floor,0
8.011800,-1.360800,50.456299,255,255,255,floor,0
8.012600,-1.366900,50.456799,255,255,255,floor,0
8.002500,-1.397000,50.454700,246,255,255,floor,0
8.000600,-1.418400,50.455002,255,255,255,floor,0
7.998800,-1.436900,50.456001,255,255,255,floor,0
7.995700,-1.457600,50.456299,255,255,255,floor,0
7.992100,-1.486200,50.457001,254,255,255,floor,0
7.990100,-1.505500,50.457298,255,255,255,floor,0
7.989700,-1.512300,50.457699,255,255,255,floor,0
7.985500,-1.543800,50.458099,255,255,255,floor,0
7.985100,-1.555700,50.458599,255,255,255,floor,0
8.053300,-1.598100,50.522701,255,246,238,floor,0
8.070400,-1.620500,50.521000,255,247,240,floor,0
8.005100,-1.617800,50.483002,255,251,245,floor,0
7.974300,-1.650600,50.459400,254,255,255,floor,0
7.971700,-1.664000,50.459999,254,255,255,floor,0
7.972900,-1.677700,50.459499,254,255,255,floor,0
7.966400,-1.704400,50.459900,254,255,255,floor,0
9.150000,-1.826100,51.238300,238,186,163,floor,0
7.964800,-1.761000,50.459301,254,255,255,floor,0
7.964400,-1.780000,50.459999,254,255,255,floor,0
7.963800,-1.792900,50.459702,253,255,255,floor,0
7.964600,-1.815700,50.484699,255,248,242,floor,0
7.995400,-1.837300,50.500999,255,246,239,floor,0
7.961600,-1.862000,50.460201,254,255,255,floor,0
7.960500,-1.883100,50.460300,253,255,255,floor,0
7.959400,-1.889600,50.459702,254,255,255,floor,0
7.958900,-1.915900,50.459599,254,255,255,floor,0
7.958500,-1.951600,50.460300,254,255,255,floor,0
7.959100,-1.958900,50.459999,254,255,255,floor,0
7.956900,-1.987500,50.459702,254,255,255,floor,0
8.142400,-1.309200,50.523602,255,255,255,floor,0
8.069100,-1.309800,50.478298,255,255,255,floor,0
8.076500,-1.342100,50.465900,237,255,255,floor,0
8.076400,-1.362300,50.467899,233,249,253,floor,0
8.074900,-1.373600,50.467602,222,238,241,floor,0
8.069500,-1.402600,50.467400,255,255,255,floor,0
8.067100,-1.420600,50.467800,255,255,255,floor,0
8.061800,-1.437600,50.467602,255,255,255,floor,0
8.060300,-1.457100,50.467499,255,255,255,floor,0
8.055300,-1.483600,50.466999,255,255,255,floor,0
8.049100,-1.516500,50.466499,255,255,255,floor,0
8.046100,-1.531100,50.466000,255,255,255,floor,0
8.045000,-1.540800,50.466000,255,255,255,floor,0
8.037400,-1.564300,50.464600,255,255,255,floor,0
8.106800,-1.606100,50.531300,255,245,238,floor,0
8.037200,-1.607000,50.494701,255,250,243,floor,0
8.056200,-1.626700,50.497898,255,246,240,floor,0
8.025700,-1.648300,50.461700,255,255,255,floor,0
8.017400,-1.678200,50.458698,254,255,255,floor,0
8.016200,-1.694500,50.458698,254,255,255,floor,0
8.006600,-1.718000,50.454899,243,252,252,floor,0
8.006200,-1.740700,50.454800,236,244,245,floor,0
8.002500,-1.747000,50.453899,226,231,234,floor,0
8.002700,-1.768600,50.454201,234,240,241,floor,0
8.000100,-1.803400,50.455502,254,255,255,floor,0
8.057600,-1.828100,50.492100,255,246,240,floor,0
8.058200,-1.838600,50.517502,255,244,237,floor,0
7.999900,-1.853400,50.455002,253,255,255,floor,0
7.998600,-1.889500,50.455700,254,255,255,floor,0
7.998400,-1.908700,50.455700,253,255,255,floor,0
7.998400,-1.932000,50.455898,254,255,255,floor,0
7.996500,-1.951100,50.456200,254,255,255,floor,0
7.998300,-1.960800,50.456001,254,255,255,floor,0
7.995700,-1.979600,50.456001,254,255,255,floor,0
8.224800,-1.302800,50.540401,247,241,231,floor,0
8.148900,-1.304900,50.503201,111,129,158,floor,0
8.136000,-1.337900,50.474400,255,255,255,floor,0
8.142000,-1.356400,50.480000,255,255,255,floor,0
8.141300,-1.367700,50.480202,255,255,255,floor,0
8.134900,-1.401500,50.480000,255,255,255,floor,0
8.130900,-1.409700,50.480301,255,255,255,floor,0
8.127500,-1.443700,50.480000,255,255,255,floor,0
8.124300,-1.459600,50.479599,255,255,255,floor,0
8.121800,-1.476600,50.479801,255,255,255,floor,0
8.117300,-1.490200,50.479198,255,255,255,floor,0
8.114400,-1.506800,50.478600,255,255,255,floor,0
8.108800,-1.538000,50.477402,255,255,255,floor,0
8.101000,-1.555700,50.475800,254,255,255,floor,0
8.098600,-1.575900,50.475601,254,255,255,floor,0
8.097000,-1.604100,50.475399,253,255,255,floor,0
8.143300,-1.622000,50.507198,253,243,236,floor,0
8.086200,-1.629500,50.471298,232,236,236,floor,0
8.076700,-1.654600,50.467701,213,214,215,floor,0
8.075900,-1.671700,50.467899,246,247,247,floor,0
8.074600,-1.704100,50.467899,255,255,255,floor,0
8.073200,-1.715100,50.467701,255,255,255,floor,0
8.072000,-1.731800,50.467701,254,255,255,floor,0
8.069800,-1.757300,50.468201,254,255,255,floor,0
8.069200,-1.784300,50.468700,254,255,255,floor,0
8.067900,-1.801600,50.468601,254,255,255,floor,0
8.068700,-1.828700,50.492699,255,243,237,floor,0
8.091700,-1.837000,50.494202,255,245,239,floor,0
8.065500,-1.854700,50.468700,254,255,255,floor,0
8.063500,-1.878600,50.468800,254,255,255,floor,0
8.064300,-1.901000,50.468800,254,255,255,floor,0
8.064100,-1.931900,50.468899,254,255,255,floor,0
8.064100,-1.945800,50.468899,254,255,255,floor,0
8.063600,-1.954700,50.468700,254,255,255,floor,0
8.061900,-1.993400,50.468498,254,255,255,floor,0
8.244700,-1.307600,50.538300,255,235,220,floor,0
8.154400,-1.309400,50.477299,167,189,201,floor,0
8.189000,-1.341200,50.488499,255,255,255,floor,0
8.204800,-1.369200,50.492802,255,255,255,floor,0
8.201500,-1.389300,50.492699,255,255,255,floor,0
8.198900,-1.401000,50.492500,255,255,255,floor,0
8.194600,-1.421900,50.492199,255,255,255,floor,0
8.188700,-1.441400,50.491299,255,255,255,floor,0
8.184500,-1.464100,50.490601,255,255,255,floor,0
8.180200,-1.484300,50.489799,245,255,255,floor,0
8.175700,-1.496400,50.488998,240,255,254,floor,0
8.169900,-1.523900,50.487900,227,241,240,floor,0
8.157600,-1.535200,50.480801,215,229,227,floor,0
8.152600,-1.556600,50.479599,251,255,255,floor,0
8.149500,-1.585500,50.479401,255,255,255,floor,0
8.147600,-1.601000,50.479900,255,255,255,floor,0
8.145500,-1.625000,50.502899,250,241,235,floor,0
8.142000,-1.633700,50.490799,253,244,238,floor,0
8.141500,-1.655200,50.480099,255,255,255,floor,0
8.137800,-1.690900,50.480099,255,255,255,floor,0
8.137800,-1.696800,50.480202,254,255,255,floor,0
8.135000,-1.716900,50.480099,254,255,255,floor,0
8.134200,-1.739200,50.479698,255,255,255,floor,0
8.132900,-1.766300,50.480202,255,255,255,floor,0
8.131800,-1.776800,50.480099,255,255,255,floor,0
8.129800,-1.799700,50.480000,255,255,255,floor,0
8.128100,-1.830000,50.479698,255,255,255,floor,0
8.126400,-1.847700,50.479198,255,255,255,floor,0
8.126400,-1.855400,50.479301,255,255,255,floor,0
8.122300,-1.884000,50.479599,255,255,255,floor,0
8.124800,-1.906500,50.479698,255,255,255,floor,0
8.124000,-1.917400,50.479801,255,255,255,floor,0
8.123800,-1.946300,50.479301,255,255,255,floor,0
8.122500,-1.965300,50.479099,254,255,255,floor,0
8.122200,-1.987900,50.479000,255,255,255,floor,0
8.247500,-1.307300,50.509201,255,237,224,floor,0
8.157000,-1.307900,50.450802,253,248,240,floor,0
8.056800,-1.306300,50.379700,251,239,230,floor,0
8.234000,-1.383700,50.489201,255,242,229,floor,0
8.246400,-1.386600,50.496799,255,242,229,floor,0
8.237900,-1.412900,50.491402,233,243,242,floor,0
8.231700,-1.429500,50.489300,251,255,255,floor,0
8.227900,-1.456900,50.490398,255,255,255,floor,0
8.225900,-1.464100,50.490501,255,255,255,floor,0
8.223700,-1.488200,50.490601,255,255,255,floor,0
8.220600,-1.507900,50.491100,255,255,255,floor,0
8.215900,-1.537700,50.491001,255,255,255,floor,0
8.214400,-1.559400,50.491699,255,255,255,floor,0
8.212600,-1.568500,50.491600,255,255,255,floor,0
8.210200,-1.590400,50.491402,255,255,255,floor,0
8.208700,-1.600800,50.491501,255,255,255,floor,0
8.204300,-1.638600,50.491199,255,255,255,floor,0
8.202700,-1.643200,50.491100,255,255,255,floor,0
8.199800,-1.661500,50.491299,254,255,255,floor,0
8.197200,-1.697200,50.491299,255,255,255,floor,0
8.195600,-1.714900,50.490799,255,255,255,floor,0
8.196200,-1.721500,50.491299,254,255,255,floor,0
8.193600,-1.747900,50.491199,254,255,255,floor,0
8.190900,-1.769600,50.490398,255,255,255,floor,0
8.189300,-1.779500,50.489899,255,255,255,floor,0
8.188800,-1.797700,50.490200,254,255,255,floor,0
8.185500,-1.832600,50.489700,255,255,255,floor,0
8.184200,-1.855600,50.490002,255,255,255,floor,0
8.184500,-1.858400,50.489601,255,255,255,floor,0
8.182400,-1.894100,50.488998,250,255,254,floor,0
8.181300,-1.910000,50.488800,245,253,251,floor,0
8.179900,-1.929300,50.487900,240,249,249,floor,0
8.180400,-1.955200,50.488499,240,248,247,floor,0
8.180700,-1.956400,50.488701,239,248,245,floor,0
8.180200,-1.993800,50.488602,234,243,240,floor,0
8.300600,-1.308800,50.516800,255,236,224,floor,0
8.235300,-1.306700,50.473099,247,242,235,floor,0
8.155600,-1.306400,50.393398,253,250,244,floor,0
8.300700,-1.363900,50.499901,255,240,229,floor,0
8.300700,-1.379300,50.499901,255,241,229,floor,0
8.290300,-1.404900,50.500599,255,242,230,floor,0
8.275500,-1.418200,50.500801,255,243,230,floor,0
8.290400,-1.435600,50.500702,255,241,229,floor,0
8.272300,-1.470400,50.500500,253,255,255,floor,0
8.280500,-1.487600,50.500599,255,255,255,floor,0
8.277000,-1.504600,50.499901,255,255,255,floor,0
8.273900,-1.528200,50.499699,255,255,255,floor,0
8.566400,-1.582200,50.721199,223,210,191,floor,0
8.270100,-1.550400,50.499802,255,255,255,floor,0
8.563300,-1.622300,50.716900,232,229,217,floor,0
8.571300,-1.629900,50.713501,199,197,185,floor,0
8.258400,-1.615800,50.497601,240,254,252,floor,0
8.256200,-1.635800,50.497601,239,250,250,floor,0
8.250300,-1.660000,50.496300,227,239,232,floor,0
8.247300,-1.682800,50.495098,222,234,225,floor,0
8.237200,-1.700800,50.489201,210,213,213,floor,0
8.235900,-1.707400,50.488800,227,232,230,floor,0
8.232400,-1.736200,50.488998,255,255,255,floor,0
8.232000,-1.744900,50.489300,255,255,255,floor,0
8.228800,-1.767800,50.489101,254,255,255,floor,0
8.229900,-1.793500,50.489700,255,255,255,floor,0
8.227800,-1.816800,50.489300,254,255,255,floor,0
8.227700,-1.825700,50.489300,255,255,255,floor,0
8.225700,-1.853200,50.489498,255,255,255,floor,0
8.225500,-1.863300,50.489399,254,255,255,floor,0
8.224800,-1.895500,50.489101,255,255,255,floor,0
8.224600,-1.899300,50.489601,255,255,255,floor,0
8.223100,-1.933100,50.489799,254,255,255,floor,0
8.223000,-1.938600,50.489201,254,255,255,floor,0
8.222500,-1.959700,50.488899,255,255,255,floor,0
8.221400,-1.988800,50.489399,255,255,255,floor,0
8.483600,-1.302600,50.587898,255,228,216,floor,0
8.398500,-1.302600,50.552399,255,228,217,floor,0
8.309900,-1.304700,50.482899,255,239,228,floor,0
8.226100,-1.303600,50.411400,247,244,238,floor,0
8.338600,-1.359200,50.508400,255,239,228,floor,0
8.344600,-1.371700,50.509800,255,239,228,floor,0
8.349400,-1.403000,50.509899,255,241,229,floor,0
8.344400,-1.421300,50.507801,235,226,219,floor,0
8.341500,-1.439000,50.508202,233,224,218,floor,0
8.332600,-1.453600,50.507099,255,241,229,floor,0
8.333100,-1.468000,50.506599,237,228,221,floor,0
8.331900,-1.487700,50.506401,255,246,234,floor,0
8.309400,-1.515000,50.499001,255,255,255,floor,0
8.312200,-1.530500,50.498501,255,255,255,floor,0
8.312100,-1.541100,50.498501,255,255,255,floor,0
8.586500,-1.607400,50.708900,230,226,213,floor,0
8.591300,-1.614300,50.704498,212,210,196,floor,0
8.304100,-1.601200,50.499699,255,255,255,floor,0
8.302200,-1.617500,50.500301,255,255,255,floor,0
8.299600,-1.648000,50.500401,254,255,255,floor,0
8.299400,-1.655300,50.500198,255,255,255,floor,0
8.297500,-1.671800,50.500900,254,255,255,floor,0
8.294300,-1.703400,50.500401,254,255,255,floor,0
8.292700,-1.721900,50.500301,254,255,255,floor,0
8.291700,-1.726800,50.500401,254,255,255,floor,0
8.289300,-1.761400,50.500099,254,255,255,floor,0
8.288200,-1.779200,50.500599,255,255,255,floor,0
8.287100,-1.784200,50.500099,254,255,255,floor,0
8.284200,-1.807300,50.499901,255,255,255,floor,0
8.284100,-1.835500,50.500000,255,255,255,floor,0
8.283200,-1.846300,50.499901,255,255,255,floor,0
8.281600,-1.870600,50.499802,255,255,255,floor,0
8.281400,-1.896100,50.499802,255,255,255,floor,0
8.280500,-1.903400,50.499699,255,255,255,floor,0
8.277600,-1.930500,50.499500,255,255,255,floor,0
8.280100,-1.943500,50.499599,255,255,255,floor,0
8.278200,-1.965700,50.499199,255,255,255,floor,0
8.279100,-1.992500,50.499199,255,255,255,floor,0
8.565600,-1.303100,50.626499,255,225,213,floor,0
8.472200,-1.302500,50.575298,255,229,217,floor,0
8.385800,-1.302600,50.517502,255,235,224,floor,0
8.321700,-1.302500,50.458199,255,238,228,floor,0
8.417500,-1.357800,50.520302,231,223,216,floor,0
8.410900,-1.378700,50.520199,237,232,225,floor,0
8.413400,-1.383200,50.520802,255,238,228,floor,0
8.383500,-1.400000,50.509399,255,241,230,floor,0
8.383700,-1.422900,50.509499,255,239,228,floor,0
8.379100,-1.441300,50.509899,255,243,232,floor,0
8.379700,-1.468000,50.510502,255,244,233,floor,0
8.379400,-1.471700,50.510101,255,244,233,floor,0
8.375000,-1.505200,50.510601,255,246,235,floor,0
8.365900,-1.516600,50.510502,236,243,240,floor,0
8.371400,-1.532900,50.510799,245,244,239,floor,0
8.354500,-1.546800,50.509399,242,235,229,floor,0
8.606000,-1.604100,50.696999,216,214,196,floor,0
8.360100,-1.593200,50.510201,254,255,255,floor,0
8.357900,-1.613900,50.510399,254,255,255,floor,0
8.356100,-1.629000,50.509701,254,255,255,floor,0
8.354600,-1.648200,50.509998,253,255,255,floor,0
8.353200,-1.660800,50.509701,253,255,255,floor,0
8.350200,-1.679300,50.509499,252,255,255,floor,0
8.348800,-1.694000,50.509300,253,255,255,floor,0
8.344500,-1.721600,50.508499,246,255,255,floor,0
8.343800,-1.735000,50.508400,248,255,254,floor,0
8.341800,-1.759300,50.508301,246,255,254,floor,0
8.338000,-1.776900,50.507401,246,255,254,floor,0
8.336800,-1.797700,50.506802,245,255,254,floor,0
8.334800,-1.808200,50.506599,252,255,254,floor,0
8.332500,-1.834300,50.506302,247,253,250,floor,0
8.332400,-1.854000,50.506401,245,250,245,floor,0
8.330800,-1.878600,50.505501,238,242,238,floor,0
8.329600,-1.889100,50.505001,238,240,236,floor,0
8.328200,-1.914900,50.505001,229,233,223,floor,0
8.328800,-1.928500,50.505199,228,231,228,floor,0
8.325900,-1.943700,50.503601,222,227,213,floor,0
8.325500,-1.959700,50.503300,222,226,220,floor,0
8.316600,-1.988100,50.497299,241,243,243,floor,0
8.664000,-1.312000,50.674999,201,220,210,floor,0
8.552500,-1.300500,50.602200,229,222,214,floor,0
8.483300,-1.302900,50.545101,255,229,218,floor,0
8.406200,-1.303200,50.502499,255,236,226,floor,0
8.320700,-1.303400,50.440800,255,239,230,floor,0
8.459200,-1.357900,50.522900,232,224,217,floor,0
8.455900,-1.376000,50.524101,233,225,218,floor,0
8.449900,-1.403900,50.523701,255,239,228,floor,0
8.444900,-1.423000,50.522499,233,225,218,floor,0
8.436500,-1.441100,50.522499,236,228,221,floor,0
8.433300,-1.453200,50.523800,237,228,221,floor,0
8.440400,-1.466600,50.523602,255,243,232,floor,0
8.434400,-1.491900,50.522499,255,241,230,floor,0
8.430700,-1.504900,50.522301,240,231,224,floor,0
8.427800,-1.530900,50.522099,241,232,225,floor,0
8.421600,-1.545100,50.521400,244,237,231,floor,0
8.421700,-1.556000,50.521999,244,238,232,floor,0
8.417200,-1.582500,50.519798,244,235,228,floor,0
8.413900,-1.598000,50.519501,246,239,233,floor,0
8.385300,-1.622000,50.510101,255,255,255,floor,0
8.392700,-1.633400,50.508900,254,255,255,floor,0
8.391200,-1.659200,50.508999,255,255,255,floor,0
8.389100,-1.664800,50.508900,255,255,255,floor,0
8.387800,-1.696300,50.509300,254,255,255,floor,0
8.386800,-1.708700,50.509998,254,255,255,floor,0
8.385800,-1.720700,50.509602,255,255,255,floor,0
8.384100,-1.741600,50.509399,255,255,255,floor,0
8.383000,-1.765400,50.509998,255,255,255,floor,0
8.382100,-1.776500,50.509701,254,255,255,floor,0
8.379900,-1.807100,50.509701,253,255,255,floor,0
8.378700,-1.825700,50.509602,254,255,255,floor,0
8.456200,-1.845300,50.580898,248,239,232,floor,0
8.376100,-1.855100,50.509201,254,255,255,floor,0
8.375300,-1.866300,50.509499,255,255,255,floor,0
8.375500,-1.889200,50.509499,254,255,255,floor,0
8.373300,-1.919400,50.508999,255,255,255,floor,0
8.372100,-1.925700,50.509300,255,255,255,floor,0
8.370500,-1.946800,50.509399,255,255,255,floor,0
8.373000,-1.966700,50.509102,254,254,255,floor,0
8.372700,-1.976400,50.509399,255,255,255,floor,0
8.713300,-1.308500,50.676701,227,218,209,floor,0
8.664400,-1.312200,50.654598,203,221,212,floor,0
8.552100,-1.302400,50.569199,255,230,219,floor,0
8.474100,-1.301400,50.504501,230,223,217,floor,0
8.399300,-1.303200,50.462299,255,240,230,floor,0
8.513400,-1.357800,50.531300,255,233,223,floor,0
8.507300,-1.373700,50.532101,233,225,219,floor,0
8.506000,-1.386600,50.533298,237,231,225,floor,0
8.501500,-1.417800,50.531799,236,227,221,floor,0
8.496500,-1.426300,50.529400,236,228,221,floor,0
8.494100,-1.441000,50.530102,255,241,230,floor,0
8.463600,-1.465700,50.522800,255,243,232,floor,0
8.472200,-1.481800,50.521900,255,244,233,floor,0
8.471700,-1.496600,50.521301,255,244,234,floor,0
8.472200,-1.512300,50.523998,243,237,231,floor,0
8.465000,-1.526000,50.522900,243,237,231,floor,0
8.462500,-1.553500,50.523300,247,242,237,floor,0
8.461300,-1.572200,50.522701,245,239,233,floor,0
8.457100,-1.580900,50.523102,247,243,238,floor,0
8.453800,-1.600300,50.522499,246,239,234,floor,0
8.451800,-1.630000,50.521999,247,242,237,floor,0
8.438700,-1.645400,50.521301,255,254,242,floor,0
8.443300,-1.660800,50.521198,255,255,243,floor,0
8.440800,-1.673800,50.521999,247,242,237,floor,0
8.442800,-1.701400,50.522800,251,255,255,floor,0
8.443600,-1.707300,50.521702,250,255,255,floor,0
8.438200,-1.735600,50.521599,251,255,254,floor,0
8.438900,-1.743600,50.521500,250,255,254,floor,0
8.435200,-1.773600,50.521000,249,255,252,floor,0
8.435900,-1.780900,50.520802,248,255,255,floor,0
8.432800,-1.808700,50.520401,248,255,255,floor,0
8.431900,-1.826900,50.520199,248,255,252,floor,0
8.456100,-1.832700,50.564899,250,241,235,floor,0
8.428400,-1.857000,50.518799,246,255,251,floor,0
8.427400,-1.881700,50.518902,250,255,255,floor,0
8.426600,-1.886300,50.518600,249,255,254,floor,0
8.424500,-1.920800,50.518002,254,255,255,floor,0
8.424400,-1.929400,50.517899,255,255,255,floor,0
8.425000,-1.940600,50.518200,255,255,255,floor,0
8.423600,-1.971200,50.518002,254,254,255,floor,0
8.424500,-1.985600,50.518101,255,255,255,floor,0
8.777300,-1.307200,50.691700,190,219,212,floor,0
8.708500,-1.308700,50.637600,230,225,215,floor,0
8.665700,-1.310800,50.625401,227,218,210,floor,0
8.553800,-1.301200,50.530300,230,223,216,floor,0
8.477400,-1.301200,50.494598,231,224,218,floor,0
8.408000,-1.307500,50.429901,237,234,229,floor,0
8.561200,-1.359700,50.541698,233,225,218,floor,0
8.544900,-1.387500,50.530899,233,225,218,floor,0
8.540800,-1.398700,50.531300,238,232,226,floor,0
8.537300,-1.423900,50.532101,239,233,227,floor,0
8.533200,-1.432600,50.531799,237,229,223,floor,0
8.533000,-1.450100,50.532001,238,230,223,floor,0
8.528800,-1.472000,50.531898,255,242,232,floor,0
8.523600,-1.493500,50.531200,255,244,233,floor,0
8.521300,-1.511700,50.531799,241,233,226,floor,0
8.518200,-1.520700,50.532398,242,233,227,floor,0
8.516000,-1.547800,50.531601,212,229,237,floor,0
8.512400,-1.558500,50.532501,244,235,229,floor,0
8.508600,-1.573100,50.530499,255,249,238,floor,0
8.494400,-1.585900,50.528500,247,242,238,floor,0
8.500100,-1.615300,50.548801,247,241,237,floor,0
8.489000,-1.624100,50.527401,247,243,238,floor,0
8.498400,-1.651900,50.535400,248,242,238,floor,0
8.492200,-1.670600,50.527401,255,255,244,floor,0
8.493100,-1.678800,50.529598,250,241,234,floor,0
8.494600,-1.699200,50.530998,249,242,237,floor,0
8.490500,-1.709200,50.528599,249,243,237,floor,0
8.477300,-1.741600,50.520699,205,208,195,floor,0
8.482300,-1.754500,50.525398,207,211,197,floor,0
8.474600,-1.761000,50.519901,253,255,255,floor,0
8.472600,-1.784100,50.520000,254,255,255,floor,0
8.471100,-1.808500,50.519901,255,255,255,floor,0
8.469800,-1.816500,50.519299,255,255,255,floor,0
8.468200,-1.842000,50.519600,255,255,255,floor,0
8.468100,-1.852300,50.519600,255,255,255,floor,0
8.464900,-1.876300,50.519402,255,255,255,floor,0
8.466100,-1.889900,50.519402,255,255,255,floor,0
8.464700,-1.904900,50.519402,255,255,255,floor,0
8.465000,-1.930500,50.519402,255,255,255,floor,0
8.464400,-1.941500,50.519402,254,254,255,floor,0
8.463800,-1.972300,50.519402,255,255,255,floor,0
8.463700,-1.977900,50.519402,254,254,255,floor,0
8.805500,-1.307000,50.695400,229,221,214,floor,0
8.781000,-1.306600,50.665298,205,220,212,floor,0
8.710300,-1.308500,50.635101,230,225,215,floor,0
8.651500,-1.307700,50.577000,254,230,220,floor,0
8.551000,-1.300600,50.506199,232,225,218,floor,0
8.479500,-1.300900,50.462799,233,227,221,floor,0
8.599800,-1.361100,50.543701,255,232,223,floor,0
8.599200,-1.379000,50.543201,236,231,225,floor,0
8.595500,-1.390200,50.544300,255,237,227,floor,0
8.590800,-1.411700,50.544102,255,238,228,floor,0
8.591000,-1.430300,50.544300,255,239,229,floor,0
8.581800,-1.436500,50.544498,255,236,227,floor,0
8.577400,-1.466600,50.543800,237,229,223,floor,0
8.576800,-1.475800,50.545399,240,231,225,floor,0
8.574400,-1.502900,50.543098,242,236,230,floor,0
8.575900,-1.509300,50.543098,255,241,231,floor,0
8.570900,-1.524000,50.542999,243,237,231,floor,0
8.554700,-1.542500,50.532001,244,238,233,floor,0
8.563200,-1.562300,50.540699,245,239,233,floor,0
8.558200,-1.576400,50.538502,255,248,238,floor,0
8.540200,-1.594800,50.530102,246,240,235,floor,0
8.536600,-1.613200,50.529999,255,248,238,floor,0
8.537100,-1.635400,50.530499,255,253,243,floor,0
8.532900,-1.642300,50.530701,255,253,243,floor,0
8.535600,-1.673400,50.530998,251,242,236,floor,0
8.532500,-1.690000,50.530201,255,255,245,floor,0
8.532500,-1.710600,50.531601,251,242,236,floor,0
8.527700,-1.729700,50.529999,255,255,245,floor,0
8.526700,-1.739100,50.531200,251,242,236,floor,0
8.521100,-1.761900,50.530602,251,242,236,floor,0
8.523200,-1.773200,50.529999,255,255,246,floor,0
8.519400,-1.799600,50.530998,253,255,255,floor,0
8.521300,-1.804700,50.530800,252,255,255,floor,0
8.521500,-1.827300,50.530602,253,255,255,floor,0
8.520400,-1.847800,50.530399,254,255,255,floor,0
8.520400,-1.855800,50.530998,254,255,255,floor,0
8.519400,-1.888700,50.530998,250,255,255,floor,0
8.516900,-1.902500,50.530399,249,254,255,floor,0
8.516800,-1.916200,50.530899,248,255,255,floor,0
8.516600,-1.940100,50.530399,247,255,253,floor,0
8.516800,-1.946100,50.530800,248,255,255,floor,0
8.515500,-1.967800,50.530201,248,255,255,floor,0
8.516700,-1.989600,50.531200,254,254,255,floor,0
8.966400,-1.309200,50.772400,209,215,205,floor,0
8.898600,-1.306500,50.734200,228,219,211,floor,0
8.787700,-1.307100,50.641800,240,226,217,floor,0
8.782000,-1.305900,50.636902,229,222,215,floor,0
8.718800,-1.308700,50.608200,250,226,216,floor,0
8.651700,-1.307900,50.556599,255,231,222,floor,0
8.555100,-1.300600,50.486301,233,226,221,floor,0
8.641800,-1.357700,50.551899,234,226,220,floor,0
8.653000,-1.377600,50.553501,235,228,221,floor,0
8.649600,-1.384700,50.554100,255,236,226,floor,0
8.644000,-1.402100,50.552898,255,237,227,floor,0
8.644300,-1.413200,50.553101,255,237,228,floor,0
8.622500,-1.429600,50.539501,238,231,224,floor,0
8.616200,-1.447300,50.540901,240,234,228,floor,0
8.616500,-1.468200,50.540100,240,233,226,floor,0
8.613200,-1.489000,50.540901,241,234,228,floor,0
8.609900,-1.504000,50.541901,242,234,228,floor,0
8.609100,-1.518300,50.541500,184,211,217,floor,0
8.608000,-1.531700,50.542702,255,242,233,floor,0
8.599700,-1.549000,50.545502,156,202,205,floor,0
8.594100,-1.562900,50.542400,255,244,235,floor,0
8.585300,-1.594900,50.542801,255,246,237,floor,0
8.590200,-1.599100,50.542999,255,250,240,floor,0
8.590200,-1.613800,50.542900,255,251,241,floor,0
8.580700,-1.645500,50.542801,255,253,243,floor,0
8.588300,-1.652000,50.542900,249,243,238,floor,0
8.586000,-1.680900,50.542801,252,243,237,floor,0
8.588100,-1.692400,50.544498,252,243,237,floor,0
8.584400,-1.708100,50.542801,248,242,237,floor,0
8.577500,-1.723700,50.541599,249,241,235,floor,0
8.577200,-1.739300,50.542301,250,244,239,floor,0
8.584200,-1.756700,50.554501,252,243,237,floor,0
8.577200,-1.771800,50.542099,252,243,237,floor,0
8.575300,-1.790400,50.541698,255,255,246,floor,0
8.566400,-1.814300,50.540298,252,243,237,floor,0
8.555300,-1.835400,50.533600,213,216,206,floor,0
8.571800,-1.855100,50.542000,228,235,228,floor,0
8.570100,-1.862000,50.542400,217,225,216,floor,0
8.569600,-1.889800,50.542400,221,227,218,floor,0
8.569600,-1.895200,50.541901,224,228,219,floor,0
8.569200,-1.918700,50.542000,220,229,217,floor,0
8.568300,-1.940400,50.541901,220,226,212,floor,0
8.569100,-1.943300,50.542301,221,228,218,floor,0
8.568700,-1.975200,50.542500,221,228,212,floor,0
8.567200,-1.991500,50.541599,222,227,211,floor,0
8.967400,-1.308600,50.768398,209,215,205,floor,0
8.908300,-1.307400,50.717602,199,218,211,floor,0
8.831300,-1.307400,50.646702,245,228,218,floor,0
8.781700,-1.307400,50.608398,251,229,219,floor,0
8.718300,-1.308300,50.564999,253,231,222,floor,0
8.647900,-1.309300,50.525501,255,234,224,floor,0
8.565500,-1.304000,50.456600,255,239,231,floor,0
8.690800,-1.364800,50.554100,255,235,226,floor,0
8.691100,-1.372300,50.554401,255,235,226,floor,0
8.684700,-1.401200,50.554199,233,226,220,floor,0
8.684600,-1.407100,50.554298,237,230,224,floor,0
8.677800,-1.436400,50.554600,255,239,230,floor,0
8.672500,-1.449300,50.554901,239,232,226,floor,0
8.664800,-1.453000,50.555099,255,240,231,floor,0
8.669500,-1.481700,50.554901,241,234,228,floor,0
8.663600,-1.499600,50.555000,242,235,229,floor,0
8.660600,-1.508500,50.554798,242,235,229,floor,0
8.659500,-1.532400,50.554100,255,245,236,floor,0
8.652500,-1.537900,50.553699,244,237,231,floor,0
8.655200,-1.557900,50.554001,245,238,232,floor,0
8.643800,-1.581200,50.552200,255,245,236,floor,0
8.643600,-1.595700,50.551899,255,246,237,floor,0
8.643200,-1.606500,50.551498,255,247,238,floor,0
8.623900,-1.631700,50.539001,255,253,243,floor,0
8.611900,-1.648900,50.541801,255,254,244,floor,0
8.611400,-1.666900,50.541100,255,255,246,floor,0
8.620700,-1.675200,50.540600,255,255,246,floor,0
8.615400,-1.692700,50.540199,255,255,246,floor,0
8.611800,-1.710600,50.541500,255,255,246,floor,0
8.611200,-1.721400,50.540699,255,255,246,floor,0
8.605300,-1.750800,50.541901,248,243,238,floor,0
8.612200,-1.769500,50.541599,250,242,236,floor,0
8.612300,-1.775100,50.541302,250,242,236,floor,0
8.609200,-1.792200,50.541599,252,245,239,floor,0
8.609000,-1.806500,50.542301,252,245,239,floor,0
8.609000,-1.831700,50.542099,252,245,239,floor,0
8.606000,-1.843100,50.542099,252,245,239,floor,0
8.594500,-1.873300,50.542999,246,254,255,floor,0
8.606300,-1.882900,50.541698,250,255,255,floor,0
8.604600,-1.904300,50.542301,249,255,255,floor,0
8.605700,-1.917900,50.542301,249,255,255,floor,0
8.605200,-1.933800,50.542198,248,255,255,floor,0
8.605700,-1.947800,50.542702,253,254,255,floor,0
8.604100,-1.970500,50.542900,253,255,255,floor,0
8.604000,-1.989100,50.542702,249,254,255,floor,0
9.015200,-1.308200,50.778599,223,209,200,floor,0
8.960100,-1.309000,50.739601,212,217,207,floor,0
8.909700,-1.307600,50.698700,200,220,213,floor,0
8.846500,-1.307500,50.654400,231,226,217,floor,0
8.784100,-1.307300,50.605900,249,227,218,floor,0
8.726500,-1.308500,50.558800,253,232,222,floor,0
8.658300,-1.308800,50.508999,234,227,221,floor,0
8.725900,-1.360400,50.563301,255,234,225,floor,0
8.740400,-1.366400,50.564602,255,235,226,floor,0
8.726600,-1.389800,50.563900,255,236,227,floor,0
8.731000,-1.397700,50.563801,255,236,227,floor,0
8.726100,-1.418800,50.563301,254,235,226,floor,0
8.698300,-1.435100,50.551998,255,239,230,floor,0
8.720900,-1.454400,50.562500,255,237,228,floor,0
8.716000,-1.464500,50.561798,255,240,232,floor,0
8.697900,-1.492000,50.550999,242,237,231,floor,0
8.699800,-1.492800,50.552101,242,236,230,floor,0
8.693600,-1.522700,50.553001,244,237,232,floor,0
8.690500,-1.528800,50.553200,244,237,232,floor,0
8.681000,-1.556000,50.554798,246,239,233,floor,0
8.689700,-1.563900,50.554798,246,239,234,floor,0
8.682300,-1.582400,50.554001,255,248,240,floor,0
8.669000,-1.595400,50.554699,255,246,237,floor,0
8.678400,-1.614600,50.554798,255,251,242,floor,0
8.670300,-1.632500,50.554199,246,241,237,floor,0
8.678200,-1.643500,50.554501,255,253,244,floor,0
8.673900,-1.671100,50.553600,250,245,241,floor,0
8.670100,-1.678000,50.553600,250,245,241,floor,0
8.670900,-1.698100,50.554501,167,170,178,floor,0
8.664300,-1.724800,50.553902,255,255,247,floor,0
8.666700,-1.733800,50.554100,250,245,241,floor,0
8.659800,-1.756700,50.553902,255,255,247,floor,0
8.664100,-1.764200,50.553501,255,255,248,floor,0
8.657400,-1.788600,50.553699,253,246,240,floor,0
8.659800,-1.806900,50.553699,255,255,248,floor,0
8.660000,-1.816700,50.554100,253,246,241,floor,0
8.652300,-1.836500,50.552101,250,243,238,floor,0
8.659500,-1.853400,50.555000,250,244,238,floor,0
8.652200,-1.864600,50.552200,253,246,241,floor,0
8.654100,-1.892100,50.552399,255,255,249,floor,0
8.648300,-1.898700,50.551300,255,255,249,floor,0
8.649600,-1.923600,50.551899,233,241,239,floor,0
8.653500,-1.938000,50.552799,234,245,241,floor,0
8.654000,-1.953800,50.553001,234,245,238,floor,0
8.653900,-1.972300,50.553101,234,246,241,floor,0
8.653800,-1.986500,50.553200,234,245,239,floor,0
9.070200,-1.307100,50.779800,221,206,195,floor,0
9.000200,-1.308600,50.740501,225,213,204,floor,0
8.967200,-1.308100,50.710499,235,220,209,floor,0
8.902700,-1.307300,50.664299,242,226,216,floor,0
8.837900,-1.307700,50.623199,249,229,220,floor,0
8.788100,-1.308400,50.568199,252,232,223,floor,0
8.714500,-1.310400,50.517502,255,235,226,floor,0
8.650300,-1.309000,50.474201,236,230,224,floor,0
8.771600,-1.371300,50.563301,237,230,224,floor,0
8.801600,-1.385800,50.590900,241,235,230,floor,0
8.767500,-1.403000,50.564899,253,234,226,floor,0
8.758900,-1.414400,50.564899,236,232,226,floor,0
8.763000,-1.424100,50.564800,254,235,227,floor,0
8.759300,-1.452700,50.565300,255,237,229,floor,0
8.745600,-1.458000,50.565102,255,237,229,floor,0
8.740700,-1.482700,50.564701,255,238,230,floor,0
8.750100,-1.487600,50.564999,255,239,231,floor,0
8.746200,-1.505200,50.565800,255,243,235,floor,0
8.735800,-1.528900,50.564201,255,244,236,floor,0
8.736300,-1.543500,50.564800,255,245,237,floor,0
8.731300,-1.553600,50.563900,255,243,235,floor,0
8.725800,-1.567100,50.562599,255,247,239,floor,0
8.731400,-1.589600,50.563900,255,248,241,floor,0
8.726000,-1.599600,50.562698,255,249,241,floor,0
8.725700,-1.624700,50.562302,255,251,243,floor,0
8.723700,-1.635900,50.562000,228,241,237,floor,0
8.714200,-1.655300,50.559200,255,254,246,floor,0
8.713800,-1.665900,50.558800,255,255,247,floor,0
8.687300,-1.692400,50.552502,250,245,241,floor,0
8.698500,-1.706500,50.551601,255,255,248,floor,0
8.686200,-1.712600,50.553200,255,255,247,floor,0
8.698900,-1.731700,50.551899,255,255,248,floor,0
8.694000,-1.748200,50.550999,251,246,242,floor,0
8.694500,-1.770600,50.551998,255,255,248,floor,0
8.690800,-1.784700,50.553001,255,255,248,floor,0
8.677800,-1.808600,50.553699,255,255,248,floor,0
8.681900,-1.819600,50.552898,255,255,249,floor,0
8.690500,-1.841800,50.552502,255,254,246,floor,0
8.677500,-1.855000,50.553200,255,255,249,floor,0
8.690200,-1.866700,50.552101,255,255,249,floor,0
8.686000,-1.887700,50.552601,255,255,249,floor,0
8.686900,-1.897400,50.552799,252,248,244,floor,0
8.686800,-1.914700,50.552399,253,248,244,floor,0
8.677500,-1.941100,50.553902,249,255,255,floor,0
8.688400,-1.947900,50.552898,255,255,255,floor,0
8.689300,-1.963900,50.553799,254,254,255,floor,0
8.687400,-1.987200,50.553600,252,255,255,floor,0
9.119400,-1.308300,50.786900,241,207,189,floor,0
9.064400,-1.307900,50.758301,207,209,197,floor,0
9.023600,-1.310700,50.733299,200,214,204,floor,0
8.954400,-1.308400,50.684601,243,223,212,floor,0
8.906200,-1.306600,50.632801,232,224,217,floor,0
8.846200,-1.307600,50.595699,250,231,222,floor,0
8.777400,-1.307600,50.527802,235,229,223,floor,0
8.720400,-1.311300,50.486301,236,231,225,floor,0
8.818100,-1.364400,50.572701,253,235,226,floor,0
8.813700,-1.370900,50.572300,253,235,227,floor,0
8.813600,-1.385400,50.572201,254,236,228,floor,0
8.813000,-1.410400,50.572399,244,237,232,floor,0
8.809000,-1.424300,50.571800,255,238,230,floor,0
8.804400,-1.438000,50.571400,253,236,228,floor,0
8.791100,-1.446300,50.566601,254,237,229,floor,0
8.787000,-1.462200,50.582600,140,161,179,floor,0
8.800100,-1.494000,50.576900,239,240,237,floor,0
8.775300,-1.494100,50.563099,255,242,234,floor,0
8.766900,-1.511200,50.563900,255,243,235,floor,0
8.767400,-1.525700,50.564400,255,241,234,floor,0
8.771000,-1.554800,50.563400,255,246,239,floor,0
8.767000,-1.557900,50.563900,255,246,239,floor,0
8.767300,-1.586700,50.564301,255,248,241,floor,0
8.763200,-1.604200,50.564602,255,249,242,floor,0
8.750600,-1.602800,50.565300,255,249,242,floor,0
8.758800,-1.621600,50.564400,255,247,240,floor,0
8.759100,-1.646600,50.564701,255,253,246,floor,0
8.754700,-1.656900,50.564499,255,254,247,floor,0
8.755300,-1.671300,50.565201,255,255,248,floor,0
8.737600,-1.699400,50.563499,227,243,240,floor,0
8.751100,-1.713800,50.563999,251,247,243,floor,0
8.747800,-1.731000,50.563099,248,247,243,floor,0
8.748000,-1.734600,50.563900,251,247,243,floor,0
8.731100,-1.761200,50.563099,255,255,248,floor,0
8.735400,-1.779600,50.563301,254,248,243,floor,0
8.735400,-1.793600,50.563202,255,255,249,floor,0
8.740500,-1.801300,50.563702,255,255,249,floor,0
8.730800,-1.828700,50.562599,255,255,249,floor,0
8.735400,-1.839800,50.563000,255,255,249,floor,0
8.735600,-1.857500,50.563202,255,255,250,floor,0
8.730300,-1.878200,50.561901,255,255,250,floor,0
8.726800,-1.882600,50.562500,250,246,242,floor,0
8.740600,-1.909700,50.566799,249,247,245,floor,0
8.743600,-1.921300,50.576900,251,247,244,floor,0
8.739600,-1.931800,50.570702,251,247,244,floor,0
8.730300,-1.948900,50.561798,255,255,250,floor,0
8.732300,-1.977900,50.563999,250,255,255,floor,0
8.737400,-1.982600,50.565102,254,255,255,floor,0
9.712900,-1.508400,51.268200,141,81,51,floor,0
9.025600,-1.311000,50.715302,199,215,206,floor,0
8.954300,-1.308500,50.647598,246,224,213,floor,0
8.890400,-1.306900,50.592300,234,227,221,floor,0
8.820100,-1.308400,50.541599,252,234,225,floor,0
8.787700,-1.307800,50.524799,253,234,226,floor,0
8.715800,-1.312700,50.467499,237,232,226,floor,0
8.845000,-1.368100,50.571800,252,235,227,floor,0
8.849500,-1.383100,50.571602,253,236,228,floor,0
8.845300,-1.400600,50.572201,253,237,229,floor,0
8.847100,-1.409100,50.572800,245,237,233,floor,0
8.840800,-1.425200,50.572498,254,238,231,floor,0
8.835100,-1.448400,50.574402,245,238,234,floor,0
8.836300,-1.460500,50.572601,253,238,230,floor,0
8.822600,-1.476600,50.572300,242,237,232,floor,0
8.827700,-1.484500,50.572899,254,239,231,floor,0
8.822600,-1.504700,50.572201,243,238,234,floor,0
8.823100,-1.519700,50.572899,255,243,236,floor,0
8.819300,-1.536300,50.572800,244,240,236,floor,0
8.808200,-1.556700,50.571800,243,239,235,floor,0
8.811900,-1.563900,50.572399,246,241,237,floor,0
8.809500,-1.589200,50.571899,255,248,241,floor,0
8.792400,-1.604400,50.567699,255,246,239,floor,0
8.804300,-1.613400,50.570801,255,250,243,floor,0
8.782700,-1.634500,50.561001,255,252,245,floor,0
8.783000,-1.641700,50.561298,255,253,246,floor,0
8.792500,-1.668500,50.567600,255,250,243,floor,0
8.779300,-1.680600,50.561798,255,255,248,floor,0
8.782800,-1.691500,50.560902,255,255,248,floor,0
8.770900,-1.708300,50.562801,255,255,248,floor,0
8.770800,-1.729600,50.562698,255,255,249,floor,0
8.758700,-1.746300,50.563900,255,252,245,floor,0
8.775000,-1.768900,50.562000,255,255,249,floor,0
8.774900,-1.779600,50.561901,255,255,249,floor,0
8.764800,-1.800100,50.562302,251,246,242,floor,0
8.770500,-1.807500,50.562199,255,255,250,floor,0
8.770600,-1.818100,50.562302,255,255,250,floor,0
8.766200,-1.842400,50.562199,255,255,250,floor,0
8.771100,-1.860600,50.562698,255,255,250,floor,0
8.766400,-1.881300,50.562500,255,255,250,floor,0
8.762500,-1.888100,50.563099,255,255,250,floor,0
8.762400,-1.898700,50.562901,255,255,251,floor,0
8.773100,-1.920400,50.572701,227,242,243,floor,0
8.766200,-1.941100,50.562099,255,255,251,floor,0
8.766200,-1.958700,50.562000,255,255,251,floor,0
8.766200,-1.965800,50.561901,255,255,251,floor,0
8.768300,-1.985200,50.564301,255,255,255,floor,0
8.879400,-1.452800,50.579102,246,239,235,floor,0
8.865000,-1.463100,50.569599,246,239,236,floor,0
8.856900,-1.487800,50.569801,253,239,232,floor,0
8.850000,-1.501500,50.571800,255,242,236,floor,0
8.845100,-1.518700,50.571701,255,243,237,floor,0
8.850300,-1.530100,50.572102,255,244,238,floor,0
8.845500,-1.547300,50.571999,255,245,239,floor,0
8.845700,-1.565100,50.572201,255,246,240,floor,0
8.845800,-1.582900,50.572300,255,247,241,floor,0
8.841100,-1.585900,50.572300,255,247,241,floor,0
8.835500,-1.607600,50.573898,251,245,243,floor,0
8.836900,-1.620900,50.572800,255,246,240,floor,0
8.836000,-1.641600,50.572601,250,246,243,floor,0
8.832700,-1.662400,50.573399,249,245,242,floor,0
8.829000,-1.672500,50.571899,192,238,241,floor,0
8.819000,-1.689800,50.573002,255,255,248,floor,0
8.828300,-1.697900,50.573002,255,254,248,floor,0
8.819500,-1.725200,50.573399,255,255,249,floor,0
8.819400,-1.739300,50.573299,255,255,249,floor,0
8.807700,-1.745100,50.572201,209,212,219,floor,0
8.824700,-1.772600,50.574699,254,250,247,floor,0
8.819500,-1.784100,50.573299,254,250,247,floor,0
8.819300,-1.804100,50.573799,254,251,247,floor,0
8.819400,-1.812600,50.573399,254,251,247,floor,0
8.816400,-1.835500,50.573299,255,251,247,floor,0
8.816500,-1.846700,50.572899,255,251,247,floor,0
8.816000,-1.858300,50.574001,255,251,247,floor,0
8.810200,-1.881100,50.572899,251,247,244,floor,0
8.798900,-1.895600,50.571301,255,251,247,floor,0
8.815600,-1.912000,50.574501,255,251,248,floor,0
8.809300,-1.926100,50.587399,253,249,247,floor,0
8.812500,-1.937500,50.574100,251,248,244,floor,0
8.806800,-1.954600,50.573299,255,252,248,floor,0
8.812600,-1.971200,50.573601,255,252,249,floor,0
8.794200,-1.993500,50.568600,235,239,232,floor,0
8.853800,-1.728400,50.570801,255,254,249,floor,0
8.833100,-1.733700,50.573299,255,255,249,floor,0
8.850700,-1.759900,50.571999,255,254,249,floor,0
8.846400,-1.773600,50.572601,255,255,249,floor,0
8.850500,-1.784400,50.571701,255,254,249,floor,0
8.850400,-1.798400,50.571499,255,255,249,floor,0
8.841800,-1.818700,50.572498,255,255,250,floor,0
8.831300,-1.828800,50.573101,254,251,248,floor,0
8.841700,-1.843200,50.572399,255,255,250,floor,0
8.837900,-1.867500,50.573502,255,255,250,floor,0
8.842400,-1.885300,50.573101,255,255,251,floor,0
8.821900,-1.889000,50.573700,255,251,248,floor,0
8.841900,-1.913100,50.572498,255,255,251,floor,0
8.824600,-1.925800,50.573700,255,255,251,floor,0
8.843000,-1.932800,50.573002,255,252,249,floor,0
8.839600,-1.961300,50.573799,255,253,250,floor,0
8.839500,-1.969800,50.574001,255,253,250,floor,0
8.845800,-1.989600,50.574001,255,255,255,floor,0
8.892500,-1.834800,50.582699,254,251,249,floor,0
8.889400,-1.848500,50.582001,255,249,245,floor,0
8.891100,-1.865600,50.583099,250,248,245,floor,0
8.891200,-1.872500,50.583599,252,250,248,floor,0
9.710800,-1.933500,51.271801,164,100,58,floor,0
8.889600,-1.903200,50.582500,254,252,250,floor,0
8.887400,-1.930000,50.590801,255,252,250,floor,0
8.887100,-1.939900,50.581299,249,247,244,floor,0
8.884900,-1.959000,50.581299,255,254,251,floor,0
8.886900,-1.968200,50.581600,254,253,250,floor,0
8.880900,-1.990000,50.582298,255,255,255,floor,0
14.538300,-2.513700,51.297401,128,132,128,floor,1
14.542400,-2.495900,51.298100,129,132,128,floor,1
14.542200,-2.475100,51.298199,130,138,128,floor,1
14.546900,-2.460100,51.298599,132,137,131,floor,1
14.548700,-2.429600,51.298599,135,141,132,floor,1
14.551700,-2.405100,51.298698,142,151,142,floor,1
14.551500,-2.394600,51.298901,149,162,145,floor,1
14.554700,-2.368800,51.299099,157,172,156,floor,1
14.487800,-2.581700,51.289902,118,120,121,floor,1
14.488900,-2.563500,51.290298,120,124,121,floor,1
14.493300,-2.540000,51.290600,121,128,125,floor,1
14.493200,-2.534900,51.290699,122,128,124,floor,1
14.496900,-2.497100,51.291698,127,130,127,floor,1
14.498800,-2.486800,51.291500,125,131,127,floor,1
14.501100,-2.467200,51.292198,127,134,130,floor,1
14.503800,-2.455700,51.292599,128,134,133,floor,1
14.505100,-2.424700,51.292900,137,143,135,floor,1
14.507800,-2.408000,51.293400,149,160,142,floor,1
14.511200,-2.385800,51.293201,153,170,149,floor,1
14.510900,-2.365000,51.293499,156,169,156,floor,1
14.439800,-2.617100,51.283401,114,118,117,floor,1
14.442700,-2.598300,51.283501,116,119,118,floor,1
14.444800,-2.572400,51.284401,117,120,120,floor,1
14.446100,-2.566400,51.284599,118,121,121,floor,1
14.449600,-2.534400,51.285500,120,124,124,floor,1
14.451500,-2.528400,51.285099,123,125,127,floor,1
14.453400,-2.497300,51.286301,125,129,129,floor,1
14.456500,-2.488100,51.286201,124,131,128,floor,1
14.459000,-2.461800,51.286900,125,132,129,floor,1
14.463800,-2.436100,51.286598,133,142,133,floor,1
14.463700,-2.424900,51.286800,143,152,143,floor,1
14.465700,-2.409400,51.286400,153,166,153,floor,1
14.467900,-2.384700,51.287201,153,166,152,floor,1
13.290900,-2.219900,51.793201,85,95,100,floor,1
14.393800,-2.642400,51.276501,109,115,116,floor,1
14.397600,-2.620100,51.277100,115,118,118,floor,1
14.398100,-2.606400,51.277802,115,119,119,floor,1
14.401600,-2.581000,51.278801,116,120,120,floor,1
14.401600,-2.578100,51.278801,117,119,120,floor,1
14.407100,-2.548600,51.279099,119,125,122,floor,1
14.408500,-2.534800,51.279202,120,126,122,floor,1
14.411800,-2.504300,51.280201,125,127,127,floor,1
14.413900,-2.483500,51.281200,127,131,127,floor,1
14.418100,-2.469400,51.281399,125,129,129,floor,1
14.418600,-2.450400,51.280998,133,138,137,floor,1
14.421300,-2.439300,51.281200,140,148,138,floor,1
14.422300,-2.406200,51.281799,149,165,149,floor,1
14.424400,-2.392000,51.282398,150,167,147,floor,1
14.424900,-2.384900,51.281898,150,164,147,floor,1
14.353600,-2.648800,51.271599,109,113,115,floor,1
14.355900,-2.617200,51.271999,116,119,118,floor,1
14.358000,-2.596100,51.272800,115,119,118,floor,1
14.360400,-2.592200,51.273201,115,119,120,floor,1
14.363900,-2.568100,51.273899,118,121,121,floor,1
14.365400,-2.542100,51.273899,121,124,121,floor,1
14.369400,-2.515900,51.274200,122,125,120,floor,1
14.375400,-2.497200,51.275200,123,129,126,floor,1
14.377600,-2.477600,51.275799,124,131,128,floor,1
14.375700,-2.469900,51.275002,129,133,129,floor,1
14.379500,-2.441300,51.275398,156,159,150,floor,1
14.379100,-2.431600,51.275799,149,165,148,floor,1
14.383100,-2.401700,51.276100,152,164,147,floor,1
14.384500,-2.389700,51.276299,150,164,150,floor,1
14.384900,-2.364900,51.277199,153,167,152,floor,1
14.311600,-2.649200,51.265900,107,111,117,floor,1
14.313800,-2.635100,51.266499,110,115,114,floor,1
14.315500,-2.611500,51.267601,115,120,118,floor,1
14.316600,-2.603000,51.267899,116,120,119,floor,1
14.320000,-2.577600,51.268501,114,121,122,floor,1
14.325400,-2.547100,51.268501,119,124,122,floor,1
14.325100,-2.529200,51.270000,121,125,124,floor,1
14.329800,-2.512800,51.269600,125,126,127,floor,1
14.332400,-2.489800,51.269699,127,131,130,floor,1
14.334600,-2.470500,51.270199,135,146,132,floor,1
14.334900,-2.464700,51.269901,148,154,139,floor,1
14.338600,-2.433700,51.270500,158,165,144,floor,1
14.341500,-2.421800,51.270302,152,167,146,floor,1
14.342700,-2.403300,51.270500,150,166,148,floor,1
14.344800,-2.379700,51.271099,151,166,155,floor,1
14.269500,-2.661600,51.259602,105,109,110,floor,1
14.271400,-2.649600,51.260399,105,110,114,floor,1
14.275800,-2.624600,51.261200,114,117,118,floor,1
14.280500,-2.612600,51.261700,115,120,122,floor,1
14.280900,-2.578200,51.262699,115,121,120,floor,1
14.283000,-2.559500,51.263302,118,123,120,floor,1
14.284500,-2.551100,51.263000,120,125,123,floor,1
14.290500,-2.521000,51.263500,124,126,123,floor,1
14.292500,-2.504000,51.264198,126,127,132,floor,1
14.293700,-2.484200,51.264400,141,146,139,floor,1
14.296100,-2.469000,51.264500,155,163,156,floor,1
14.299500,-2.447000,51.265202,156,163,156,floor,1
14.299900,-2.431900,51.266102,156,168,149,floor,1
14.300500,-2.421200,51.265499,154,167,151,floor,1
14.303800,-2.389500,51.266201,154,165,157,floor,1
14.305400,-2.379600,51.265999,158,167,151,floor,1
14.186400,-2.684600,51.272400,82,74,90,floor,1
14.228200,-2.670900,51.254200,102,107,112,floor,1
14.232300,-2.644600,51.255199,109,114,115,floor,1
14.231800,-2.640000,51.255699,108,114,115,floor,1
14.237500,-2.613500,51.256199,115,120,122,floor,1
14.240200,-2.588800,51.257301,116,121,122,floor,1
14.241400,-2.576000,51.257401,116,122,118,floor,1
14.245100,-2.565900,51.257500,116,123,119,floor,1
14.249400,-2.532700,51.258400,121,127,124,floor,1
14.249000,-2.520800,51.258801,122,129,121,floor,1
14.252900,-2.501200,51.258701,135,141,134,floor,1
14.254700,-2.483500,51.259399,154,163,148,floor,1
14.255700,-2.475100,51.259800,154,166,155,floor,1
14.260500,-2.442200,51.260101,153,168,157,floor,1
14.262400,-2.430700,51.259499,157,169,150,floor,1
14.266700,-2.404100,51.260300,155,167,155,floor,1
14.266600,-2.395600,51.260502,154,166,155,floor,1
14.270000,-2.375400,51.261002,156,170,153,floor,1
14.155800,-2.682100,51.267200,81,71,93,floor,1
14.191400,-2.661200,51.249199,107,113,117,floor,1
14.195200,-2.636100,51.250401,111,118,119,floor,1
14.199000,-2.627100,51.250198,114,119,121,floor,1
14.201600,-2.603700,51.251400,117,122,120,floor,1
14.203900,-2.584800,51.251598,117,123,123,floor,1
14.207600,-2.566600,51.252998,117,124,122,floor,1
14.207800,-2.546700,51.252899,120,125,126,floor,1
14.211100,-2.534800,51.253201,123,127,126,floor,1
14.212700,-2.514800,51.254101,131,136,137,floor,1
14.215000,-2.490200,51.254398,155,168,154,floor,1
14.217900,-2.479000,51.253799,153,168,151,floor,1
14.219600,-2.459700,51.254601,158,170,150,floor,1
14.224500,-2.438100,51.254700,156,168,153,floor,1
14.224100,-2.429000,51.255100,153,168,150,floor,1
14.228800,-2.401600,51.255299,151,168,149,floor,1
14.230000,-2.386600,51.255402,154,167,151,floor,1
14.231200,-2.367800,51.255501,153,170,151,floor,1
14.156100,-2.666800,51.244099,106,112,117,floor,1
14.156200,-2.653500,51.243999,111,117,118,floor,1
14.159100,-2.633200,51.244801,117,122,122,floor,1
14.164100,-2.611900,51.245701,118,125,124,floor,1
14.164700,-2.592300,51.246300,120,125,124,floor,1
14.166000,-2.588800,51.246201,120,126,125,floor,1
14.172300,-2.560200,51.247002,123,128,126,floor,1
14.171600,-2.543200,51.247799,123,128,126,floor,1
14.175100,-2.522500,51.247898,139,147,136,floor,1
14.177600,-2.510800,51.249001,152,167,148,floor,1
14.181100,-2.485500,51.249100,156,168,147,floor,1
14.184300,-2.466300,51.249599,158,168,152,floor,1
14.186000,-2.449800,51.249001,155,169,152,floor,1
14.187200,-2.432600,51.250401,154,169,156,floor,1
14.187500,-2.425200,51.250000,158,170,153,floor,1
14.190700,-2.403900,51.250401,152,169,154,floor,1
14.194000,-2.380600,51.250999,155,170,151,floor,1
14.195500,-2.367400,51.250500,154,169,151,floor,1
14.083200,-2.682000,51.258499,83,76,97,floor,1
14.117800,-2.663500,51.238499,112,117,117,floor,1
14.121800,-2.641700,51.238998,113,120,122,floor,1
14.124200,-2.619800,51.240398,120,128,123,floor,1
14.128200,-2.605800,51.240898,121,129,126,floor,1
14.130900,-2.590000,51.241699,120,130,129,floor,1
14.133300,-2.572400,51.241600,123,130,127,floor,1
14.135100,-2.553000,51.242199,123,131,127,floor,1
14.136300,-2.541500,51.242199,124,131,124,floor,1
14.140700,-2.518400,51.242298,151,162,149,floor,1
14.140500,-2.501700,51.243900,153,166,150,floor,1
14.142900,-2.492700,51.243900,153,169,150,floor,1
14.149000,-2.461100,51.243599,153,166,147,floor,1
14.147900,-2.455900,51.244801,154,167,149,floor,1
14.150500,-2.437700,51.244499,156,166,150,floor,1
14.154500,-2.413100,51.245098,152,169,154,floor,1
14.154800,-2.403100,51.244801,155,167,150,floor,1
14.156500,-2.385800,51.245499,153,167,156,floor,1
14.159700,-2.353500,51.245899,154,166,153,floor,1
14.063400,-2.681500,51.255798,85,73,95,floor,1
14.084000,-2.669900,51.233501,105,112,119,floor,1
14.085800,-2.656100,51.233898,112,117,123,floor,1
14.088700,-2.637100,51.234600,114,122,119,floor,1
14.091300,-2.615500,51.235401,121,126,125,floor,1
14.094300,-2.594700,51.236099,122,129,128,floor,1
14.096800,-2.586000,51.235600,124,130,125,floor,1
14.098500,-2.562500,51.236599,123,130,131,floor,1
14.102100,-2.547700,51.237701,123,131,126,floor,1
14.103900,-2.527600,51.238098,134,144,134,floor,1
14.106700,-2.517100,51.238998,149,160,147,floor,1
14.105800,-2.504000,51.238602,154,167,149,floor,1
14.111200,-2.471200,51.238800,152,166,145,floor,1
14.112900,-2.461400,51.239498,155,166,150,floor,1
14.116800,-2.446000,51.238701,152,168,142,floor,1
14.117100,-2.424800,51.239899,151,166,149,floor,1
14.120600,-2.408400,51.239601,151,166,149,floor,1
14.121500,-2.395800,51.239899,153,164,148,floor,1
14.123900,-2.370300,51.239799,153,169,152,floor,1
14.009000,-2.681400,51.265900,65,60,94,floor,1
14.047500,-2.668300,51.227501,108,112,119,floor,1
14.051100,-2.647900,51.228298,116,119,119,floor,1
14.054600,-2.623200,51.229500,119,126,126,floor,1
14.056400,-2.612100,51.229900,119,126,126,floor,1
14.057300,-2.603500,51.230202,119,127,124,floor,1
14.060500,-2.586400,51.230301,120,128,127,floor,1
14.065600,-2.553700,51.232201,122,128,126,floor,1
14.066200,-2.546900,51.232800,121,128,125,floor,1
14.080500,-2.466700,51.234100,155,167,146,floor,1
14.079800,-2.450900,51.233601,152,168,153,floor,1
14.079500,-2.446600,51.234100,152,166,149,floor,1
14.083100,-2.425400,51.235199,155,167,151,floor,1
14.085400,-2.396900,51.235001,155,168,153,floor,1
14.087500,-2.380800,51.235298,154,169,152,floor,1
13.973200,-2.684500,51.241100,79,66,92,floor,1
14.011000,-2.682200,51.241901,60,56,81,floor,1
14.017000,-2.651800,51.223400,114,118,118,floor,1
14.019000,-2.634900,51.223598,118,121,120,floor,1
14.019500,-2.624800,51.224300,117,126,121,floor,1
14.024100,-2.597800,51.225300,120,126,124,floor,1
14.026200,-2.586700,51.225300,120,127,125,floor,1
14.028800,-2.569700,51.226101,119,125,124,floor,1
14.008000,-2.543300,51.243599,27,33,75,floor,1
13.947800,-2.681600,51.234600,79,78,88,floor,1
13.980600,-2.663000,51.218201,109,112,116,floor,1
13.981200,-2.650500,51.218800,114,117,119,floor,1
13.984900,-2.629700,51.219398,119,122,123,floor,1
13.986300,-2.620500,51.220402,118,124,125,floor,1
13.990400,-2.597100,51.220402,121,125,126,floor,1
13.994200,-2.582800,51.220798,119,127,125,floor,1
13.943800,-2.681000,51.225601,86,90,96,floor,1
13.948800,-2.651800,51.213501,112,118,119,floor,1
13.951100,-2.636100,51.214500,116,121,118,floor,1
13.951600,-2.627100,51.215199,119,124,121,floor,1
13.955700,-2.609700,51.215000,121,125,125,floor,1
13.958900,-2.585700,51.216202,120,126,126,floor,1
13.961900,-2.576600,51.216202,120,126,127,floor,1
13.880100,-2.682500,51.227798,81,76,93,floor,1
13.913000,-2.672700,51.207699,102,111,117,floor,1
13.916200,-2.650600,51.208900,114,120,121,floor,1
13.921200,-2.629400,51.210098,118,125,128,floor,1
13.922900,-2.610600,51.210499,120,127,131,floor,1
13.926400,-2.595000,51.211102,120,127,126,floor,1
13.930100,-2.579400,51.211201,120,127,127,floor,1
13.928500,-2.569600,51.212200,120,126,127,floor,1
13.882000,-2.659200,51.204201,111,116,121,floor,1
13.885600,-2.645400,51.204201,118,120,122,floor,1
13.889400,-2.627600,51.206001,120,125,126,floor,1
13.890700,-2.613000,51.205399,123,126,128,floor,1
13.895600,-2.585400,51.206402,122,126,128,floor,1
13.897200,-2.570800,51.207001,122,128,129,floor,1
13.901600,-2.554500,51.207802,117,122,121,floor,1
13.851500,-2.662000,51.198399,112,118,121,floor,1
13.852600,-2.646700,51.199501,115,122,122,floor,1
13.855900,-2.629900,51.200401,119,127,124,floor,1
13.857400,-2.617900,51.200802,124,125,128,floor,1
13.863800,-2.594500,51.201000,121,128,127,floor,1
13.863800,-2.579300,51.202499,124,128,131,floor,1
13.867500,-2.564700,51.202702,123,127,130,floor,1
13.810500,-2.679600,51.197899,99,98,112,floor,1
13.822300,-2.651200,51.195801,116,121,123,floor,1
13.824000,-2.635300,51.195999,119,122,122,floor,1
13.823800,-2.629000,51.196400,119,125,123,floor,1
13.828100,-2.610700,51.196800,122,128,129,floor,1
13.831400,-2.593100,51.197498,124,127,129,floor,1
13.832800,-2.584300,51.198299,123,128,127,floor,1
13.839100,-2.557100,51.198200,117,125,122,floor,1
13.752900,-2.681000,51.209099,78,78,91,floor,1
13.786400,-2.667500,51.189999,108,115,117,floor,1
13.790400,-2.643800,51.192600,117,121,121,floor,1
13.794800,-2.635200,51.192501,120,123,127,floor,1
13.797700,-2.613100,51.192001,123,126,128,floor,1
13.799600,-2.595700,51.193501,121,128,126,floor,1
13.797600,-2.594900,51.194099,124,128,128,floor,1
13.804100,-2.573400,51.193501,128,130,131,floor,1
13.794500,-2.545600,51.202202,31,31,71,floor,1
13.751100,-2.678700,51.186699,98,100,112,floor,1
13.755500,-2.663900,51.186901,110,116,118,floor,1
13.760900,-2.642800,51.188301,117,120,120,floor,1
13.763100,-2.629500,51.187500,120,123,126,floor,1
13.765700,-2.617700,51.187500,121,127,123,floor,1
13.768500,-2.601300,51.189201,122,127,127,floor,1
13.775600,-2.573700,51.189098,126,129,129,floor,1
13.694700,-2.680900,51.200001,81,76,89,floor,1
13.728700,-2.661300,51.183201,114,118,122,floor,1
13.728700,-2.657400,51.183399,114,117,119,floor,1
13.733100,-2.634800,51.183102,119,121,124,floor,1
13.734200,-2.618500,51.184601,120,125,127,floor,1
13.738500,-2.599000,51.184502,127,130,130,floor,1
13.743200,-2.584200,51.185501,129,132,132,floor,1
13.742600,-2.579500,51.184898,130,133,134,floor,1
13.748900,-2.555200,51.186501,116,125,124,floor,1
13.691300,-2.679100,51.186199,92,92,100,floor,1
13.700200,-2.657900,51.178799,114,117,120,floor,1
13.699500,-2.650200,51.178501,115,118,121,floor,1
13.703500,-2.632400,51.178799,120,124,125,floor,1
13.708000,-2.605300,51.180599,126,131,131,floor,1
13.711100,-2.591300,51.181000,129,134,132,floor,1
13.714300,-2.578900,51.181499,132,138,133,floor,1
13.715600,-2.575000,51.180599,130,137,131,floor,1
13.720300,-2.547700,51.181702,128,138,126,floor,1
13.721800,-2.540700,51.182098,130,138,134,floor,1
13.725400,-2.518800,51.183498,156,167,155,floor,1
13.629600,-2.691900,51.195202,87,73,91,floor,1
13.639700,-2.679500,51.191399,88,85,96,floor,1
13.665600,-2.670700,51.173698,109,113,119,floor,1
13.671700,-2.647600,51.174900,115,119,120,floor,1
13.673200,-2.636900,51.175598,116,122,123,floor,1
13.674800,-2.624500,51.175701,123,124,129,floor,1
13.679700,-2.608400,51.175800,127,132,133,floor,1
13.686400,-2.585300,51.177898,131,137,134,floor,1
13.686800,-2.576000,51.177101,133,139,133,floor,1
13.690700,-2.553500,51.177898,131,142,134,floor,1
13.692400,-2.541800,51.177898,135,145,135,floor,1
13.692200,-2.534900,51.178299,141,144,144,floor,1
13.695800,-2.510800,51.179798,172,182,168,floor,1
13.700200,-2.496600,51.179298,166,182,164,floor,1
13.702700,-2.481600,51.179298,168,183,166,floor,1
13.704000,-2.469100,51.180302,171,184,166,floor,1
13.706100,-2.448700,51.181400,168,185,167,floor,1
13.709000,-2.439000,51.180599,167,182,169,floor,1
13.711200,-2.422300,51.181301,173,183,170,floor,1
13.713900,-2.411700,51.181000,167,186,170,floor,1
13.714400,-2.393400,51.181801,169,185,165,floor,1
13.605900,-2.680500,51.188499,79,76,91,floor,1
13.639700,-2.678900,51.186798,90,92,101,floor,1
13.641400,-2.653500,51.170898,116,119,126,floor,1
13.641300,-2.648900,51.171200,115,119,120,floor,1
13.645200,-2.628300,51.171700,121,126,127,floor,1
13.649600,-2.606100,51.173100,130,135,135,floor,1
13.653500,-2.595400,51.173302,133,138,139,floor,1
13.655200,-2.582300,51.173302,137,139,139,floor,1
13.657700,-2.570700,51.173100,136,142,137,floor,1
13.662500,-2.549900,51.173500,139,145,139,floor,1
13.665500,-2.533700,51.174301,140,148,140,floor,1
13.667800,-2.518200,51.174900,160,173,156,floor,1
13.669400,-2.506600,51.175098,167,181,157,floor,1
13.673500,-2.487800,51.175400,169,185,166,floor,1
13.673200,-2.481600,51.175900,171,187,167,floor,1
13.677300,-2.461200,51.176201,169,187,161,floor,1
13.679500,-2.446300,51.176800,168,184,169,floor,1
13.681900,-2.434300,51.177101,173,185,168,floor,1
13.681900,-2.426500,51.177200,170,185,166,floor,1
13.686600,-2.405800,51.178001,170,183,167,floor,1
13.688200,-2.391400,51.178398,171,185,170,floor,1
13.690100,-2.375900,51.177700,169,187,164,floor,1
13.590300,-2.679600,51.185600,86,82,93,floor,1
13.609400,-2.661700,51.167702,113,118,121,floor,1
13.610300,-2.651800,51.167500,115,120,121,floor,1
13.614100,-2.632000,51.168900,121,126,127,floor,1
13.617600,-2.626700,51.167801,121,129,127,floor,1
13.621200,-2.612200,51.169300,129,135,136,floor,1
13.624500,-2.596100,51.168900,133,141,139,floor,1
13.627400,-2.575500,51.169800,136,142,142,floor,1
13.631100,-2.561000,51.171001,138,146,138,floor,1
13.635400,-2.544800,51.170101,140,147,138,floor,1
13.639600,-2.528700,51.172001,147,159,143,floor,1
13.640800,-2.514700,51.170700,166,181,168,floor,1
13.640700,-2.509400,51.171101,170,184,175,floor,1
13.643700,-2.496200,51.171799,174,187,171,floor,1
13.645300,-2.470900,51.174198,167,175,151,floor,1
13.644900,-2.459400,51.175301,161,172,148,floor,1
13.649000,-2.449800,51.175098,160,170,154,floor,1
13.651200,-2.425600,51.175900,161,172,148,floor,1
13.651900,-2.413800,51.176201,161,172,151,floor,1
13.654200,-2.395600,51.176601,159,170,145,floor,1
13.656700,-2.382800,51.176601,155,166,140,floor,1
13.660200,-2.366500,51.175900,144,154,138,floor,1
13.665200,-2.356500,51.175701,164,179,162,floor,1
13.547900,-2.682100,51.181301,90,80,92,floor,1
13.579500,-2.678400,51.175499,94,95,104,floor,1
13.580900,-2.657600,51.163601,116,121,124,floor,1
13.585900,-2.635700,51.165298,120,127,126,floor,1
13.586600,-2.628100,51.165401,125,133,131,floor,1
13.591400,-2.612200,51.165100,131,139,137,floor,1
13.592800,-2.604600,51.165699,135,141,138,floor,1
13.598800,-2.577200,51.166801,139,147,144,floor,1
13.601100,-2.565000,51.166801,139,153,142,floor,1
13.602200,-2.552900,51.168201,144,150,147,floor,1
13.607200,-2.536800,51.167599,143,151,139,floor,1
13.610300,-2.522200,51.167999,159,170,157,floor,1
13.613800,-2.507500,51.167599,173,188,171,floor,1
13.614600,-2.500600,51.167900,172,186,167,floor,1
13.618500,-2.481200,51.168098,177,191,173,floor,1
13.618200,-2.462300,51.171799,164,171,148,floor,1
13.619700,-2.449100,51.171700,166,171,153,floor,1
13.618300,-2.434700,51.173801,166,173,148,floor,1
13.622500,-2.422700,51.173100,169,175,155,floor,1
13.626100,-2.404700,51.174198,163,171,147,floor,1
13.626000,-2.400000,51.174400,165,174,150,floor,1
13.631200,-2.378200,51.173401,163,175,150,floor,1
13.630400,-2.372800,51.173500,165,173,149,floor,1
12.797700,-2.217900,51.704399,119,123,123,floor,1
13.539000,-2.679200,51.177799,87,83,93,floor,1
13.554700,-2.656000,51.159801,116,121,127,floor,1
13.558100,-2.644600,51.161301,118,125,129,floor,1
13.560500,-2.634100,51.161201,123,131,130,floor,1
13.562500,-2.618200,51.162399,132,138,139,floor,1
13.564700,-2.610600,51.162899,135,143,143,floor,1
13.568700,-2.594000,51.162800,137,147,143,floor,1
13.573000,-2.575100,51.164001,141,150,146,floor,1
13.574700,-2.557600,51.163502,141,155,148,floor,1
13.576900,-2.553800,51.164001,140,149,149,floor,1
13.582900,-2.529400,51.165199,146,158,148,floor,1
13.581400,-2.519500,51.165100,161,181,158,floor,1
13.584500,-2.511800,51.165100,171,189,170,floor,1
13.588400,-2.485700,51.165401,175,189,170,floor,1
13.592900,-2.474100,51.165798,181,196,184,floor,1
13.595200,-2.458900,51.168701,170,186,168,floor,1
13.593800,-2.444200,51.168098,175,188,167,floor,1
13.594600,-2.435700,51.167999,174,188,161,floor,1
13.596700,-2.419400,51.168800,167,179,163,floor,1
13.602000,-2.402800,51.169399,162,171,149,floor,1
13.600300,-2.394400,51.169899,163,173,152,floor,1
13.602700,-2.375300,51.169800,160,172,149,floor,1
13.605600,-2.367400,51.170502,163,170,152,floor,1
13.493500,-2.682000,51.171799,87,77,89,floor,1
13.522900,-2.672300,51.155602,110,118,121,floor,1
13.527100,-2.653700,51.156700,118,124,129,floor,1
13.531200,-2.640000,51.157101,122,128,129,floor,1
13.532700,-2.627900,51.157501,132,139,140,floor,1
13.536300,-2.610600,51.159199,141,149,152,floor,1
13.537900,-2.600800,51.159100,141,151,146,floor,1
13.543300,-2.581200,51.159302,142,152,150,floor,1
13.546500,-2.569800,51.158699,141,152,149,floor,1
13.550300,-2.553800,51.159199,145,152,150,floor,1
13.549100,-2.547200,51.160801,140,152,146,floor,1
13.557500,-2.522800,51.161400,158,173,158,floor,1
13.557500,-2.509800,51.161499,171,190,170,floor,1
13.562300,-2.494400,51.161098,174,188,172,floor,1
13.562900,-2.481500,51.161701,174,193,175,floor,1
13.563600,-2.475400,51.162102,174,194,176,floor,1
13.569000,-2.459800,51.162399,173,190,169,floor,1
13.570300,-2.442900,51.163300,174,192,167,floor,1
13.572600,-2.422700,51.163300,174,194,172,floor,1
13.576000,-2.415400,51.162201,175,194,172,floor,1
13.576700,-2.405300,51.162701,175,194,176,floor,1
13.578200,-2.392700,51.162998,173,194,176,floor,1
13.582000,-2.367400,51.163700,177,194,171,floor,1
13.583400,-2.362700,51.164200,178,191,174,floor,1
13.466800,-2.683200,51.168900,89,76,96,floor,1
13.482500,-2.678300,51.166698,91,86,103,floor,1
13.501300,-2.662700,51.152000,115,123,124,floor,1
13.503300,-2.642400,51.153500,127,134,134,floor,1
13.504600,-2.627300,51.154598,135,147,145,floor,1
13.507700,-2.622100,51.154301,137,146,145,floor,1
13.509100,-2.612400,51.155201,142,151,151,floor,1
13.515200,-2.592100,51.155998,144,154,159,floor,1
13.515100,-2.581200,51.156200,147,157,153,floor,1
13.521300,-2.563100,51.156399,143,155,150,floor,1
13.522100,-2.552200,51.157001,143,152,148,floor,1
13.526900,-2.531000,51.156898,146,159,157,floor,1
13.529800,-2.516600,51.157799,167,183,167,floor,1
13.532000,-2.504500,51.158600,175,193,170,floor,1
13.531600,-2.496500,51.159100,176,192,177,floor,1
13.538200,-2.477200,51.158401,175,194,175,floor,1
13.538700,-2.468900,51.159500,176,192,174,floor,1
13.546600,-2.447100,51.159100,175,194,182,floor,1
13.544200,-2.438000,51.159401,172,190,172,floor,1
13.545800,-2.430200,51.159302,174,192,174,floor,1
13.549600,-2.409100,51.159500,176,195,177,floor,1
13.554100,-2.394200,51.160000,176,193,181,floor,1
13.555100,-2.379000,51.159302,175,192,175,floor,1
13.554700,-2.372300,51.160702,173,192,178,floor,1
13.557000,-2.351600,51.160900,174,192,172,floor,1
13.436600,-2.690400,51.165001,92,77,95,floor,1
13.444400,-2.678700,51.164001,90,82,99,floor,1
13.470400,-2.667000,51.148300,113,121,125,floor,1
13.472600,-2.660300,51.148701,118,122,127,floor,1
13.476400,-2.640700,51.149799,130,140,138,floor,1
13.480100,-2.624300,51.150501,142,149,149,floor,1
13.481600,-2.618300,51.150799,146,153,149,floor,1
13.487600,-2.594300,51.152401,147,158,157,floor,1
13.490000,-2.579300,51.152199,147,157,157,floor,1
13.493000,-2.568000,51.152699,147,157,155,floor,1
13.497600,-2.553000,51.153400,143,152,150,floor,1
13.499600,-2.541800,51.154800,142,151,151,floor,1
13.501300,-2.531900,51.154202,144,154,147,floor,1
13.503700,-2.513000,51.154202,169,184,172,floor,1
13.506500,-2.501700,51.155499,172,187,168,floor,1
13.508100,-2.487300,51.155701,170,188,172,floor,1
13.511500,-2.471500,51.155499,175,188,173,floor,1
13.515200,-2.454300,51.155300,174,191,170,floor,1
13.516700,-2.446200,51.156399,174,190,174,floor,1
13.520600,-2.434100,51.155701,174,191,174,floor,1
13.521200,-2.416600,51.156898,175,190,177,floor,1
13.522900,-2.407200,51.156399,172,188,173,floor,1
13.528300,-2.386800,51.157101,173,192,176,floor,1
13.529200,-2.375900,51.156601,174,193,175,floor,1
13.529100,-2.363300,51.157398,175,195,176,floor,1
13.413400,-2.683700,51.160999,90,77,91,floor,1
13.443400,-2.671300,51.144798,116,120,125,floor,1
13.447200,-2.654100,51.145500,125,131,139,floor,1
13.446900,-2.647400,51.147202,128,140,148,floor,1
13.450700,-2.636900,51.147099,140,148,156,floor,1
13.455300,-2.616700,51.147701,138,151,155,floor,1
13.458500,-2.606200,51.147499,149,153,157,floor,1
13.464500,-2.586100,51.148499,150,157,160,floor,1
13.465100,-2.582300,51.149700,150,156,160,floor,1
13.469100,-2.562100,51.149502,144,156,154,floor,1
13.470500,-2.549300,51.150398,144,151,148,floor,1
13.473600,-2.538000,51.150398,145,153,152,floor,1
13.475800,-2.523000,51.151199,156,165,157,floor,1
13.481900,-2.512400,51.151600,172,185,168,floor,1
13.482800,-2.498000,51.151600,174,187,169,floor,1
13.482700,-2.485900,51.152000,173,184,168,floor,1
13.487400,-2.463800,51.152401,174,184,176,floor,1
13.488200,-2.460700,51.152302,169,185,170,floor,1
13.492100,-2.448400,51.152699,171,188,170,floor,1
13.494500,-2.430700,51.152699,178,189,170,floor,1
13.497600,-2.409100,51.153099,174,189,171,floor,1
13.496700,-2.406900,51.153599,168,190,169,floor,1
13.501300,-2.390500,51.154099,174,191,172,floor,1
13.503800,-2.368500,51.153599,175,191,171,floor,1
13.394600,-2.678500,51.158298,86,82,98,floor,1
13.419600,-2.666700,51.141701,116,123,131,floor,1
13.420100,-2.652500,51.143902,131,143,140,floor,1
13.424600,-2.638300,51.143902,141,152,161,floor,1
13.427700,-2.625600,51.144199,147,154,165,floor,1
13.431500,-2.615200,51.144402,145,155,157,floor,1
13.436600,-2.592800,51.146000,150,157,161,floor,1
13.436700,-2.586800,51.145901,148,157,164,floor,1
13.441300,-2.576300,51.145901,149,158,161,floor,1
13.445800,-2.559800,51.146999,145,157,155,floor,1
13.446700,-2.544100,51.146801,143,151,150,floor,1
13.448900,-2.530600,51.147301,150,157,157,floor,1
13.455700,-2.513200,51.148201,172,181,173,floor,1
13.453200,-2.504400,51.149502,173,185,171,floor,1
13.460200,-2.486100,51.149502,173,187,172,floor,1
13.458900,-2.483000,51.148399,174,185,170,floor,1
13.461000,-2.464100,51.149502,173,189,173,floor,1
13.464900,-2.446500,51.150002,178,186,176,floor,1
13.466400,-2.441200,51.150398,174,189,171,floor,1
13.470200,-2.422000,51.150799,171,188,176,floor,1
13.472600,-2.405800,51.151001,176,189,174,floor,1
13.475800,-2.391600,51.150299,174,190,173,floor,1
13.475900,-2.384600,51.150200,173,188,177,floor,1
13.477300,-2.368300,51.151199,175,189,177,floor,1
13.366300,-2.679200,51.154499,88,80,107,floor,1
13.392800,-2.665100,51.139400,125,130,135,floor,1
13.394400,-2.656200,51.139400,139,148,149,floor,1
13.399600,-2.639800,51.140499,141,156,164,floor,1
13.399600,-2.635200,51.140301,143,158,166,floor,1
13.404100,-2.615900,51.141300,147,161,169,floor,1
13.408600,-2.605400,51.141499,147,159,169,floor,1
13.409400,-2.592700,51.141998,157,166,169,floor,1
13.415900,-2.574100,51.143501,150,160,162,floor,1
13.414600,-2.571000,51.142799,150,164,164,floor,1
13.419900,-2.548600,51.143398,144,152,155,floor,1
13.423500,-2.537400,51.144600,143,149,148,floor,1
13.425700,-2.520900,51.145000,165,174,164,floor,1
13.428300,-2.513200,51.143902,167,185,170,floor,1
13.430200,-2.494600,51.146301,174,188,173,floor,1
13.434100,-2.484600,51.145802,174,187,170,floor,1
13.434900,-2.471000,51.146198,175,187,173,floor,1
13.438800,-2.457300,51.146099,170,187,171,floor,1
13.438700,-2.449800,51.146999,171,187,177,floor,1
13.441000,-2.436700,51.146702,172,186,172,floor,1
13.444700,-2.414600,51.147999,173,187,170,floor,1
13.446400,-2.403600,51.147400,173,185,171,floor,1
13.451000,-2.390400,51.147900,175,190,178,floor,1
13.450200,-2.381900,51.148102,173,191,173,floor,1
13.349300,-2.677800,51.149799,85,86,98,floor,1
13.368700,-2.657600,51.135700,142,152,159,floor,1
13.369300,-2.652300,51.136600,145,163,168,floor,1
13.375200,-2.635200,51.137299,147,163,169,floor,1
13.378900,-2.618800,51.138199,146,161,170,floor,1
13.381200,-2.608300,51.138302,153,169,177,floor,1
13.385600,-2.594200,51.139099,157,168,175,floor,1
13.385000,-2.589700,51.138901,152,166,171,floor,1
13.390200,-2.572500,51.139599,154,171,172,floor,1
13.392500,-2.563500,51.139900,154,166,167,floor,1
13.394700,-2.549300,51.140701,149,159,160,floor,1
13.400700,-2.527600,51.141201,155,166,161,floor,1
13.403000,-2.518500,51.140999,166,178,170,floor,1
13.405200,-2.502800,51.142200,174,186,174,floor,1
13.405200,-2.495300,51.142300,170,191,173,floor,1
13.407300,-2.474300,51.143902,172,179,172,floor,1
13.408700,-2.459300,51.145302,151,158,138,floor,1
13.410200,-2.451700,51.145500,148,157,141,floor,1
13.413300,-2.444700,51.144600,131,138,127,floor,1
13.419400,-2.421600,51.144699,164,179,163,floor,1
13.420200,-2.413900,51.145000,166,181,164,floor,1
13.420900,-2.406400,51.145699,165,181,164,floor,1
13.424100,-2.388400,51.145000,168,186,168,floor,1
13.427200,-2.372000,51.145199,172,190,171,floor,1
13.344500,-2.676700,51.139198,112,118,125,floor,1
13.345100,-2.659800,51.132999,149,174,185,floor,1
13.344300,-2.648600,51.134201,172,197,195,floor,1
13.354100,-2.623900,51.134201,168,195,191,floor,1
13.351800,-2.622500,51.134800,175,198,195,floor,1
13.357700,-2.603000,51.136002,180,206,199,floor,1
13.360000,-2.592600,51.135899,176,204,195,floor,1
13.364500,-2.577700,51.135799,186,204,198,floor,1
13.366000,-2.566400,51.136101,186,207,197,floor,1
13.370400,-2.546300,51.137199,173,193,183,floor,1
13.374100,-2.535800,51.138100,173,189,179,floor,1
13.374100,-2.532800,51.137501,172,187,182,floor,1
13.375600,-2.518500,51.138401,178,193,177,floor,1
13.378600,-2.506500,51.138500,175,191,175,floor,1
13.383900,-2.483900,51.139301,174,187,175,floor,1
13.381200,-2.470800,51.142899,168,182,161,floor,1
13.385100,-2.454700,51.142399,161,173,153,floor,1
13.385100,-2.452500,51.142601,163,175,153,floor,1
13.388000,-2.438200,51.143799,163,177,153,floor,1
13.389500,-2.426000,51.143902,161,175,150,floor,1
13.376900,-2.409900,51.155602,155,160,148,floor,1
13.394900,-2.397500,51.144199,164,172,148,floor,1
13.397900,-2.375900,51.144901,166,176,157,floor,1
13.400200,-2.364900,51.144600,157,169,144,floor,1
13.319300,-2.659800,51.128601,202,230,225,floor,1
13.323000,-2.644800,51.129299,204,231,224,floor,1
13.325100,-2.631300,51.132000,206,231,226,floor,1
13.328900,-2.617100,51.131401,199,223,215,floor,1
13.333400,-2.603700,51.132000,196,223,218,floor,1
13.334200,-2.593200,51.132599,200,223,216,floor,1
13.337100,-2.587300,51.132999,191,213,207,floor,1
13.340900,-2.570100,51.132801,187,211,201,floor,1
13.344000,-2.555200,51.134102,184,203,198,floor,1
13.345500,-2.549200,51.134201,183,203,194,floor,1
13.349200,-2.537900,51.134899,179,198,183,floor,1
13.350700,-2.526000,51.135300,177,195,183,floor,1
13.353800,-2.510100,51.134899,175,196,179,floor,1
13.358200,-2.489100,51.136200,173,191,176,floor,1
13.360300,-2.475600,51.137299,168,190,174,floor,1
13.359500,-2.463700,51.138802,160,172,151,floor,1
13.362500,-2.456100,51.138802,163,171,149,floor,1
13.364700,-2.445500,51.139702,162,174,154,floor,1
13.365400,-2.430300,51.140099,164,173,152,floor,1
13.373800,-2.411400,51.150902,170,184,171,floor,1
13.374000,-2.409800,51.154499,156,167,154,floor,1
13.373700,-2.384900,51.140499,157,171,145,floor,1
13.374400,-2.378100,51.141102,167,176,159,floor,1
13.302300,-2.629000,51.128201,203,230,229,floor,1
13.305300,-2.619300,51.127102,208,234,232,floor,1
13.309800,-2.598400,51.129299,201,229,225,floor,1
13.311300,-2.587200,51.129902,195,221,217,floor,1
13.314300,-2.581200,51.129799,202,227,220,floor,1
13.320300,-2.561000,51.130501,190,213,203,floor,1
13.321800,-2.548300,51.131302,190,209,201,floor,1
13.325600,-2.536200,51.130199,182,204,190,floor,1
13.327800,-2.522000,51.131599,178,199,185,floor,1
13.329300,-2.513800,51.132099,176,195,187,floor,1
13.331500,-2.498800,51.132801,173,192,180,floor,1
13.335300,-2.483800,51.133801,175,192,183,floor,1
13.335000,-2.472000,51.136501,167,183,166,floor,1
13.336700,-2.465100,51.135799,162,169,153,floor,1
13.339700,-2.443800,51.136200,162,174,153,floor,1
13.340500,-2.443000,51.136002,161,173,151,floor,1
13.345800,-2.418700,51.137001,163,174,148,floor,1
13.348800,-2.414000,51.137199,160,173,147,floor,1
13.349600,-2.399300,51.136299,157,172,148,floor,1
13.351800,-2.381000,51.137901,164,178,153,floor,1
13.351800,-2.378000,51.138302,163,177,155,floor,1
13.298900,-2.548100,51.126999,187,211,201,floor,1
13.303400,-2.528700,51.128899,185,205,199,floor,1
13.302700,-2.524900,51.128700,183,204,196,floor,1
13.307200,-2.506800,51.128899,180,198,185,floor,1
13.310200,-2.489600,51.130001,176,192,187,floor,1
13.311700,-2.482000,51.130299,179,197,180,floor,1
13.310800,-2.467300,51.133801,160,172,150,floor,1
13.312300,-2.461200,51.133499,160,172,149,floor,1
13.316000,-2.441500,51.134201,162,172,156,floor,1
13.319900,-2.435200,51.133499,163,175,155,floor,1
13.320600,-2.425400,51.133999,164,175,157,floor,1
13.329100,-2.409400,51.148201,154,168,152,floor,1
13.325900,-2.400000,51.134399,161,175,154,floor,1
13.328100,-2.376400,51.136101,167,177,160,floor,1
13.328100,-2.373200,51.136002,167,177,160,floor,1
13.286500,-2.501300,51.125500,172,191,181,floor,1
13.288000,-2.493800,51.126801,168,185,175,floor,1
13.295400,-2.472800,51.128899,172,194,179,floor,1
13.290300,-2.470500,51.128201,178,196,187,floor,1
13.296900,-2.448600,51.130199,173,183,167,floor,1
13.297600,-2.438800,51.130901,170,185,166,floor,1
13.299200,-2.425900,51.131100,167,184,162,floor,1
13.299200,-2.410700,51.132000,168,181,163,floor,1
13.300700,-2.399900,51.131901,167,179,159,floor,1
13.301400,-2.388500,51.133099,164,179,157,floor,1
13.302200,-2.382300,51.133202,163,179,156,floor,1
13.275000,-2.442600,51.124802,177,197,171,floor,1
13.275000,-2.435000,51.125401,176,196,176,floor,1
13.279400,-2.423800,51.126999,178,196,177,floor,1
13.279500,-2.409900,51.126801,177,198,176,floor,1
13.288300,-2.393800,51.127998,180,200,184,floor,1
13.283300,-2.384400,51.127300,180,200,181,floor,1
13.260100,-2.407100,51.123402,177,195,183,floor,1
13.260900,-2.399300,51.123199,181,197,187,floor,1
13.230700,-2.443400,51.119301,181,197,181,floor,1
13.235200,-2.422600,51.119400,179,193,182,floor,1
13.235300,-2.417900,51.118999,182,200,189,floor,1
13.237600,-2.398800,51.120602,182,200,190,floor,1
13.241400,-2.385500,51.119999,184,200,185,floor,1
13.245900,-2.376200,51.120800,181,201,183,floor,1
13.208800,-2.444200,51.115200,182,199,189,floor,1
13.209600,-2.438200,51.116100,183,201,186,floor,1
13.213500,-2.415800,51.116001,182,203,186,floor,1
13.215100,-2.411800,51.115501,184,201,189,floor,1
13.218100,-2.394800,51.116001,182,200,191,floor,1
13.219700,-2.391100,51.116901,181,201,191,floor,1
13.219700,-2.377900,51.117401,182,202,191,floor,1
13.189000,-2.442200,51.112099,184,203,189,floor,1
13.192100,-2.426800,51.113098,183,204,190,floor,1
13.191400,-2.419100,51.112999,183,201,191,floor,1
13.194500,-2.409700,51.112900,184,204,187,floor,1
13.198400,-2.388700,51.113400,185,204,194,floor,1
13.198500,-2.379600,51.114799,184,202,192,floor,1
13.206100,-2.364700,51.114601,183,205,186,floor,1
13.169100,-2.430800,51.109901,185,206,189,floor,1
13.169900,-2.428500,51.109901,183,204,186,floor,1
13.172200,-2.415400,51.110802,181,208,190,floor,1
13.176100,-2.395200,51.111000,183,208,190,floor,1
13.178500,-2.384900,51.110901,181,208,189,floor,1
13.177800,-2.378700,51.111301,183,207,190,floor,1
13.180000,-2.371000,51.111801,182,208,191,floor,1
13.148500,-2.426900,51.106602,185,209,189,floor,1
13.150000,-2.418400,51.106701,186,206,196,floor,1
13.152300,-2.406700,51.106998,184,209,193,floor,1
13.155400,-2.393400,51.107101,183,208,188,floor,1
13.157000,-2.380300,51.108299,185,210,192,floor,1
13.158600,-2.374700,51.108101,183,208,193,floor,1
13.131900,-2.403600,51.104401,187,209,193,floor,1
13.135000,-2.389700,51.105301,184,210,192,floor,1
13.135800,-2.379400,51.105400,186,211,191,floor,1
12.968700,-2.424600,51.082100,184,202,190,floor,1
12.973000,-2.407200,51.083401,183,205,193,floor,1
12.950000,-2.429900,51.078300,180,196,187,floor,1
12.952800,-2.414800,51.079601,184,205,192,floor,1
12.847700,-2.379000,51.194801,64,88,116,floor,1
12.957300,-2.394000,51.081200,185,205,194,floor,1
12.862100,-2.361100,51.186199,48,64,90,floor,1
12.373300,-2.190100,51.651299,115,114,115,floor,1
12.933300,-2.432400,51.077000,172,194,179,floor,1
12.933400,-2.417800,51.077202,179,198,185,floor,1
12.934300,-2.406400,51.077400,183,203,185,floor,1
12.938800,-2.396900,51.078701,185,205,192,floor,1
12.938000,-2.389500,51.078899,185,205,188,floor,1
12.837000,-2.352800,51.192001,44,77,94,floor,1
12.942300,-2.371700,51.079498,185,204,193,floor,1
12.911400,-2.424800,51.075199,176,193,189,floor,1
12.913900,-2.417500,51.075001,179,198,190,floor,1
12.914100,-2.409400,51.075600,185,199,194,floor,1
12.917300,-2.401200,51.075298,184,198,190,floor,1
12.921000,-2.382600,51.076401,185,203,194,floor,1
12.921700,-2.381800,51.076302,183,201,191,floor,1
12.925100,-2.367800,51.076199,183,201,192,floor,1
12.891500,-2.430200,51.071999,171,190,181,floor,1
12.895800,-2.419700,51.072498,176,195,188,floor,1
12.899500,-2.415000,51.073299,179,197,189,floor,1
12.897600,-2.404900,51.072701,182,199,189,floor,1
12.899600,-2.393500,51.073399,182,199,191,floor,1
12.844200,-2.367100,51.146599,56,67,100,floor,1
12.903900,-2.373000,51.074001,183,201,191,floor,1
12.873500,-2.428400,51.070202,171,188,186,floor,1
12.876900,-2.417800,51.070599,179,196,192,floor,1
12.880700,-2.404800,51.071800,185,204,192,floor,1
12.884500,-2.394000,51.070599,188,203,195,floor,1
12.883300,-2.385000,51.071899,184,204,195,floor,1
12.836100,-2.361100,51.139301,48,71,107,floor,1
12.887500,-2.371800,51.071701,181,198,189,floor,1
12.856700,-2.424800,51.067402,169,190,181,floor,1
12.858600,-2.412400,51.068001,181,200,186,floor,1
12.860600,-2.401800,51.068901,184,202,189,floor,1
12.865000,-2.392000,51.069199,183,200,192,floor,1
12.866000,-2.381300,51.069801,186,204,191,floor,1
12.697900,-2.329300,51.242599,182,205,198,floor,1
12.872000,-2.359800,51.070301,185,204,194,floor,1
12.845700,-2.415000,51.066799,181,198,187,floor,1
12.840800,-2.409800,51.067101,178,200,190,floor,1
12.845000,-2.397400,51.067101,182,204,194,floor,1
12.846700,-2.390700,51.067001,184,201,191,floor,1
12.679200,-2.333900,51.244099,53,71,70,floor,1
12.678100,-2.327300,51.246799,188,209,202,floor,1
12.684900,-2.321300,51.245201,131,145,138,floor,1
12.822000,-2.416000,51.064201,176,196,184,floor,1
12.826400,-2.404400,51.064301,184,201,193,floor,1
12.833600,-2.396600,51.065800,182,201,188,floor,1
12.827500,-2.388600,51.065201,184,202,192,floor,1
12.675400,-2.333800,51.241501,101,107,109,floor,1
12.807200,-2.407200,51.061001,180,201,189,floor,1
12.811000,-2.396400,51.061798,187,204,192,floor,1
12.809700,-2.388100,51.063301,181,205,191,floor,1
12.812300,-2.382200,51.062901,183,204,192,floor,1
9.556400,-2.661700,50.616798,242,246,244,floor,1
9.556600,-2.673600,50.617100,226,225,199,floor,1
9.556700,-2.695700,50.616901,224,220,194,floor,1
9.556700,-2.701300,50.617100,224,220,193,floor,1
9.565000,-2.713400,50.607899,255,241,237,floor,1
9.571000,-2.723500,50.610600,200,193,162,floor,1
9.553100,-2.561000,50.617699,247,244,242,floor,1
9.555100,-2.573000,50.616798,159,153,172,floor,1
9.556500,-2.586200,50.617298,237,243,240,floor,1
9.554400,-2.600300,50.616501,160,156,179,floor,1
9.553800,-2.617600,50.618401,254,247,241,floor,1
9.569500,-2.618400,50.618698,224,218,200,floor,1
9.555700,-2.636500,50.615799,246,242,245,floor,1
9.570800,-2.645100,50.618198,226,221,200,floor,1
9.570200,-2.657500,50.607601,255,243,235,floor,1
9.587400,-2.672300,50.612202,219,218,196,floor,1
9.587200,-2.677200,50.612301,226,215,201,floor,1
9.592600,-2.689900,50.610699,227,207,186,floor,1
9.598100,-2.705500,50.612000,211,167,135,floor,1
9.601800,-2.709700,50.612301,215,170,134,floor,1
9.607100,-2.720000,50.613201,214,169,132,floor,1
9.553700,-2.522900,50.616901,255,255,255,floor,1
9.552600,-2.526300,50.616901,243,244,241,floor,1
9.554800,-2.543100,50.616600,152,148,157,floor,1
9.567200,-2.544600,50.619400,218,215,199,floor,1
9.567500,-2.558200,50.619301,217,215,197,floor,1
9.556200,-2.579800,50.611198,195,201,212,floor,1
9.561700,-2.583000,50.607800,127,127,148,floor,1
9.569700,-2.596400,50.618500,222,217,198,floor,1
9.586100,-2.601200,50.612499,224,218,197,floor,1
9.590900,-2.620400,50.611198,221,209,186,floor,1
9.591800,-2.622500,50.611401,223,203,176,floor,1
9.597700,-2.637600,50.612000,218,172,140,floor,1
9.606100,-2.653000,50.613400,215,169,135,floor,1
9.607600,-2.656400,50.613400,213,171,138,floor,1
9.612600,-2.672500,50.613899,218,168,136,floor,1
9.616700,-2.679800,50.614700,217,169,133,floor,1
9.622100,-2.692900,50.615101,213,170,132,floor,1
9.628200,-2.705700,50.615799,217,164,130,floor,1
9.630500,-2.713200,50.616199,216,165,130,floor,1
9.638400,-2.727000,50.617401,215,166,126,floor,1
9.550000,-2.443200,50.617901,255,235,228,floor,1
9.561700,-2.452800,50.621300,222,219,206,floor,1
9.564100,-2.469600,50.620399,219,217,203,floor,1
9.567000,-2.476500,50.609901,231,232,228,floor,1
9.563600,-2.489700,50.609001,186,195,184,floor,1
9.565100,-2.503500,50.607700,255,241,233,floor,1
9.580700,-2.504500,50.614399,219,214,199,floor,1
9.581900,-2.516200,50.613899,221,216,199,floor,1
9.582500,-2.528000,50.613800,219,214,192,floor,1
9.594000,-2.557100,50.610901,211,180,149,floor,1
9.596100,-2.560300,50.612499,206,168,129,floor,1
9.598200,-2.574800,50.612801,210,163,129,floor,1
9.605200,-2.580500,50.614201,209,167,130,floor,1
9.608800,-2.597900,50.613998,214,169,131,floor,1
9.616300,-2.610900,50.615299,214,172,133,floor,1
9.619800,-2.621300,50.615200,219,169,133,floor,1
9.624500,-2.634100,50.615799,218,166,134,floor,1
9.623800,-2.636300,50.615501,220,169,136,floor,1
9.632400,-2.648700,50.616501,214,167,132,floor,1
9.636000,-2.658900,50.616901,215,169,130,floor,1
9.641700,-2.675000,50.617802,213,162,130,floor,1
9.647400,-2.686000,50.618801,212,166,128,floor,1
9.649700,-2.696500,50.619202,209,165,127,floor,1
9.657800,-2.705100,50.619900,214,163,127,floor,1
9.659700,-2.709900,50.619801,214,161,124,floor,1
9.574200,-2.410200,50.612000,255,234,226,floor,1
9.567100,-2.413600,50.610401,220,221,213,floor,1
9.567100,-2.433500,50.610298,224,226,212,floor,1
9.579700,-2.440600,50.614601,221,217,202,floor,1
9.579700,-2.448900,50.614601,222,217,201,floor,1
9.587900,-2.458800,50.612000,224,214,198,floor,1
9.592600,-2.471300,50.611900,202,180,153,floor,1
9.598200,-2.484900,50.612598,205,165,133,floor,1
9.598900,-2.488200,50.612900,202,166,134,floor,1
9.604500,-2.503500,50.613602,206,163,131,floor,1
9.605300,-2.520000,50.613400,206,167,129,floor,1
9.613500,-2.529200,50.614899,206,162,124,floor,1
9.615800,-2.537900,50.615299,205,159,130,floor,1
9.619300,-2.548200,50.615799,210,160,127,floor,1
9.622000,-2.560800,50.616001,209,162,131,floor,1
9.627500,-2.567700,50.616901,210,160,126,floor,1
9.630200,-2.582100,50.616501,210,165,130,floor,1
9.635300,-2.588700,50.618198,214,160,130,floor,1
9.640300,-2.600900,50.618198,212,163,127,floor,1
9.642000,-2.607100,50.618801,215,163,129,floor,1
9.643200,-2.616100,50.618301,219,169,132,floor,1
9.651400,-2.630300,50.619598,217,168,130,floor,1
9.655200,-2.638900,50.620098,214,166,128,floor,1
9.660300,-2.648800,50.620701,214,162,125,floor,1
9.664400,-2.658700,50.621799,214,163,124,floor,1
9.669600,-2.669300,50.621799,213,165,127,floor,1
9.672500,-2.678200,50.622002,209,164,126,floor,1
9.678300,-2.689600,50.623199,216,164,128,floor,1
9.682100,-2.701700,50.623100,215,164,127,floor,1
9.596400,-2.393100,50.612400,204,171,136,floor,1
9.600300,-2.399800,50.613201,206,167,139,floor,1
9.603600,-2.413500,50.613701,206,165,135,floor,1
9.605500,-2.420000,50.614201,206,164,130,floor,1
9.607700,-2.428700,50.614601,206,163,132,floor,1
9.611900,-2.446200,50.614700,201,161,128,floor,1
9.615400,-2.453600,50.615200,201,161,128,floor,1
9.617900,-2.461700,50.615398,203,163,128,floor,1
9.621100,-2.480000,50.616100,205,161,128,floor,1
9.624600,-2.486400,50.616600,201,163,124,floor,1
9.630700,-2.500400,50.617298,203,159,125,floor,1
9.631200,-2.502000,50.617699,205,160,126,floor,1
9.635800,-2.517400,50.618401,206,160,128,floor,1
9.639000,-2.525100,50.618401,207,163,127,floor,1
9.644000,-2.539400,50.618999,204,152,121,floor,1
9.647400,-2.552300,50.619598,204,157,123,floor,1
9.649200,-2.555100,50.620201,204,156,122,floor,1
9.656900,-2.573500,50.620499,212,161,126,floor,1
9.658500,-2.576300,50.621101,209,158,123,floor,1
9.665500,-2.594000,50.621799,212,161,124,floor,1
9.666700,-2.599700,50.622002,214,160,124,floor,1
9.671700,-2.609500,50.622700,217,163,129,floor,1
9.678400,-2.624000,50.623600,220,165,125,floor,1
9.682700,-2.635700,50.624001,216,162,128,floor,1
9.685400,-2.643400,50.624298,215,158,127,floor,1
9.688500,-2.648200,50.624500,213,166,129,floor,1
9.695400,-2.666200,50.625401,221,160,129,floor,1
9.698100,-2.671100,50.625702,214,167,128,floor,1
9.704000,-2.682700,50.626301,221,165,125,floor,1
9.708800,-2.692100,50.626701,217,166,126,floor,1
12.553100,-2.712200,51.025002,197,222,216,floor,1
12.557700,-2.705600,51.025902,194,221,207,floor,1
12.566600,-2.697200,51.027500,193,207,198,floor,1
12.567700,-2.687200,51.027802,192,212,199,floor,1
12.571200,-2.676300,51.028500,189,207,188,floor,1
12.671800,-2.406500,51.043400,145,171,165,floor,1
12.674900,-2.395300,51.044201,183,205,193,floor,1
12.681100,-2.387000,51.045399,184,203,197,floor,1
12.676400,-2.378600,51.045300,187,204,194,floor,1
12.680100,-2.372500,51.044899,187,204,192,floor,1
9.620400,-2.378700,50.616600,204,165,131,floor,1
9.620700,-2.392800,50.616501,207,161,131,floor,1
9.626400,-2.402100,50.616798,202,163,131,floor,1
9.629900,-2.412000,50.617298,199,164,131,floor,1
9.637900,-2.426100,50.622700,199,172,143,floor,1
9.637100,-2.434900,50.621799,202,177,158,floor,1
9.644100,-2.449100,50.624699,200,153,116,floor,1
9.648400,-2.456500,50.625000,194,147,113,floor,1
9.650300,-2.468500,50.625000,204,153,112,floor,1
9.649000,-2.476600,50.619999,204,162,120,floor,1
9.653900,-2.493400,50.620800,195,155,121,floor,1
9.653200,-2.495900,50.620399,201,155,122,floor,1
9.659300,-2.509100,50.620701,202,158,122,floor,1
9.663800,-2.525000,50.622799,206,156,123,floor,1
9.664500,-2.526700,50.622002,209,159,125,floor,1
9.671100,-2.545400,50.622799,200,157,118,floor,1
9.672400,-2.546500,50.623001,202,156,120,floor,1
9.681000,-2.565900,50.623798,206,158,123,floor,1
9.683600,-2.573400,50.624802,207,158,120,floor,1
9.684600,-2.577500,50.624401,213,161,127,floor,1
9.686900,-2.595100,50.624298,214,160,124,floor,1
9.695300,-2.603800,50.625900,214,162,125,floor,1
9.698600,-2.609700,50.625999,215,161,126,floor,1
9.701900,-2.619200,50.626801,216,163,127,floor,1
9.707800,-2.631200,50.627499,216,164,126,floor,1
9.713000,-2.642100,50.627602,216,166,127,floor,1
9.714400,-2.647500,50.627899,216,164,126,floor,1
9.723600,-2.664200,50.629398,214,163,124,floor,1
9.727000,-2.676000,50.629601,218,166,126,floor,1
9.729800,-2.681700,50.649899,255,240,238,floor,1
12.541400,-2.708000,51.023800,198,223,220,floor,1
12.541900,-2.699800,51.022800,196,224,216,floor,1
12.550100,-2.687700,51.024601,196,222,218,floor,1
12.552600,-2.681600,51.038502,206,243,221,floor,1
12.557200,-2.672900,51.026600,198,223,216,floor,1
12.560100,-2.666600,51.026501,194,223,211,floor,1
12.566500,-2.655600,51.027000,191,211,197,floor,1
12.567100,-2.645700,51.028099,194,211,201,floor,1
12.657600,-2.400000,51.041302,172,188,176,floor,1
12.657600,-2.397300,51.041199,187,205,195,floor,1
12.665000,-2.386300,51.042801,183,208,195,floor,1
12.662900,-2.372700,51.042099,184,206,191,floor,1
12.664100,-2.367400,51.042599,185,207,196,floor,1
9.650000,-2.376700,50.624802,192,142,110,floor,1
9.652800,-2.389500,50.625099,191,140,100,floor,1
9.656800,-2.402400,50.624901,188,138,106,floor,1
9.658200,-2.407000,50.625099,189,138,104,floor,1
9.668800,-2.422000,50.638599,185,178,158,floor,1
9.670200,-2.422400,50.639400,201,184,159,floor,1
9.666900,-2.437800,50.626400,189,142,107,floor,1
9.671000,-2.446300,50.628700,202,156,120,floor,1
9.674300,-2.463100,50.628899,190,145,105,floor,1
9.676700,-2.466300,50.628700,199,145,109,floor,1
9.673500,-2.477900,50.623600,211,157,119,floor,1
9.681300,-2.493500,50.624699,196,152,116,floor,1
9.684700,-2.503900,50.624802,198,148,118,floor,1
9.687200,-2.512000,50.625198,198,152,114,floor,1
9.691400,-2.522900,50.626301,202,154,115,floor,1
9.694900,-2.531000,50.626400,203,154,119,floor,1
9.695400,-2.545900,50.626301,202,150,118,floor,1
9.700000,-2.551000,50.626701,204,151,119,floor,1
9.704900,-2.562100,50.627602,204,154,123,floor,1
9.712700,-2.577400,50.628300,208,157,125,floor,1
9.714800,-2.588200,50.628899,211,158,122,floor,1
9.717000,-2.590000,50.628799,209,157,122,floor,1
9.723000,-2.605000,50.630001,213,160,124,floor,1
9.727800,-2.618400,50.630501,216,162,125,floor,1
9.733500,-2.625800,50.631302,214,163,125,floor,1
9.733100,-2.630100,50.630798,218,164,127,floor,1
9.738900,-2.640000,50.631500,214,164,131,floor,1
9.742800,-2.650000,50.632301,220,164,125,floor,1
9.750900,-2.666400,50.632401,221,163,131,floor,1
9.751700,-2.672100,50.632801,219,163,125,floor,1
9.753200,-2.679100,50.632401,220,167,126,floor,1
12.492600,-2.690500,51.072899,156,175,174,floor,1
12.527800,-2.693700,51.021000,198,226,217,floor,1
12.528900,-2.689100,51.021198,197,223,218,floor,1
12.535500,-2.680700,51.022099,199,228,220,floor,1
12.536800,-2.675200,51.022499,198,227,219,floor,1
12.542400,-2.664100,51.023499,198,226,217,floor,1
12.543400,-2.660400,51.023499,198,225,218,floor,1
12.551800,-2.647600,51.025799,198,224,222,floor,1
12.551400,-2.644000,51.024899,197,225,221,floor,1
12.554200,-2.634000,51.026501,199,226,220,floor,1
12.558100,-2.627600,51.026199,198,224,217,floor,1
12.564700,-2.614100,51.027199,194,216,210,floor,1
12.638000,-2.409000,51.038101,157,180,175,floor,1
12.641700,-2.395100,51.039600,183,203,194,floor,1
12.642500,-2.388800,51.039398,188,208,195,floor,1
12.647600,-2.380200,51.039902,187,209,197,floor,1
12.650600,-2.371500,51.040199,189,206,196,floor,1
12.161800,-2.226000,51.632401,206,255,255,floor,1
9.672800,-2.368100,50.627800,194,143,110,floor,1
9.676400,-2.382700,50.627300,160,120,89,floor,1
9.676300,-2.388900,50.626701,190,142,101,floor,1
9.680000,-2.399200,50.627399,187,142,108,floor,1
9.684500,-2.413900,50.629601,170,139,109,floor,1
9.688400,-2.424200,50.630199,188,136,91,floor,1
9.690200,-2.428100,50.629601,191,142,110,floor,1
9.694600,-2.441500,50.630699,191,140,105,floor,1
9.698100,-2.455100,50.631401,195,139,105,floor,1
9.702200,-2.463700,50.632599,194,143,106,floor,1
9.702600,-2.470300,50.631302,210,152,113,floor,1
9.704800,-2.485100,50.627998,198,145,114,floor,1
9.707900,-2.495700,50.628300,196,148,117,floor,1
9.709800,-2.503500,50.628300,191,147,113,floor,1
9.715400,-2.518800,50.629700,202,155,117,floor,1
9.716800,-2.519900,50.629902,200,152,116,floor,1
9.717100,-2.533300,50.629200,202,150,120,floor,1
9.725300,-2.543700,50.630501,200,151,115,floor,1
9.727900,-2.555200,50.630901,202,153,116,floor,1
9.730700,-2.561800,50.631302,204,154,119,floor,1
9.738500,-2.579300,50.632198,206,153,119,floor,1
9.736000,-2.591800,50.631699,208,156,122,floor,1
9.741900,-2.591000,50.632401,209,156,124,floor,1
9.748200,-2.602100,50.633099,215,156,124,floor,1
9.755800,-2.617600,50.634102,214,159,125,floor,1
9.756000,-2.621400,50.634102,213,162,116,floor,1
9.763100,-2.636500,50.634701,214,159,125,floor,1
9.764800,-2.643500,50.634800,214,160,124,floor,1
9.773100,-2.653800,50.636299,206,159,123,floor,1
9.773500,-2.659600,50.636200,206,157,122,floor,1
9.778200,-2.668100,50.636700,194,145,121,floor,1
12.509200,-2.681400,51.030701,202,242,232,floor,1
12.520700,-2.678300,51.019199,200,224,221,floor,1
12.523400,-2.671800,51.020401,195,227,215,floor,1
12.524500,-2.665300,51.020599,196,225,217,floor,1
12.529100,-2.653300,51.021400,196,224,219,floor,1
12.532800,-2.647800,51.022499,196,223,215,floor,1
12.535900,-2.638600,51.022499,198,225,219,floor,1
12.541400,-2.637600,51.023300,199,228,222,floor,1
12.544000,-2.623100,51.024200,200,225,220,floor,1
12.550900,-2.621300,51.025799,201,227,221,floor,1
12.549200,-2.609400,51.024399,200,226,221,floor,1
12.552000,-2.602200,51.025799,200,224,219,floor,1
12.556200,-2.597700,51.026100,195,222,217,floor,1
12.560100,-2.586900,51.027802,196,218,208,floor,1
12.563200,-2.575200,51.028000,190,214,202,floor,1
12.565000,-2.573400,51.027500,189,211,200,floor,1
12.571700,-2.560900,51.028801,194,207,186,floor,1
12.622800,-2.407800,51.036400,159,179,178,floor,1
12.624700,-2.401600,51.036400,160,176,176,floor,1
12.630000,-2.392100,51.037300,180,199,189,floor,1
12.630200,-2.381400,51.037601,188,208,197,floor,1
12.633100,-2.379800,51.037601,187,209,195,floor,1
12.636100,-2.371000,51.037899,186,208,196,floor,1
12.634300,-2.363600,51.038101,189,209,197,floor,1
9.698400,-2.370700,50.631001,188,139,109,floor,1
9.700500,-2.380400,50.631001,195,143,106,floor,1
9.701500,-2.391500,50.630699,194,142,110,floor,1
9.706200,-2.400000,50.631100,191,139,103,floor,1
9.714400,-2.402200,50.643700,184,169,145,floor,1
9.712300,-2.418400,50.634201,194,152,117,floor,1
9.716200,-2.431500,50.633701,191,140,102,floor,1
9.716900,-2.440200,50.634102,184,137,101,floor,1
9.721000,-2.444500,50.634800,166,122,87,floor,1
9.724800,-2.460900,50.635502,192,139,103,floor,1
9.728600,-2.471500,50.634998,205,151,113,floor,1
9.728900,-2.472100,50.634201,204,151,113,floor,1
9.731100,-2.490400,50.631699,198,147,108,floor,1
9.731300,-2.499200,50.631599,198,150,112,floor,1
9.737700,-2.507200,50.632900,195,141,113,floor,1
9.740200,-2.515700,50.632702,200,151,113,floor,1
9.744000,-2.522900,50.633499,203,153,120,floor,1
9.748300,-2.536900,50.633499,198,152,112,floor,1
9.753900,-2.549100,50.634499,199,151,110,floor,1
9.756200,-2.559100,50.634499,205,148,115,floor,1
9.759400,-2.563900,50.634899,204,153,117,floor,1
9.765000,-2.581400,50.635899,204,153,116,floor,1
9.766800,-2.582000,50.636002,205,153,116,floor,1
9.771300,-2.594500,50.636700,209,154,122,floor,1
9.778300,-2.607800,50.637199,203,152,122,floor,1
9.776400,-2.614900,50.637100,207,155,121,floor,1
9.783000,-2.620600,50.637798,205,154,119,floor,1
9.788500,-2.634200,50.638302,197,150,120,floor,1
9.795300,-2.647900,50.639000,165,129,112,floor,1
9.797000,-2.653100,50.639198,149,123,101,floor,1
9.799000,-2.661700,50.639301,142,109,86,floor,1
9.807400,-2.671800,50.640202,132,101,80,floor,1
9.809900,-2.682400,50.643600,127,84,68,floor,1
12.482800,-2.683900,51.035599,117,125,129,floor,1
12.500500,-2.683300,51.016300,137,162,154,floor,1
12.504300,-2.668400,51.017399,183,211,200,floor,1
12.505400,-2.668400,51.017601,186,212,203,floor,1
12.513100,-2.657200,51.018398,190,219,211,floor,1
12.516400,-2.646100,51.018600,191,220,207,floor,1
12.518900,-2.640500,51.019501,192,219,208,floor,1
12.522700,-2.630400,51.020802,196,223,216,floor,1
12.524900,-2.625800,51.021000,197,222,217,floor,1
12.528100,-2.621200,51.021198,197,223,217,floor,1
12.531900,-2.608400,51.022598,195,224,212,floor,1
12.535300,-2.607500,51.023201,195,226,214,floor,1
12.541800,-2.601200,51.023899,195,222,216,floor,1
12.543000,-2.591100,51.024101,196,222,219,floor,1
12.546300,-2.577500,51.024502,199,219,214,floor,1
12.549900,-2.569400,51.025501,195,218,209,floor,1
12.553000,-2.561300,51.025700,195,218,210,floor,1
12.555600,-2.553200,51.026699,195,215,207,floor,1
12.562700,-2.551600,51.026798,191,213,197,floor,1
12.563200,-2.543500,51.027599,190,210,195,floor,1
12.567400,-2.530000,51.027901,187,205,189,floor,1
12.567500,-2.523700,51.028000,187,204,187,floor,1
12.570700,-2.512900,51.028599,187,199,186,floor,1
12.574000,-2.504900,51.029202,169,172,157,floor,1
12.579200,-2.501100,51.035599,148,138,124,floor,1
12.579600,-2.490300,51.036098,152,140,132,floor,1
12.583200,-2.484600,51.041500,157,142,129,floor,1
12.613100,-2.421500,51.020000,125,158,163,floor,1
12.606100,-2.409200,51.034401,187,207,196,floor,1
12.609900,-2.403000,51.034000,187,203,194,floor,1
12.611100,-2.394100,51.034401,186,210,195,floor,1
12.612200,-2.387800,51.034599,188,206,198,floor,1
12.613400,-2.379800,51.035099,191,209,199,floor,1
12.614900,-2.370000,51.036098,192,207,197,floor,1
12.618000,-2.363900,51.036301,188,207,197,floor,1
12.619800,-2.354800,51.035801,191,209,198,floor,1
12.152600,-2.219200,51.616299,126,142,128,floor,1
9.719700,-2.361100,50.633598,186,139,107,floor,1
9.722900,-2.371400,50.634602,192,141,103,floor,1
9.724500,-2.376800,50.634701,189,139,106,floor,1
9.729400,-2.391900,50.635201,187,142,106,floor,1
9.727900,-2.396200,50.636299,183,142,100,floor,1
9.734000,-2.406500,50.636299,192,142,102,floor,1
9.736700,-2.422000,50.636200,189,139,105,floor,1
9.741200,-2.430800,50.636700,188,142,101,floor,1
9.743800,-2.440000,50.637299,190,138,103,floor,1
9.746300,-2.447300,50.637901,190,138,105,floor,1
9.752500,-2.463700,50.639301,195,141,103,floor,1
9.753600,-2.472400,50.637100,201,151,111,floor,1
9.752500,-2.485900,50.634102,197,148,109,floor,1
9.753900,-2.491400,50.634300,194,146,113,floor,1
9.761500,-2.502700,50.635399,189,142,112,floor,1
9.763900,-2.512100,50.636002,199,147,113,floor,1
9.766500,-2.522700,50.635899,203,146,113,floor,1
9.772500,-2.531200,50.637299,197,147,110,floor,1
9.776300,-2.541200,50.637600,196,149,114,floor,1
9.778200,-2.549400,50.637699,197,147,113,floor,1
9.782700,-2.557500,50.638401,199,147,113,floor,1
9.785300,-2.563200,50.639000,200,146,116,floor,1
9.789200,-2.572700,50.639198,197,147,115,floor,1
9.793300,-2.590000,50.639400,200,147,120,floor,1
9.797700,-2.594500,50.640099,199,146,118,floor,1
9.804500,-2.610700,50.640900,187,140,116,floor,1
9.807900,-2.615900,50.641300,177,134,115,floor,1
9.811000,-2.625100,50.641800,164,125,107,floor,1
9.814900,-2.631700,50.642101,150,122,101,floor,1
9.822300,-2.646400,50.642799,140,111,91,floor,1
9.822900,-2.648400,50.642601,140,111,87,floor,1
9.828000,-2.661200,50.643299,132,104,76,floor,1
9.834600,-2.673600,50.644299,123,93,71,floor,1
9.842100,-2.684400,50.666599,115,56,38,floor,1
12.486100,-2.683400,51.020699,115,122,127,floor,1
12.487900,-2.670600,51.014301,143,159,163,floor,1
12.491200,-2.662100,51.014599,171,196,187,floor,1
12.494700,-2.658300,51.015202,179,205,195,floor,1
12.501100,-2.648000,51.017200,181,209,198,floor,1
12.500700,-2.646200,51.016602,181,209,199,floor,1
12.507100,-2.633200,51.018600,187,214,203,floor,1
12.508100,-2.629500,51.018600,188,218,201,floor,1
12.514400,-2.616600,51.018700,191,218,211,floor,1
12.516400,-2.610100,51.020500,194,219,213,floor,1
12.519700,-2.603700,51.020802,191,216,211,floor,1
12.522900,-2.594500,51.020901,192,217,210,floor,1
12.524000,-2.592700,51.021099,192,217,211,floor,1
12.528500,-2.579900,51.021702,192,219,208,floor,1
12.532100,-2.570800,51.022701,193,219,209,floor,1
12.535400,-2.565400,51.023102,193,218,209,floor,1
12.540800,-2.558200,51.023701,193,218,207,floor,1
12.541700,-2.548200,51.023399,193,214,205,floor,1
12.545100,-2.541000,51.023800,196,216,206,floor,1
12.548400,-2.531100,51.024502,192,211,202,floor,1
12.552000,-2.525700,51.025398,191,210,200,floor,1
12.552900,-2.519400,51.025299,190,210,198,floor,1
12.557700,-2.507800,51.026600,189,205,195,floor,1
12.558600,-2.503200,51.026299,189,204,194,floor,1
12.566600,-2.492800,51.028198,189,203,183,floor,1
12.564400,-2.489900,51.027802,187,202,191,floor,1
12.570000,-2.476600,51.028702,186,199,184,floor,1
12.569900,-2.474700,51.028500,186,199,184,floor,1
12.574200,-2.466800,51.029099,161,156,142,floor,1
12.581200,-2.455400,51.039200,141,129,122,floor,1
12.576500,-2.450800,51.031700,124,127,118,floor,1
12.584500,-2.438400,51.031399,186,205,192,floor,1
12.585500,-2.431200,51.031502,190,205,203,floor,1
12.589200,-2.427300,51.034901,192,211,203,floor,1
12.588700,-2.415000,51.031700,186,205,186,floor,1
12.590800,-2.411800,51.033798,178,197,184,floor,1
12.592900,-2.397100,51.032001,190,206,200,floor,1
12.595300,-2.390000,51.032600,189,206,198,floor,1
12.595700,-2.386400,51.033401,192,208,197,floor,1
12.597300,-2.379100,51.032700,190,207,191,floor,1
12.607100,-2.366400,51.034199,190,208,196,floor,1
12.607800,-2.361100,51.035702,190,209,198,floor,1
12.144500,-2.221600,51.611801,114,121,117,floor,1
9.743100,-2.357300,50.635899,173,133,105,floor,1
9.743500,-2.360600,50.637100,181,136,106,floor,1
9.747500,-2.376200,50.637901,189,141,103,floor,1
9.752400,-2.385000,50.638500,187,141,106,floor,1
9.752400,-2.392300,50.638500,188,140,102,floor,1
9.758800,-2.406200,50.652802,192,167,133,floor,1
9.759900,-2.410800,50.645401,198,164,135,floor,1
9.759600,-2.425000,50.640301,174,133,105,floor,1
9.765600,-2.438300,50.640598,178,136,99,floor,1
9.770700,-2.444700,50.641602,179,134,99,floor,1
9.773700,-2.454700,50.642101,187,137,100,floor,1
9.777300,-2.462100,50.643002,191,137,101,floor,1
9.778700,-2.470300,50.641998,198,149,111,floor,1
9.776100,-2.481000,50.637501,191,143,106,floor,1
9.777800,-2.491200,50.637699,196,146,112,floor,1
9.786000,-2.507200,50.638599,196,143,112,floor,1
9.788200,-2.508300,50.639301,198,146,107,floor,1
9.791800,-2.523000,50.639599,197,150,112,floor,1
9.793800,-2.532000,50.639702,199,145,112,floor,1
9.800800,-2.542600,50.640400,193,145,107,floor,1
9.806600,-2.554000,50.641499,190,141,115,floor,1
9.803900,-2.556200,50.640900,190,142,113,floor,1
9.810900,-2.564400,50.642300,187,142,111,floor,1
9.816400,-2.580000,50.642899,180,134,112,floor,1
9.814000,-2.587400,50.642200,182,135,112,floor,1
9.825200,-2.597700,50.643902,161,127,101,floor,1
9.823900,-2.613100,50.643600,159,124,104,floor,1
9.832300,-2.615700,50.644798,147,118,96,floor,1
9.835700,-2.628500,50.645199,150,116,95,floor,1
9.842200,-2.635200,50.645599,144,113,87,floor,1
9.844100,-2.639300,50.645802,142,111,93,floor,1
9.849700,-2.655800,50.646400,131,105,79,floor,1
9.856200,-2.665500,50.647499,128,99,76,floor,1
9.858700,-2.669700,50.647598,123,91,76,floor,1
9.864200,-2.681600,50.648998,116,77,65,floor,1
12.467200,-2.675600,51.011600,130,140,143,floor,1
12.471300,-2.667100,51.011299,136,149,154,floor,1
12.477300,-2.654800,51.012600,144,161,159,floor,1
12.484800,-2.652900,51.014400,156,182,177,floor,1
12.485700,-2.639800,51.014099,181,204,192,floor,1
12.488500,-2.634200,51.015099,187,211,203,floor,1
12.491400,-2.628600,51.014599,185,213,204,floor,1
12.495300,-2.619300,51.015900,186,216,203,floor,1
12.497400,-2.613700,51.015999,186,214,199,floor,1
12.502100,-2.603500,51.016800,188,214,204,floor,1
12.503400,-2.599800,51.017300,187,213,202,floor,1
12.510500,-2.592500,51.019001,188,214,203,floor,1
12.512800,-2.580600,51.019299,191,214,204,floor,1
12.516900,-2.574100,51.019100,190,215,206,floor,1
12.518800,-2.563200,51.020699,191,214,203,floor,1
12.523000,-2.555900,51.020802,191,215,204,floor,1
12.526400,-2.548600,51.021400,191,214,207,floor,1
12.530600,-2.543200,51.021599,192,213,203,floor,1
12.531700,-2.532200,51.021801,189,212,201,floor,1
12.534400,-2.531500,51.022800,189,212,202,floor,1
12.541600,-2.519000,51.024899,191,209,201,floor,1
12.538900,-2.513300,51.023602,190,210,200,floor,1
12.543400,-2.504400,51.024399,189,210,198,floor,1
12.544500,-2.500700,51.024502,188,210,196,floor,1
12.549900,-2.486300,51.025002,191,210,199,floor,1
12.552100,-2.480900,51.025299,190,209,199,floor,1
12.553300,-2.473700,51.025700,188,204,192,floor,1
12.555800,-2.463800,51.026501,189,208,193,floor,1
12.562400,-2.457800,51.027500,189,204,193,floor,1
12.563500,-2.447800,51.027599,188,204,193,floor,1
12.566400,-2.445200,51.027599,187,203,194,floor,1
12.568800,-2.438100,51.028099,188,205,191,floor,1
12.569900,-2.428100,51.028301,190,207,198,floor,1
12.572700,-2.418300,51.029701,192,208,200,floor,1
12.575800,-2.411200,51.029999,188,206,195,floor,1
12.577900,-2.404900,51.030102,186,204,195,floor,1
12.577700,-2.394700,51.029598,187,205,196,floor,1
12.580200,-2.389500,51.030499,192,208,195,floor,1
12.583000,-2.381400,51.030102,188,208,192,floor,1
12.584400,-2.369600,51.030701,189,207,200,floor,1
12.586900,-2.363500,51.031799,191,208,195,floor,1
12.588200,-2.359100,51.032501,192,207,197,floor,1
12.130900,-2.216200,51.616100,147,158,150,floor,1
9.769400,-2.364600,50.641800,187,141,106,floor,1
9.773000,-2.372500,50.642101,186,142,106,floor,1
9.773200,-2.384600,50.642101,188,138,102,floor,1
9.775600,-2.384800,50.642601,189,140,106,floor,1
9.773900,-2.395900,50.642502,181,137,101,floor,1
9.781600,-2.405800,50.644901,193,142,106,floor,1
9.784000,-2.417900,50.643600,188,138,97,floor,1
9.789300,-2.424400,50.644699,189,137,104,floor,1
9.788100,-2.439300,50.644402,191,136,104,floor,1
9.788100,-2.443900,50.644402,189,139,107,floor,1
9.792000,-2.453300,50.644699,183,138,102,floor,1
9.796900,-2.463100,50.644001,191,141,108,floor,1
9.796000,-2.474400,50.640202,204,154,114,floor,1
9.805500,-2.489900,50.641602,194,147,110,floor,1
9.806300,-2.497800,50.641399,192,144,112,floor,1
9.808500,-2.504200,50.642101,191,146,111,floor,1
9.815000,-2.513600,50.642399,189,141,110,floor,1
9.820500,-2.525800,50.643600,187,142,108,floor,1
9.824200,-2.537500,50.644001,188,137,110,floor,1
9.824200,-2.540200,50.644001,186,138,112,floor,1
9.828700,-2.547300,50.644798,179,137,110,floor,1
9.830600,-2.563300,50.645100,179,134,106,floor,1
9.833400,-2.574000,50.645000,166,126,104,floor,1
9.843100,-2.583000,50.646599,156,119,100,floor,1
9.846000,-2.588400,50.646500,152,119,93,floor,1
9.849000,-2.598500,50.647099,145,118,92,floor,1
9.856400,-2.611400,50.647999,146,116,90,floor,1
9.859400,-2.617500,50.647999,146,116,90,floor,1
9.862200,-2.622300,50.648602,144,114,87,floor,1
9.866400,-2.636800,50.648998,138,111,81,floor,1
9.866400,-2.643000,50.648998,138,109,84,floor,1
9.875900,-2.657100,50.650101,132,105,76,floor,1
9.880800,-2.662100,50.651001,126,91,70,floor,1
9.885300,-2.673500,50.651299,122,91,70,floor,1
9.889100,-2.677900,50.651798,120,85,70,floor,1
12.453700,-2.669300,51.008701,131,144,143,floor,1
12.461100,-2.665400,51.010101,135,145,147,floor,1
12.461300,-2.656900,51.010601,138,152,150,floor,1
12.462300,-2.651200,51.010399,140,155,156,floor,1
12.470200,-2.640800,51.011002,143,165,161,floor,1
12.470700,-2.637000,51.011902,149,168,167,floor,1
12.474300,-2.630500,51.012798,168,191,185,floor,1
12.477900,-2.620100,51.013302,187,211,195,floor,1
12.481300,-2.612700,51.013599,186,208,197,floor,1
12.486300,-2.604300,51.014900,188,211,203,floor,1
12.490900,-2.596000,51.015400,189,210,201,floor,1
12.494600,-2.587700,51.016399,186,211,199,floor,1
12.493200,-2.584800,51.015900,187,211,199,floor,1
12.500000,-2.578400,51.016602,186,211,200,floor,1
12.501100,-2.571000,51.016701,186,212,199,floor,1
12.507300,-2.560100,51.018501,191,213,202,floor,1
12.508600,-2.553600,51.019100,190,213,197,floor,1
12.515000,-2.542700,51.019299,189,211,198,floor,1
12.516100,-2.534400,51.019402,191,211,198,floor,1
12.517400,-2.530800,51.019798,190,210,197,floor,1
12.521700,-2.522600,51.020199,191,210,198,floor,1
12.524100,-2.510700,51.020802,189,209,199,floor,1
12.525700,-2.508100,51.021702,191,210,202,floor,1
12.527700,-2.499900,51.021599,191,210,198,floor,1
12.534300,-2.491900,51.022499,191,210,199,floor,1
12.533400,-2.485400,51.022598,188,208,197,floor,1
12.537600,-2.478200,51.022800,190,207,199,floor,1
12.541300,-2.467400,51.023800,186,207,194,floor,1
12.542200,-2.462800,51.023701,189,209,198,floor,1
12.544400,-2.453800,51.024101,186,207,191,floor,1
12.547600,-2.442900,51.024300,188,209,199,floor,1
12.551600,-2.434000,51.025799,188,208,196,floor,1
12.554800,-2.426900,51.026299,189,209,195,floor,1
12.554500,-2.424000,51.025799,189,207,193,floor,1
12.558000,-2.411400,51.026501,190,209,197,floor,1
12.559200,-2.405100,51.026901,190,210,193,floor,1
12.563900,-2.397200,51.028099,187,209,192,floor,1
12.566000,-2.389100,51.028198,191,207,197,floor,1
12.566000,-2.381700,51.028301,191,208,198,floor,1
12.570500,-2.371900,51.029099,190,206,197,floor,1
12.571200,-2.366300,51.028400,192,211,199,floor,1
12.572700,-2.360000,51.029301,190,211,193,floor,1
12.126700,-2.220600,51.611401,126,133,130,floor,1
9.793200,-2.361700,50.644100,183,138,104,floor,1
9.793500,-2.374000,50.644001,188,139,104,floor,1
9.787500,-2.381500,50.644402,187,139,97,floor,1
9.784300,-2.393700,50.644100,182,141,106,floor,1
9.792100,-2.409000,50.644501,187,136,104,floor,1
9.799300,-2.409600,50.643101,186,137,104,floor,1
9.792800,-2.423100,50.644402,188,137,103,floor,1
9.807900,-2.431700,50.642101,183,134,100,floor,1
9.811500,-2.438600,50.642399,182,136,106,floor,1
9.816500,-2.449400,50.643101,189,140,105,floor,1
9.819600,-2.464500,50.643700,194,145,109,floor,1
9.825000,-2.474000,50.644199,195,148,112,floor,1
9.824900,-2.483500,50.644299,199,145,112,floor,1
9.825600,-2.488900,50.644100,194,141,110,floor,1
9.830500,-2.497200,50.644901,191,142,112,floor,1
9.836700,-2.512200,50.646000,190,142,114,floor,1
9.835200,-2.517000,50.645699,187,142,110,floor,1
9.844600,-2.530500,50.646702,182,139,112,floor,1
9.848000,-2.535100,50.647202,179,136,110,floor,1
9.850000,-2.541100,50.647400,178,132,110,floor,1
9.851500,-2.549200,50.647701,179,131,108,floor,1
9.857300,-2.558500,50.648300,167,128,105,floor,1
9.858600,-2.570100,50.648701,152,118,92,floor,1
9.868100,-2.580800,50.649799,147,114,93,floor,1
9.871800,-2.592400,50.650200,143,112,89,floor,1
9.876000,-2.597900,50.650700,142,113,86,floor,1
9.881100,-2.609700,50.651402,142,115,87,floor,1
9.880200,-2.612500,50.651699,142,115,87,floor,1
9.885700,-2.625000,50.651798,140,114,81,floor,1
9.892900,-2.639200,50.652100,137,104,80,floor,1
9.895300,-2.644900,50.653000,133,102,81,floor,1
9.901600,-2.650600,50.653599,130,104,74,floor,1
9.904100,-2.660700,50.653702,126,94,76,floor,1
9.909400,-2.668700,50.654598,127,90,69,floor,1
9.916000,-2.683100,50.674301,108,61,46,floor,1
9.930700,-2.684500,50.677601,113,54,48,floor,1
12.435700,-2.675300,51.005798,125,136,134,floor,1
12.442100,-2.661900,51.007301,132,145,145,floor,1
12.445400,-2.656100,51.007500,134,149,148,floor,1
12.449000,-2.646600,51.007900,140,155,155,floor,1
12.454200,-2.641800,51.009399,143,158,158,floor,1
12.456800,-2.637100,51.010201,146,162,162,floor,1
12.459100,-2.630500,51.010399,148,164,163,floor,1
12.460400,-2.622900,51.010601,149,169,166,floor,1
12.465900,-2.611600,51.010700,166,193,178,floor,1
12.467600,-2.607000,51.012001,175,202,186,floor,1
12.481400,-2.599600,51.013802,186,209,196,floor,1
12.474700,-2.590100,51.013302,185,210,197,floor,1
12.477400,-2.586500,51.014099,185,208,196,floor,1
12.482600,-2.574300,51.013699,185,208,199,floor,1
12.488600,-2.566100,51.014900,189,209,202,floor,1
12.492000,-2.563400,51.015400,188,208,197,floor,1
12.491200,-2.553100,51.015701,186,211,196,floor,1
12.495900,-2.543900,51.016499,189,209,198,floor,1
12.498900,-2.540300,51.016300,188,208,197,floor,1
12.507300,-2.530400,51.018299,182,205,192,floor,1
12.504800,-2.521000,51.017399,187,210,194,floor,1
12.507500,-2.516500,51.018600,188,210,201,floor,1
12.511800,-2.506400,51.018799,189,209,197,floor,1
12.510800,-2.504600,51.019001,189,208,200,floor,1
12.516400,-2.492800,51.019600,191,209,199,floor,1
12.518700,-2.488300,51.020000,188,211,197,floor,1
12.519500,-2.480800,51.019600,187,210,196,floor,1
12.522000,-2.473600,51.020500,189,210,201,floor,1
12.532100,-2.467700,51.021900,187,210,194,floor,1
12.529800,-2.456400,51.021301,189,209,198,floor,1
12.530900,-2.446300,51.021599,190,211,196,floor,1
12.537600,-2.439300,51.022598,190,211,196,floor,1
12.537200,-2.433900,51.023800,191,208,198,floor,1
12.537000,-2.426400,51.023300,189,212,197,floor,1
12.539300,-2.419100,51.023701,189,211,196,floor,1
12.542400,-2.412800,51.023701,187,211,195,floor,1
12.544200,-2.405400,51.023201,191,206,196,floor,1
12.548300,-2.394800,51.025101,190,210,198,floor,1
12.551600,-2.383900,51.025600,191,210,197,floor,1
12.552700,-2.374700,51.025600,192,212,197,floor,1
12.554800,-2.368400,51.026001,195,211,201,floor,1
12.559900,-2.360300,51.025799,190,209,196,floor,1
12.557500,-2.357500,51.027100,191,210,199,floor,1
9.814100,-2.368500,50.642200,189,142,109,floor,1
9.815200,-2.375900,50.642601,192,141,110,floor,1
9.820800,-2.389400,50.643799,185,139,103,floor,1
9.820100,-2.397900,50.643299,183,138,105,floor,1
9.822900,-2.409200,50.644001,185,137,109,floor,1
9.826900,-2.414000,50.644199,190,143,104,floor,1
9.830700,-2.425100,50.644600,192,143,106,floor,1
9.835900,-2.438100,50.645199,192,145,107,floor,1
9.834700,-2.442400,50.644901,193,147,111,floor,1
9.838400,-2.451600,50.646000,194,147,107,floor,1
9.841700,-2.464900,50.645901,196,146,108,floor,1
9.848200,-2.474400,50.646999,196,148,108,floor,1
9.853000,-2.484300,50.647800,194,148,109,floor,1
9.855600,-2.493700,50.647900,191,145,108,floor,1
9.859000,-2.503100,50.648399,194,141,109,floor,1
9.860800,-2.505700,50.648602,187,144,112,floor,1
9.857800,-2.524600,50.648800,181,140,110,floor,1
9.870700,-2.530500,50.650299,181,135,109,floor,1
9.872000,-2.536700,50.650002,176,134,108,floor,1
9.873300,-2.546400,50.650501,171,131,102,floor,1
9.878200,-2.555200,50.651299,165,126,105,floor,1
9.881100,-2.562700,50.651299,155,124,96,floor,1
9.885900,-2.569500,50.652302,152,116,93,floor,1
9.891900,-2.582700,50.652901,143,111,88,floor,1
9.894700,-2.587600,50.653000,141,114,87,floor,1
9.897600,-2.595300,50.653702,145,114,89,floor,1
9.903700,-2.607200,50.654400,146,115,90,floor,1
9.909000,-2.615000,50.655300,141,116,89,floor,1
9.912600,-2.625000,50.655201,136,111,83,floor,1
9.918900,-2.634400,50.656502,140,110,78,floor,1
9.919200,-2.648100,50.655800,136,100,75,floor,1
9.924200,-2.654700,50.656799,126,102,76,floor,1
9.930200,-2.660700,50.657501,127,95,72,floor,1
9.934900,-2.665900,50.658001,124,90,69,floor,1
9.938400,-2.675600,50.658600,122,85,73,floor,1
9.946700,-2.686700,50.679901,112,54,45,floor,1
9.963000,-2.685300,50.682400,111,58,43,floor,1
12.414800,-2.676700,51.002701,124,133,131,floor,1
12.418300,-2.670900,51.002701,128,135,135,floor,1
12.429800,-2.663000,51.005001,132,143,139,floor,1
12.426600,-2.654500,51.005199,135,144,146,floor,1
12.433500,-2.649600,51.005798,140,148,146,floor,1
12.436200,-2.644800,51.006599,142,150,150,floor,1
12.436300,-2.635300,51.006802,145,161,154,floor,1
12.439000,-2.629500,51.007599,148,165,155,floor,1
12.444900,-2.618200,51.008202,150,165,161,floor,1
12.450000,-2.613400,51.009499,152,168,162,floor,1
12.452200,-2.605000,51.009499,152,168,164,floor,1
12.454800,-2.599300,51.010101,159,180,175,floor,1
12.458400,-2.589900,51.010899,173,195,182,floor,1
12.461600,-2.583400,51.010700,178,201,187,floor,1
12.466100,-2.575900,51.010799,185,203,196,floor,1
12.470400,-2.570400,51.012901,186,206,193,floor,1
12.474800,-2.560100,51.013100,186,209,194,floor,1
12.475700,-2.557300,51.013000,188,209,194,floor,1
12.478100,-2.548900,51.013401,188,206,194,floor,1
12.480500,-2.541500,51.013699,187,209,193,floor,1
12.485500,-2.532400,51.014900,187,208,191,floor,1
12.485200,-2.527600,51.014400,186,209,192,floor,1
12.498200,-2.522600,51.016800,187,209,197,floor,1
12.496000,-2.510300,51.016499,189,209,193,floor,1
12.494800,-2.504700,51.016300,183,205,190,floor,1
12.499300,-2.494600,51.016701,188,210,193,floor,1
12.501900,-2.484500,51.017799,187,210,195,floor,1
12.502800,-2.483600,51.017399,187,210,193,floor,1
12.510000,-2.471900,51.019199,190,212,195,floor,1
12.510000,-2.466400,51.019199,190,211,196,floor,1
12.511900,-2.458900,51.018600,191,211,199,floor,1
12.515200,-2.451700,51.019199,191,209,192,floor,1
12.517500,-2.441500,51.019402,190,211,195,floor,1
12.519300,-2.435300,51.020901,190,212,199,floor,1
12.521100,-2.428800,51.020401,192,209,201,floor,1
12.525700,-2.418900,51.021198,191,212,195,floor,1
12.525700,-2.416100,51.021301,190,212,196,floor,1
12.529300,-2.401400,51.021900,190,212,195,floor,1
12.531500,-2.394100,51.022301,190,210,196,floor,1
12.532700,-2.392400,51.022598,190,211,197,floor,1
12.538400,-2.383600,51.023800,193,211,197,floor,1
12.536400,-2.377800,51.023602,192,209,195,floor,1
12.538800,-2.366800,51.024300,192,211,195,floor,1
12.541600,-2.358500,51.023701,192,212,196,floor,1
12.103400,-2.220400,51.608601,131,136,131,floor,1
9.837300,-2.366200,50.645302,193,148,111,floor,1
9.838300,-2.373800,50.645802,194,148,110,floor,1
9.839400,-2.382100,50.645500,196,144,113,floor,1
9.842400,-2.390700,50.646198,196,149,113,floor,1
9.847400,-2.402500,50.646900,194,149,109,floor,1
9.848000,-2.408000,50.646801,195,147,107,floor,1
9.851400,-2.415200,50.647301,196,148,111,floor,1
9.852700,-2.427000,50.647701,194,148,110,floor,1
9.852800,-2.435400,50.647701,194,146,109,floor,1
9.862600,-2.446600,50.649399,196,148,110,floor,1
9.866900,-2.460800,50.649700,198,149,115,floor,1
9.867700,-2.463500,50.649502,197,149,115,floor,1
9.871000,-2.470900,50.650101,199,150,110,floor,1
9.878000,-2.487700,50.651199,195,146,108,floor,1
9.879700,-2.493200,50.651402,194,143,109,floor,1
9.884600,-2.505400,50.651699,190,138,109,floor,1
9.881000,-2.510000,50.651199,190,140,108,floor,1
9.889200,-2.517000,50.652699,185,139,112,floor,1
9.892900,-2.526700,50.653198,179,137,108,floor,1
9.895800,-2.534300,50.653999,176,134,107,floor,1
9.901600,-2.545300,50.654701,171,129,98,floor,1
9.904000,-2.551600,50.654900,170,126,101,floor,1
9.900700,-2.563200,50.654301,156,122,94,floor,1
9.914400,-2.575400,50.655998,144,111,84,floor,1
9.918200,-2.583200,50.656601,142,112,78,floor,1
9.918600,-2.587500,50.656502,144,114,87,floor,1
9.924700,-2.598900,50.657299,144,111,85,floor,1
9.927900,-2.610500,50.657200,141,114,91,floor,1
9.929900,-2.617000,50.657501,143,111,82,floor,1
9.936900,-2.622800,50.658798,141,113,78,floor,1
9.941900,-2.634600,50.659199,136,109,81,floor,1
9.945200,-2.638200,50.660000,133,106,78,floor,1
9.949700,-2.647200,50.660400,129,96,69,floor,1
9.950400,-2.659000,50.660198,128,90,74,floor,1
9.960500,-2.667500,50.661701,127,85,72,floor,1
9.964800,-2.675100,50.662300,124,89,64,floor,1
9.976300,-2.685100,50.684101,113,55,46,floor,1
9.984100,-2.685500,50.684700,115,54,51,floor,1
12.390600,-2.685200,51.021702,106,99,107,floor,1
12.397300,-2.678100,50.999599,126,129,126,floor,1
12.405100,-2.670100,51.001202,126,137,133,floor,1
12.405900,-2.664400,51.000702,130,141,137,floor,1
12.412500,-2.655600,51.002300,135,144,141,floor,1
12.415600,-2.645000,51.003799,136,148,144,floor,1
12.419000,-2.644900,51.003799,136,150,147,floor,1
12.422800,-2.631500,51.004299,148,161,154,floor,1
12.423900,-2.630500,51.004398,146,161,154,floor,1
12.428600,-2.623900,51.004700,146,161,160,floor,1
12.433300,-2.611500,51.007000,150,165,161,floor,1
12.432900,-2.608600,51.006302,149,163,158,floor,1
12.439600,-2.598200,51.006500,151,168,160,floor,1
12.446300,-2.592600,51.008598,152,169,166,floor,1
12.445000,-2.585900,51.008202,156,174,168,floor,1
12.452200,-2.579400,51.009399,170,191,179,floor,1
12.454700,-2.570000,51.009800,179,201,186,floor,1
12.455000,-2.563400,51.010300,183,202,189,floor,1
12.456100,-2.557700,51.010399,184,205,191,floor,1
12.460600,-2.549300,51.010601,183,205,187,floor,1
12.468200,-2.542100,51.012600,186,207,190,floor,1
12.467000,-2.536400,51.012299,186,206,194,floor,1
12.470600,-2.525200,51.012901,185,205,186,floor,1
12.480800,-2.519000,51.014099,188,208,193,floor,1
12.475900,-2.513100,51.013000,186,207,196,floor,1
12.481600,-2.508700,51.013599,185,206,190,floor,1
12.483100,-2.493700,51.014198,189,207,192,floor,1
12.488900,-2.489300,51.015202,188,208,194,floor,1
12.489200,-2.482800,51.015598,188,207,193,floor,1
12.491400,-2.472600,51.015598,192,209,198,floor,1
12.493700,-2.467100,51.015900,189,209,197,floor,1
12.496400,-2.458900,51.016899,189,210,193,floor,1
12.499600,-2.449600,51.016899,192,209,199,floor,1
12.501900,-2.441300,51.017300,191,211,201,floor,1
12.506500,-2.436100,51.018200,188,210,198,floor,1
12.508400,-2.427700,51.017899,188,210,195,floor,1
12.508500,-2.425900,51.018101,190,210,198,floor,1
12.512200,-2.415900,51.019100,190,210,200,floor,1
12.515200,-2.408500,51.018902,188,211,194,floor,1
12.516200,-2.398200,51.018700,191,213,192,floor,1
12.517500,-2.395500,51.019100,191,214,197,floor,1
12.520400,-2.385600,51.020599,192,213,194,floor,1
12.521200,-2.378900,51.020100,193,211,196,floor,1
12.526000,-2.368200,51.021400,193,211,199,floor,1
12.525900,-2.363400,51.021198,192,211,198,floor,1
12.095400,-2.222200,51.604301,112,120,114,floor,1
9.856500,-2.356200,50.647900,198,147,110,floor,1
9.860200,-2.370600,50.648399,199,150,113,floor,1
9.863500,-2.377900,50.648899,197,150,115,floor,1
9.863500,-2.382200,50.648899,195,151,114,floor,1
9.868600,-2.399900,50.649799,199,150,112,floor,1
9.868600,-2.404300,50.649799,201,148,122,floor,1
9.868900,-2.417100,50.649799,197,149,112,floor,1
9.877300,-2.422200,50.651100,201,150,114,floor,1
9.877300,-2.430800,50.651199,204,149,116,floor,1
9.879500,-2.441200,50.651299,198,148,112,floor,1
9.883600,-2.445600,50.651798,201,151,114,floor,1
9.884800,-2.456200,50.652302,200,151,116,floor,1
9.892900,-2.470200,50.653099,198,149,113,floor,1
9.896400,-2.481300,50.653599,198,148,114,floor,1
9.900400,-2.487300,50.654099,192,148,107,floor,1
9.901300,-2.494400,50.653900,188,145,109,floor,1
9.906500,-2.503200,50.654900,188,140,110,floor,1
9.906000,-2.511900,50.654999,186,138,113,floor,1
9.913900,-2.523500,50.655899,180,138,114,floor,1
9.914300,-2.530000,50.655899,174,135,110,floor,1
9.916300,-2.537100,50.656101,170,130,111,floor,1
9.925700,-2.548100,50.657501,172,125,103,floor,1
9.926000,-2.558200,50.657501,163,123,102,floor,1
9.922800,-2.569300,50.656898,147,115,86,floor,1
9.937700,-2.576700,50.659199,142,112,81,floor,1
9.937900,-2.582500,50.659199,139,112,79,floor,1
9.946800,-2.592600,50.660198,144,113,87,floor,1
9.950100,-2.601400,50.660900,143,112,85,floor,1
9.955100,-2.610200,50.661301,139,114,83,floor,1
9.955300,-2.613100,50.661301,140,110,82,floor,1
9.959600,-2.620500,50.661800,141,112,85,floor,1
9.963800,-2.631000,50.662399,138,110,81,floor,1
9.967900,-2.637000,50.662998,135,104,76,floor,1
9.974000,-2.646100,50.663898,131,99,77,floor,1
9.980700,-2.662100,50.664001,126,93,63,floor,1
9.982500,-2.662900,50.664299,127,91,66,floor,1
9.989100,-2.673800,50.665199,122,82,68,floor,1
10.001400,-2.683200,50.685799,112,60,50,floor,1
10.013400,-2.687600,50.688900,112,56,46,floor,1
12.369100,-2.686700,51.018200,101,101,103,floor,1
12.379700,-2.682400,50.997002,119,122,122,floor,1
12.381900,-2.675500,50.996899,125,130,134,floor,1
12.390800,-2.667500,50.998402,131,135,136,floor,1
12.393600,-2.666500,50.999001,133,135,139,floor,1
12.394900,-2.652900,50.999298,135,144,138,floor,1
12.397300,-2.649000,50.999401,135,144,141,floor,1
12.403600,-2.639300,51.000401,142,149,148,floor,1
12.403700,-2.637300,51.000599,144,154,150,floor,1
12.409100,-2.623800,51.002201,149,157,158,floor,1
12.413900,-2.621900,51.002800,147,158,159,floor,1
12.415000,-2.613200,51.002602,147,164,154,floor,1
12.417100,-2.606600,51.004200,149,163,163,floor,1
12.423800,-2.598000,51.003899,145,164,160,floor,1
12.427100,-2.588500,51.005699,148,163,161,floor,1
12.428100,-2.586600,51.005501,149,164,161,floor,1
12.437700,-2.582000,51.006901,152,167,162,floor,1
12.438900,-2.572500,51.007099,155,175,166,floor,1
12.438900,-2.562000,51.006901,167,186,177,floor,1
12.447000,-2.556500,51.007900,176,197,179,floor,1
12.447400,-2.546000,51.008301,175,196,185,floor,1
12.449600,-2.544200,51.008499,176,202,188,floor,1
12.453800,-2.536800,51.009998,183,203,191,floor,1
12.455800,-2.524500,51.009602,184,205,186,floor,1
12.457100,-2.523700,51.010101,186,204,182,floor,1
12.471400,-2.513900,51.012299,184,207,187,floor,1
12.466900,-2.506100,51.012001,186,206,191,floor,1
12.468100,-2.499500,51.012199,190,209,190,floor,1
12.472700,-2.489400,51.012699,186,209,196,floor,1
12.475800,-2.482000,51.012600,189,209,194,floor,1
12.476100,-2.474500,51.013100,189,209,194,floor,1
12.477000,-2.468800,51.012798,189,209,193,floor,1
12.478600,-2.464200,51.013699,188,209,193,floor,1
12.480800,-2.457700,51.013802,186,210,193,floor,1
12.484500,-2.450500,51.014500,189,210,193,floor,1
12.487900,-2.439300,51.014900,191,211,194,floor,1
12.488100,-2.435600,51.015202,189,209,194,floor,1
12.491600,-2.427300,51.015701,190,209,198,floor,1
12.495400,-2.416300,51.016701,190,212,193,floor,1
12.499800,-2.408200,51.017200,191,211,194,floor,1
12.500700,-2.401600,51.016800,190,211,198,floor,1
12.501200,-2.395100,51.017700,190,210,198,floor,1
12.503500,-2.387700,51.018002,192,212,197,floor,1
12.504700,-2.383100,51.018299,191,213,195,floor,1
12.507900,-2.375800,51.018501,189,214,197,floor,1
12.510200,-2.365500,51.018799,193,214,198,floor,1
12.514700,-2.359400,51.019402,193,213,197,floor,1
9.879500,-2.357700,50.651100,197,151,114,floor,1
10.422200,-2.223300,51.391899,123,115,108,floor,1
9.881000,-2.369100,50.651402,199,149,116,floor,1
9.886500,-2.379000,50.652199,198,148,109,floor,1
9.886900,-2.386300,50.652199,201,150,113,floor,1
9.888100,-2.396300,50.652599,201,151,116,floor,1
9.896600,-2.409400,50.653400,199,151,116,floor,1
9.896700,-2.413800,50.653400,195,151,112,floor,1
9.896100,-2.424100,50.652802,196,152,115,floor,1
9.902000,-2.432600,50.654202,203,150,114,floor,1
9.906400,-2.441500,50.654701,198,151,110,floor,1
9.906600,-2.453900,50.654598,199,151,113,floor,1
9.910900,-2.466500,50.655102,197,149,111,floor,1
9.911200,-2.473000,50.654999,196,149,116,floor,1
9.917200,-2.477300,50.655701,196,146,115,floor,1
9.921300,-2.491500,50.657001,186,145,110,floor,1
9.926000,-2.494000,50.657299,190,142,112,floor,1
9.928300,-2.503300,50.657501,188,140,109,floor,1
9.936300,-2.517200,50.658600,181,138,108,floor,1
9.933900,-2.522600,50.658501,183,135,109,floor,1
9.937300,-2.527500,50.659199,177,135,102,floor,1
9.942000,-2.543400,50.659698,170,129,102,floor,1
9.945500,-2.552000,50.660301,167,125,103,floor,1
9.947800,-2.560800,50.660599,162,123,95,floor,1
9.958400,-2.566900,50.661900,151,118,94,floor,1
9.961600,-2.573500,50.662701,145,110,84,floor,1
9.963900,-2.581600,50.662998,141,109,80,floor,1
9.970200,-2.592000,50.663799,141,109,82,floor,1
9.972700,-2.602400,50.664001,142,109,84,floor,1
9.978800,-2.609900,50.664200,140,112,83,floor,1
9.979200,-2.615900,50.664200,139,109,82,floor,1
9.985400,-2.626500,50.665100,140,106,77,floor,1
9.987900,-2.630300,50.665298,135,108,81,floor,1
9.987900,-2.637900,50.665298,135,100,72,floor,1
9.999900,-2.651100,50.666599,130,95,73,floor,1
10.003400,-2.656500,50.667301,128,91,69,floor,1
10.010500,-2.668300,50.668201,124,88,66,floor,1
10.012700,-2.676200,50.668499,121,84,61,floor,1
10.010700,-2.681500,50.668201,117,81,60,floor,1
10.037100,-2.685600,50.692200,111,59,50,floor,1
10.034500,-2.687800,50.691898,110,60,47,floor,1
12.355800,-2.689000,51.015301,108,94,106,floor,1
12.360100,-2.682800,50.995098,116,120,120,floor,1
12.368800,-2.675700,50.996101,123,131,133,floor,1
12.368100,-2.669900,50.995201,129,132,134,floor,1
12.378400,-2.660900,50.996700,131,137,137,floor,1
12.381900,-2.652100,50.996799,133,141,142,floor,1
12.380900,-2.647200,50.996899,139,142,142,floor,1
12.389000,-2.641300,50.998901,139,148,145,floor,1
12.390000,-2.631600,50.998600,148,153,152,floor,1
12.393800,-2.625800,50.999199,147,155,152,floor,1
12.395400,-2.619000,50.999901,146,160,148,floor,1
12.400100,-2.610300,51.000099,148,159,156,floor,1
12.401800,-2.606400,51.000999,147,161,159,floor,1
12.405300,-2.599700,51.001099,149,160,156,floor,1
12.409100,-2.591100,51.002102,147,162,156,floor,1
12.412400,-2.587300,51.003502,148,165,152,floor,1
12.416800,-2.576800,51.003502,152,165,159,floor,1
12.419400,-2.572000,51.004002,152,162,159,floor,1
12.424600,-2.561600,51.005100,157,170,162,floor,1
12.425000,-2.559700,51.005798,156,171,160,floor,1
12.429200,-2.550200,51.005299,162,180,165,floor,1
12.433000,-2.538900,51.006100,169,188,175,floor,1
12.434600,-2.534200,51.006901,169,192,174,floor,1
12.441400,-2.526800,51.007198,182,201,185,floor,1
12.440800,-2.523900,51.008202,185,203,185,floor,1
12.446500,-2.515600,51.008499,186,206,186,floor,1
12.446200,-2.508800,51.007999,186,209,188,floor,1
12.453200,-2.498700,51.008801,187,207,189,floor,1
12.453800,-2.490200,51.009800,186,206,191,floor,1
12.458600,-2.482900,51.010601,187,208,192,floor,1
12.459400,-2.475300,51.009998,190,207,196,floor,1
12.460600,-2.472500,51.010101,186,209,191,floor,1
12.462200,-2.466000,51.011002,189,207,193,floor,1
12.466600,-2.454800,51.011101,189,210,193,floor,1
12.471400,-2.447500,51.012001,192,210,197,floor,1
12.469700,-2.444700,51.012798,191,209,195,floor,1
12.476600,-2.437600,51.013802,186,211,194,floor,1
12.476600,-2.429000,51.013699,190,209,195,floor,1
12.479400,-2.418600,51.012901,190,211,197,floor,1
12.480900,-2.415900,51.013599,192,209,194,floor,1
12.484700,-2.403000,51.014400,189,213,196,floor,1
12.485900,-2.396400,51.014900,191,211,197,floor,1
12.490700,-2.391200,51.015499,190,209,197,floor,1
12.492200,-2.380900,51.016399,191,210,200,floor,1
12.494200,-2.374400,51.016399,193,213,202,floor,1
12.494100,-2.368600,51.016102,193,212,199,floor,1
12.496200,-2.364900,51.015999,195,214,196,floor,1
9.901400,-2.353600,50.654099,197,152,116,floor,1
9.905400,-2.364700,50.654701,197,149,114,floor,1
9.906300,-2.378700,50.654499,194,151,112,floor,1
9.908900,-2.384200,50.654598,194,146,113,floor,1
9.911600,-2.389600,50.655399,199,150,117,floor,1
9.915900,-2.400800,50.655800,196,150,114,floor,1
9.918800,-2.413000,50.656601,197,149,110,floor,1
9.921400,-2.417700,50.656700,197,151,114,floor,1
9.923000,-2.425600,50.657101,198,149,109,floor,1
9.926200,-2.437800,50.657101,197,151,112,floor,1
9.929000,-2.446300,50.657902,194,149,109,floor,1
9.933200,-2.450900,50.658501,195,145,112,floor,1
9.935300,-2.461100,50.658699,195,149,111,floor,1
9.936200,-2.475100,50.658501,194,148,113,floor,1
9.944500,-2.481600,50.659698,192,146,112,floor,1
9.947200,-2.490200,50.660500,196,143,110,floor,1
9.949100,-2.501300,50.660801,181,142,109,floor,1
9.953900,-2.509000,50.661301,186,139,108,floor,1
9.958100,-2.517600,50.661800,184,135,108,floor,1
9.956500,-2.520800,50.661499,181,131,107,floor,1
9.963900,-2.533700,50.662800,171,130,102,floor,1
9.968100,-2.535700,50.663399,173,129,98,floor,1
9.969000,-2.545400,50.663200,170,125,95,floor,1
9.972800,-2.555700,50.663898,161,123,98,floor,1
9.980300,-2.567500,50.664501,147,117,85,floor,1
9.982100,-2.574200,50.664902,142,112,78,floor,1
9.990400,-2.583800,50.666100,142,110,77,floor,1
9.993000,-2.589800,50.666401,139,108,79,floor,1
9.993600,-2.594400,50.666302,141,109,74,floor,1
10.002000,-2.610300,50.667500,143,109,83,floor,1
10.004200,-2.614900,50.667900,141,111,77,floor,1
10.009700,-2.626500,50.668301,138,109,80,floor,1
10.005700,-2.632700,50.667599,138,108,77,floor,1
10.018000,-2.641300,50.669601,135,97,76,floor,1
10.020900,-2.645200,50.669800,131,100,73,floor,1
10.027800,-2.659500,50.670700,126,92,69,floor,1
10.027300,-2.662600,50.670799,127,92,71,floor,1
10.035000,-2.673100,50.671600,123,88,66,floor,1
10.041800,-2.682700,50.684799,113,67,62,floor,1
10.045000,-2.685900,50.693001,110,59,49,floor,1
10.061800,-2.690700,50.695499,114,53,52,floor,1
12.323900,-2.686900,51.011299,109,93,104,floor,1
12.337100,-2.686600,51.013401,106,94,114,floor,1
12.349200,-2.683000,50.994499,113,119,119,floor,1
12.350500,-2.672200,50.992802,126,133,133,floor,1
12.354500,-2.663200,50.993698,133,136,136,floor,1
12.360700,-2.660200,50.994099,131,138,135,floor,1
12.362300,-2.650300,50.994900,133,142,138,floor,1
12.366000,-2.648300,50.995300,133,142,138,floor,1
12.370200,-2.641400,50.996399,137,146,143,floor,1
12.371600,-2.632600,50.996799,144,153,148,floor,1
12.378100,-2.624800,50.997898,145,155,149,floor,1
12.380300,-2.618000,50.997700,147,158,150,floor,1
12.382500,-2.614100,50.997501,146,158,149,floor,1
12.387100,-2.604400,50.999298,147,160,156,floor,1
12.389100,-2.601500,50.998901,148,161,152,floor,1
12.394500,-2.589900,51.000099,148,159,153,floor,1
12.397100,-2.582200,51.000599,149,159,156,floor,1
12.400500,-2.578400,51.000702,149,161,158,floor,1
12.405800,-2.568800,51.001801,151,166,158,floor,1
12.409600,-2.565100,51.002701,156,166,160,floor,1
12.411800,-2.557400,51.002499,155,170,163,floor,1
12.413300,-2.548800,51.003101,156,173,160,floor,1
12.421100,-2.546200,51.004799,156,173,162,floor,1
12.417400,-2.537400,51.004299,160,172,161,floor,1
12.421000,-2.529800,51.004601,169,187,172,floor,1
12.426000,-2.525200,51.005299,177,194,181,floor,1
12.428100,-2.517600,51.005199,184,202,187,floor,1
12.435800,-2.510300,51.007000,182,203,187,floor,1
12.433800,-2.501600,51.007198,187,206,185,floor,1
12.440400,-2.491400,51.007301,185,205,185,floor,1
12.441800,-2.490500,51.007801,186,205,188,floor,1
12.442800,-2.478100,51.007599,186,207,189,floor,1
12.444200,-2.474400,51.007999,186,207,190,floor,1
12.451200,-2.463300,51.008999,188,208,197,floor,1
12.450200,-2.457500,51.008900,190,211,193,floor,1
12.454000,-2.452100,51.009800,189,210,193,floor,1
12.454700,-2.447200,51.009201,192,210,194,floor,1
12.458500,-2.434200,51.010201,190,208,192,floor,1
12.461800,-2.433400,51.010101,191,209,194,floor,1
12.468300,-2.425400,51.012100,190,211,193,floor,1
12.471600,-2.419000,51.012100,191,212,195,floor,1
12.469200,-2.412100,51.011799,191,213,194,floor,1
12.470800,-2.399800,51.012501,191,213,194,floor,1
12.472900,-2.391300,51.012501,191,211,194,floor,1
12.474900,-2.383000,51.014000,190,210,199,floor,1
12.477700,-2.379400,51.013500,189,209,194,floor,1
12.485800,-2.373400,51.014500,192,213,201,floor,1
12.482400,-2.361500,51.014000,191,211,199,floor,1
12.484600,-2.355000,51.014000,192,215,200,floor,1
10.427200,-2.221500,51.366402,132,105,84,floor,1
9.922800,-2.361000,50.657001,195,151,110,floor,1
9.927700,-2.372900,50.657200,195,148,112,floor,1
9.930900,-2.379900,50.658001,193,142,109,floor,1
9.933300,-2.388500,50.658199,196,147,107,floor,1
9.933200,-2.396100,50.658298,195,147,112,floor,1
9.932400,-2.407600,50.658501,200,148,111,floor,1
9.943300,-2.416300,50.659698,198,148,111,floor,1
9.944800,-2.420700,50.660099,197,148,110,floor,1
9.946900,-2.426400,50.660301,196,152,109,floor,1
9.950900,-2.437100,50.660999,198,150,109,floor,1
9.955200,-2.449400,50.661499,196,151,114,floor,1
9.955900,-2.455400,50.661400,196,149,116,floor,1
9.960200,-2.468400,50.661900,195,146,115,floor,1
9.964900,-2.476200,50.662399,189,149,114,floor,1
9.968400,-2.484200,50.663101,193,147,114,floor,1
9.969400,-2.488600,50.662899,191,146,114,floor,1
9.972400,-2.495200,50.663799,187,143,105,floor,1
9.969400,-2.506100,50.662998,187,139,113,floor,1
9.981300,-2.518700,50.665001,181,134,109,floor,1
9.980500,-2.523400,50.665100,178,133,106,floor,1
9.987900,-2.535000,50.665699,168,127,102,floor,1
9.991200,-2.540900,50.665798,166,126,100,floor,1
9.995000,-2.546100,50.666599,166,124,99,floor,1
9.998200,-2.556600,50.666698,161,122,100,floor,1
10.000900,-2.570400,50.666901,146,113,84,floor,1
10.004000,-2.571000,50.667702,146,112,87,floor,1
10.009800,-2.579300,50.668800,142,108,78,floor,1
10.015000,-2.586900,50.669201,142,111,88,floor,1
10.019700,-2.596100,50.669899,141,110,78,floor,1
10.023600,-2.609300,50.670700,143,110,81,floor,1
10.028400,-2.614000,50.671200,142,107,84,floor,1
10.031300,-2.620200,50.671501,137,110,76,floor,1
10.032800,-2.626500,50.671902,136,108,74,floor,1
10.040400,-2.638400,50.672699,132,100,77,floor,1
10.034500,-2.652500,50.671700,126,95,67,floor,1
10.050700,-2.653700,50.673901,126,93,67,floor,1
10.053400,-2.659300,50.674198,124,92,70,floor,1
10.054000,-2.667300,50.674099,125,90,66,floor,1
10.061200,-2.674800,50.674999,123,83,71,floor,1
10.071700,-2.684700,50.696800,109,57,53,floor,1
10.084800,-2.683600,50.697601,108,58,54,floor,1
12.314800,-2.685200,51.010201,105,99,101,floor,1
12.329700,-2.676500,50.989799,126,128,129,floor,1
12.337800,-2.670400,50.991402,128,132,131,floor,1
12.338800,-2.662500,50.991001,132,136,133,floor,1
12.342900,-2.659400,50.991901,132,135,135,floor,1
12.345500,-2.652400,50.992401,133,139,140,floor,1
12.349400,-2.647500,50.992802,136,143,140,floor,1
12.350900,-2.639500,50.993301,137,145,140,floor,1
12.354600,-2.633600,50.993599,142,149,146,floor,1
12.360000,-2.622800,50.994701,147,154,151,floor,1
12.366000,-2.618900,50.995098,145,153,150,floor,1
12.370000,-2.613000,50.995998,145,157,150,floor,1
12.370200,-2.607100,50.996201,145,157,152,floor,1
12.374500,-2.598400,50.997398,145,160,152,floor,1
12.379200,-2.591600,50.997700,148,159,152,floor,1
12.380600,-2.584800,50.997898,147,160,155,floor,1
12.386800,-2.580000,50.998600,146,159,157,floor,1
12.389000,-2.567400,50.998501,152,165,160,floor,1
12.390500,-2.565500,50.999100,154,166,158,floor,1
12.395900,-2.557900,51.000500,154,168,157,floor,1
12.396600,-2.551100,50.999599,153,170,159,floor,1
12.400400,-2.546400,51.000301,155,170,160,floor,1
12.405700,-2.536900,51.001400,162,176,163,floor,1
12.406000,-2.530200,51.001999,164,185,170,floor,1
12.411800,-2.524600,51.002300,176,196,177,floor,1
12.412000,-2.517800,51.002499,183,205,181,floor,1
12.423200,-2.509700,51.004398,185,206,186,floor,1
12.423300,-2.502000,51.004398,183,206,183,floor,1
12.422300,-2.491300,51.004700,185,206,185,floor,1
12.425900,-2.485700,51.004902,187,208,186,floor,1
12.426600,-2.481800,51.004299,186,209,191,floor,1
12.432100,-2.471700,51.006001,190,209,193,floor,1
12.433400,-2.465000,51.006199,187,209,188,floor,1
12.441800,-2.460800,51.007599,189,210,192,floor,1
12.436900,-2.453700,51.006699,191,210,194,floor,1
12.440900,-2.446300,51.007801,190,208,193,floor,1
12.448800,-2.443900,51.008202,190,209,192,floor,1
12.451300,-2.431700,51.008801,188,209,191,floor,1
12.450000,-2.422900,51.008400,191,208,193,floor,1
12.452700,-2.414500,51.009300,193,210,195,floor,1
12.456500,-2.410000,51.010201,191,210,192,floor,1
12.455000,-2.405000,51.009300,190,212,193,floor,1
12.457000,-2.396400,51.009201,189,209,192,floor,1
12.458400,-2.389900,51.009701,193,212,199,floor,1
12.461300,-2.379600,51.010899,192,212,193,floor,1
12.462400,-2.376800,51.010899,190,211,195,floor,1
12.468300,-2.366800,51.011700,191,214,199,floor,1
12.468500,-2.357100,51.012001,193,213,196,floor,1
9.947100,-2.360600,50.660099,196,147,110,floor,1
9.949600,-2.372400,50.660301,194,146,110,floor,1
9.953400,-2.381700,50.660999,197,148,111,floor,1
9.956100,-2.388100,50.661098,199,153,114,floor,1
9.958300,-2.399300,50.662102,198,149,110,floor,1
9.960500,-2.405000,50.661598,198,151,114,floor,1
9.963700,-2.411400,50.662498,196,151,113,floor,1
9.965500,-2.422700,50.662800,197,149,111,floor,1
9.970800,-2.432600,50.663200,195,149,114,floor,1
9.972900,-2.441600,50.663502,199,150,114,floor,1
9.975200,-2.446600,50.663700,198,147,113,floor,1
9.980000,-2.459100,50.664200,195,147,114,floor,1
9.978400,-2.472400,50.663898,191,147,112,floor,1
9.983900,-2.474000,50.665001,195,148,112,floor,1
9.980200,-2.482100,50.664299,189,146,114,floor,1
9.986800,-2.489100,50.665100,192,142,110,floor,1
9.995200,-2.500600,50.666500,185,139,109,floor,1
10.001800,-2.511600,50.667198,183,136,107,floor,1
10.003700,-2.514500,50.667599,182,137,105,floor,1
10.006300,-2.521300,50.667900,181,130,104,floor,1
10.001800,-2.533300,50.667301,170,129,103,floor,1
10.013800,-2.544900,50.669399,164,126,104,floor,1
10.020400,-2.550800,50.670300,165,127,97,floor,1
10.012000,-2.564500,50.668999,150,116,90,floor,1
10.025500,-2.567000,50.670898,151,118,92,floor,1
10.032400,-2.576900,50.671902,142,107,83,floor,1
10.027200,-2.581000,50.671299,141,108,78,floor,1
10.037600,-2.587800,50.672401,143,110,81,floor,1
10.044100,-2.599500,50.673401,140,108,85,floor,1
10.049000,-2.606600,50.674099,140,110,75,floor,1
10.050000,-2.613000,50.673901,140,114,76,floor,1
10.054800,-2.621700,50.674599,143,110,79,floor,1
10.057800,-2.628200,50.674801,135,109,79,floor,1
10.064900,-2.639400,50.675900,132,97,74,floor,1
10.063000,-2.642700,50.675400,131,98,70,floor,1
10.071000,-2.653300,50.676300,130,96,67,floor,1
10.078600,-2.660700,50.677399,129,93,71,floor,1
10.080800,-2.666500,50.677799,126,87,72,floor,1
10.076700,-2.679400,50.676998,124,83,63,floor,1
10.092900,-2.684000,50.699501,110,60,53,floor,1
10.111800,-2.683900,50.701900,113,54,57,floor,1
12.292600,-2.687700,51.007999,106,96,103,floor,1
12.297000,-2.685600,51.007301,105,99,103,floor,1
12.308200,-2.683000,50.988098,118,120,122,floor,1
12.314000,-2.675900,50.987701,123,126,127,floor,1
12.321600,-2.672700,50.988300,127,130,131,floor,1
12.320500,-2.664700,50.988400,130,132,133,floor,1
12.326200,-2.657700,50.989700,131,137,137,floor,1
12.328100,-2.651700,50.988899,131,139,142,floor,1
12.335400,-2.647600,50.990898,133,142,140,floor,1
12.340400,-2.637600,50.991501,139,147,145,floor,1
12.340600,-2.630700,50.991798,140,151,148,floor,1
12.343000,-2.625700,50.991901,145,152,150,floor,1
12.352200,-2.622800,50.993500,143,153,148,floor,1
12.351200,-2.612900,50.993698,145,156,153,floor,1
12.353300,-2.606000,50.993401,145,157,153,floor,1
12.358700,-2.597200,50.994400,146,156,152,floor,1
12.362600,-2.588400,50.995098,148,158,153,floor,1
12.367800,-2.588500,50.995998,145,160,156,floor,1
12.369300,-2.580700,50.996498,149,159,155,floor,1
12.371600,-2.572900,50.996498,149,161,150,floor,1
12.374300,-2.564100,50.996899,151,164,157,floor,1
12.377700,-2.557400,50.996899,153,168,162,floor,1
12.383900,-2.549800,50.997700,157,170,157,floor,1
12.388200,-2.546000,50.999001,155,167,160,floor,1
12.388100,-2.536200,50.998699,164,173,164,floor,1
12.391900,-2.528600,50.999401,169,185,167,floor,1
12.392400,-2.524700,51.000099,176,193,175,floor,1
12.398300,-2.514300,51.000301,180,204,181,floor,1
12.402200,-2.506700,51.001099,185,206,183,floor,1
12.405500,-2.501000,51.000900,182,206,183,floor,1
12.404200,-2.499000,51.000599,182,207,182,floor,1
12.407600,-2.492500,51.002602,186,207,185,floor,1
12.411700,-2.480000,51.001801,186,208,179,floor,1
12.413200,-2.476200,51.002602,187,208,187,floor,1
12.418200,-2.467800,51.003201,187,210,188,floor,1
12.420800,-2.460200,51.003799,189,208,190,floor,1
12.420700,-2.456400,51.003700,190,212,194,floor,1
12.427100,-2.445200,51.004799,189,209,191,floor,1
12.429300,-2.437600,51.004799,192,212,194,floor,1
12.432100,-2.431100,51.005901,191,211,188,floor,1
12.434700,-2.430400,51.006599,190,209,190,floor,1
12.433400,-2.421500,51.006100,191,211,194,floor,1
12.435700,-2.414900,51.006302,192,210,195,floor,1
12.442000,-2.407700,51.007599,192,209,193,floor,1
12.443900,-2.403000,51.007198,191,211,195,floor,1
12.447600,-2.393600,51.007801,189,211,193,floor,1
12.445500,-2.385700,51.007999,190,210,192,floor,1
12.449000,-2.375300,51.008099,191,212,194,floor,1
12.451400,-2.368800,51.008598,191,212,193,floor,1
12.451300,-2.364900,51.008499,193,213,197,floor,1
12.456100,-2.353700,51.009201,191,214,194,floor,1
9.969700,-2.362100,50.662498,191,145,111,floor,1
9.971300,-2.366500,50.663601,195,148,112,floor,1
9.972200,-2.375000,50.663399,197,149,115,floor,1
9.974600,-2.383900,50.663700,196,148,113,floor,1
9.978100,-2.392700,50.664501,196,146,113,floor,1
9.981200,-2.397600,50.664600,197,148,111,floor,1
9.981700,-2.409200,50.664501,197,148,111,floor,1
9.987900,-2.418400,50.665401,198,151,110,floor,1
9.990200,-2.424300,50.665600,197,147,110,floor,1
9.994500,-2.435400,50.666401,200,145,113,floor,1
9.996400,-2.446800,50.666801,197,148,112,floor,1
10.000700,-2.452500,50.667301,197,148,110,floor,1
10.000300,-2.460400,50.667400,194,149,117,floor,1
10.007700,-2.471200,50.668201,194,148,112,floor,1
10.008500,-2.475900,50.668098,191,147,115,floor,1
10.008400,-2.486800,50.668098,190,144,113,floor,1
10.016300,-2.494700,50.669498,187,142,113,floor,1
10.020600,-2.503700,50.670101,185,140,113,floor,1
10.017400,-2.510200,50.669300,184,138,110,floor,1
10.027300,-2.516500,50.671101,178,136,103,floor,1
10.027900,-2.523500,50.671001,172,133,106,floor,1
10.032300,-2.531200,50.671700,170,131,101,floor,1
10.034900,-2.541300,50.672001,168,127,97,floor,1
10.041800,-2.550400,50.672901,163,126,100,floor,1
10.044700,-2.560600,50.673199,160,122,94,floor,1
10.042000,-2.566300,50.672901,152,117,86,floor,1
10.053900,-2.574600,50.673801,141,108,77,floor,1
10.053100,-2.578600,50.674000,140,109,81,floor,1
10.057300,-2.592100,50.674702,140,110,76,floor,1
10.066400,-2.597500,50.676300,141,112,78,floor,1
10.061600,-2.604800,50.675598,139,112,80,floor,1
10.073100,-2.615200,50.676601,142,111,79,floor,1
10.074700,-2.620100,50.677200,138,111,84,floor,1
10.082100,-2.631500,50.678299,137,108,81,floor,1
10.082700,-2.637200,50.678200,134,102,82,floor,1
10.085500,-2.640500,50.678501,130,103,75,floor,1
10.090000,-2.651200,50.679298,130,94,72,floor,1
10.101100,-2.658000,50.680500,126,92,70,floor,1
10.106200,-2.667200,50.681198,124,95,62,floor,1
10.106100,-2.676400,50.681301,123,83,69,floor,1
10.113700,-2.684800,50.702400,115,54,57,floor,1
10.125600,-2.683700,50.702900,111,56,59,floor,1
12.272700,-2.687200,51.005798,104,95,101,floor,1
12.289000,-2.684800,51.006302,103,99,106,floor,1
12.293300,-2.681400,50.983898,116,124,122,floor,1
12.299800,-2.677100,50.986301,122,127,126,floor,1
12.301600,-2.669100,50.985298,128,132,130,floor,1
12.309700,-2.666900,50.986500,128,132,132,floor,1
12.310900,-2.652900,50.986500,133,136,140,floor,1
12.314200,-2.648800,50.987900,131,139,139,floor,1
12.318000,-2.641800,50.987999,136,143,145,floor,1
12.321000,-2.634700,50.988998,140,150,149,floor,1
12.325800,-2.630700,50.988899,142,151,149,floor,1
12.326200,-2.625700,50.989601,141,151,150,floor,1
12.335200,-2.614800,50.990601,147,153,149,floor,1
12.337000,-2.606900,50.991501,145,156,150,floor,1
12.337000,-2.604900,50.991501,145,156,150,floor,1
12.344800,-2.595100,50.992699,148,158,152,floor,1
12.344900,-2.591100,50.992802,147,159,150,floor,1
12.351300,-2.582300,50.993599,148,157,153,floor,1
12.351500,-2.580400,50.993999,147,158,150,floor,1
12.354100,-2.571500,50.994400,149,160,152,floor,1
12.361700,-2.568800,50.995300,153,163,154,floor,1
12.362800,-2.560900,50.995300,154,166,156,floor,1
12.369100,-2.549300,50.995998,159,167,160,floor,1
12.371700,-2.543500,50.996399,153,170,157,floor,1
12.371600,-2.539500,50.996300,154,172,155,floor,1
12.374200,-2.532800,50.996700,163,179,157,floor,1
12.378300,-2.523200,50.997700,176,196,169,floor,1
12.379500,-2.519300,50.997700,179,200,177,floor,1
12.384300,-2.508700,50.998001,186,204,185,floor,1
12.388000,-2.501000,50.998199,183,204,183,floor,1
12.389700,-2.498300,50.999199,184,204,185,floor,1
12.393200,-2.489700,50.999401,184,205,182,floor,1
12.395600,-2.483900,50.999401,186,207,185,floor,1
12.397400,-2.479200,51.000702,188,210,185,floor,1
12.403100,-2.470700,51.000599,188,208,184,floor,1
12.406000,-2.463100,51.001400,190,208,192,floor,1
12.406000,-2.457300,51.001499,190,211,184,floor,1
12.409500,-2.449700,51.001900,190,209,194,floor,1
12.414300,-2.439300,51.002399,192,212,191,floor,1
12.415600,-2.433600,51.002499,191,209,192,floor,1
12.417200,-2.425000,51.003399,192,211,196,floor,1
12.424500,-2.422600,51.004101,190,209,192,floor,1
12.421000,-2.415500,51.003899,192,211,193,floor,1
12.433100,-2.407800,51.005402,192,211,193,floor,1
12.431200,-2.400900,51.005901,193,211,196,floor,1
12.427100,-2.395600,51.004700,190,209,196,floor,1
12.434400,-2.386500,51.005798,193,211,193,floor,1
12.439600,-2.380300,51.007099,191,212,193,floor,1
12.434700,-2.375800,51.006100,189,214,194,floor,1
12.436800,-2.365200,51.006001,190,210,192,floor,1
12.439400,-2.358700,51.006599,190,210,193,floor,1
9.988600,-2.363800,50.665798,197,148,111,floor,1
9.993300,-2.367700,50.666401,194,149,115,floor,1
9.995300,-2.376100,50.666801,199,148,114,floor,1
9.992500,-2.390100,50.665901,194,149,112,floor,1
10.002100,-2.397100,50.667599,197,150,110,floor,1
10.002000,-2.407400,50.667599,195,151,107,floor,1
10.008600,-2.414300,50.668499,196,149,108,floor,1
10.009100,-2.417400,50.668400,198,150,110,floor,1
10.009200,-2.431700,50.668499,199,147,112,floor,1
10.015400,-2.437900,50.669498,196,150,112,floor,1
10.013800,-2.443700,50.669102,196,148,109,floor,1
10.019100,-2.453300,50.669601,195,150,111,floor,1
10.027000,-2.463400,50.671001,194,148,112,floor,1
10.024500,-2.469300,50.670799,195,150,111,floor,1
10.032500,-2.481100,50.671501,189,150,112,floor,1
10.034100,-2.481800,50.672001,187,150,112,floor,1
10.038800,-2.491600,50.672600,189,145,108,floor,1
10.042100,-2.503300,50.672699,187,141,111,floor,1
10.044300,-2.509500,50.673100,184,139,112,floor,1
10.049700,-2.521100,50.673698,176,136,108,floor,1
10.047100,-2.531700,50.673401,171,128,103,floor,1
10.057500,-2.535000,50.674500,161,124,96,floor,1
10.060600,-2.540500,50.675598,159,123,94,floor,1
10.062300,-2.553300,50.676102,159,121,96,floor,1
10.067800,-2.555400,50.676701,159,121,92,floor,1
10.073700,-2.567300,50.678101,145,112,88,floor,1
10.077500,-2.572800,50.679001,135,107,76,floor,1
10.080200,-2.579300,50.679298,135,102,76,floor,1
10.082900,-2.583300,50.679699,132,100,71,floor,1
10.088800,-2.595400,50.679401,140,111,76,floor,1
10.090800,-2.599500,50.679798,143,109,81,floor,1
10.098900,-2.613300,50.680801,141,112,81,floor,1
10.095900,-2.618300,50.680500,138,111,86,floor,1
10.104300,-2.626500,50.681400,134,111,80,floor,1
10.107300,-2.629000,50.681702,135,110,81,floor,1
10.112600,-2.638200,50.682400,133,103,74,floor,1
10.118500,-2.649200,50.682999,130,94,71,floor,1
10.123400,-2.656800,50.683701,129,95,74,floor,1
10.129200,-2.665400,50.684399,127,92,70,floor,1
10.132500,-2.672300,50.684601,126,90,68,floor,1
10.128600,-2.679700,50.684502,116,83,64,floor,1
10.146500,-2.682800,50.700100,112,65,64,floor,1
10.160400,-2.685900,50.709000,110,60,57,floor,1
12.262000,-2.689500,51.002998,105,93,101,floor,1
12.263300,-2.685400,51.003101,102,93,100,floor,1
12.278600,-2.677600,50.982498,123,127,127,floor,1
12.280500,-2.673500,50.983501,124,130,127,floor,1
12.287500,-2.663200,50.984501,127,134,134,floor,1
12.288400,-2.661200,50.984001,129,134,134,floor,1
12.295900,-2.650000,50.984001,132,138,136,floor,1
12.299100,-2.648900,50.985001,131,138,136,floor,1
12.303500,-2.638800,50.986000,138,142,139,floor,1
12.306300,-2.631800,50.986801,141,145,146,floor,1
12.309100,-2.626800,50.987301,145,151,148,floor,1
12.316900,-2.620700,50.988098,143,151,147,floor,1
12.315900,-2.613700,50.988300,143,153,146,floor,1
12.318200,-2.611700,50.988201,145,155,148,floor,1
12.324900,-2.601800,50.989300,147,155,152,floor,1
12.327900,-2.593900,50.990299,144,155,149,floor,1
12.328200,-2.590900,50.990601,144,155,148,floor,1
12.331900,-2.584000,50.990898,146,159,149,floor,1
12.338800,-2.574200,50.992298,149,157,156,floor,1
12.340900,-2.569200,50.992001,149,162,153,floor,1
12.344700,-2.561400,50.992298,153,164,154,floor,1
12.347500,-2.557500,50.993099,152,166,155,floor,1
12.352900,-2.547800,50.994202,154,168,160,floor,1
12.352700,-2.542900,50.993801,160,168,154,floor,1
12.356500,-2.535100,50.994202,161,175,156,floor,1
12.359000,-2.533200,50.994598,164,179,162,floor,1
12.362800,-2.521500,50.995098,179,200,174,floor,1
12.367000,-2.520700,50.996300,176,193,170,floor,1
12.369200,-2.512900,50.995998,185,202,183,floor,1
12.372600,-2.501300,50.995800,187,204,178,floor,1
12.375400,-2.497500,50.996601,184,203,179,floor,1
12.376900,-2.491700,50.997101,183,205,180,floor,1
12.379400,-2.484900,50.997398,187,206,187,floor,1
12.382200,-2.478300,50.998100,187,207,185,floor,1
12.387500,-2.468600,50.997398,188,207,187,floor,1
12.389300,-2.461000,50.998299,190,209,190,floor,1
12.392400,-2.459300,50.999802,190,210,189,floor,1
12.392500,-2.453400,50.999802,192,210,186,floor,1
12.397300,-2.444900,51.000301,191,211,191,floor,1
12.397200,-2.439000,51.000000,194,212,192,floor,1
12.402100,-2.431500,51.000500,193,213,190,floor,1
12.402300,-2.425700,51.000900,191,211,192,floor,1
12.409200,-2.419300,51.001202,192,211,194,floor,1
12.409400,-2.406600,51.001499,194,211,194,floor,1
12.409400,-2.405600,51.001400,192,210,193,floor,1
12.414600,-2.396300,51.002701,191,213,190,floor,1
12.415800,-2.392500,51.002701,191,213,189,floor,1
12.418600,-2.380000,51.003399,192,211,189,floor,1
12.418400,-2.378000,51.003201,193,212,189,floor,1
12.421000,-2.371400,51.003700,192,212,192,floor,1
12.424500,-2.364800,51.003799,193,211,196,floor,1
10.007600,-2.356800,50.668598,193,152,111,floor,1
10.008300,-2.366400,50.668400,196,150,112,floor,1
10.013100,-2.375100,50.668999,198,149,111,floor,1
10.008900,-2.383100,50.668400,197,149,112,floor,1
10.019800,-2.388400,50.669899,198,150,112,floor,1
10.023100,-2.400700,50.670898,197,149,111,floor,1
10.019100,-2.406200,50.670101,196,148,113,floor,1
10.020500,-2.419600,50.669899,195,149,115,floor,1
10.032000,-2.423500,50.671398,196,150,112,floor,1
10.029300,-2.429500,50.671299,199,148,112,floor,1
10.036800,-2.439700,50.672100,196,150,111,floor,1
10.036900,-2.446200,50.672100,193,151,109,floor,1
10.042200,-2.452700,50.672501,198,149,113,floor,1
10.041300,-2.463300,50.672699,193,147,111,floor,1
10.047000,-2.473100,50.673199,190,147,116,floor,1
10.052500,-2.478900,50.673801,184,146,113,floor,1
10.058400,-2.488900,50.674999,174,131,103,floor,1
10.061700,-2.497500,50.676102,176,137,106,floor,1
10.064800,-2.501300,50.676300,180,135,108,floor,1
10.064800,-2.512600,50.676300,179,132,104,floor,1
10.073400,-2.518500,50.678001,177,132,102,floor,1
10.077100,-2.523100,50.682301,90,43,24,floor,1
10.081100,-2.533500,50.679901,158,122,92,floor,1
10.082600,-2.544000,50.679600,162,122,95,floor,1
10.086700,-2.544600,50.680500,159,123,99,floor,1
10.088900,-2.551900,50.680801,159,122,96,floor,1
10.090700,-2.565000,50.681400,148,116,91,floor,1
10.097400,-2.568000,50.682598,145,111,85,floor,1
10.105000,-2.579300,50.683601,134,102,78,floor,1
10.105700,-2.581800,50.684399,136,100,77,floor,1
10.109300,-2.594100,50.681999,139,111,80,floor,1
10.110900,-2.603200,50.682598,143,110,82,floor,1
10.119600,-2.609800,50.683498,139,111,80,floor,1
10.122600,-2.619000,50.683800,134,112,83,floor,1
10.125300,-2.623200,50.684200,134,112,84,floor,1
10.130500,-2.630000,50.684799,135,107,85,floor,1
10.133000,-2.635000,50.685299,138,101,84,floor,1
10.138400,-2.648700,50.686001,131,98,74,floor,1
10.146500,-2.655600,50.687099,131,93,74,floor,1
10.147300,-2.663300,50.687000,126,95,72,floor,1
10.152100,-2.667700,50.687801,126,94,72,floor,1
10.159900,-2.676600,50.688999,121,87,75,floor,1
10.164500,-2.682700,50.696098,115,74,62,floor,1
10.169600,-2.684600,50.710098,110,61,57,floor,1
10.183400,-2.692100,50.712299,111,59,57,floor,1
12.235800,-2.693300,51.000099,103,87,99,floor,1
12.238100,-2.687100,50.999699,102,94,105,floor,1
12.250900,-2.685700,51.001701,106,99,103,floor,1
12.266000,-2.683000,50.982201,114,116,117,floor,1
12.263500,-2.673900,50.980301,124,129,127,floor,1
12.266400,-2.671800,50.980900,124,131,128,floor,1
12.273200,-2.661400,50.981800,128,134,134,floor,1
12.275200,-2.654300,50.982800,129,136,136,floor,1
12.278800,-2.650200,50.982601,132,137,138,floor,1
12.284200,-2.644000,50.983299,131,141,139,floor,1
12.284800,-2.639900,50.984100,134,142,140,floor,1
12.294200,-2.631800,50.985100,140,151,143,floor,1
12.294000,-2.628800,50.984699,141,148,144,floor,1
12.295800,-2.620700,50.985600,144,151,150,floor,1
12.301500,-2.610600,50.986801,145,153,149,floor,1
12.305000,-2.606600,50.986500,146,154,150,floor,1
12.310800,-2.599700,50.987801,145,155,148,floor,1
12.314400,-2.593700,50.987900,146,156,149,floor,1
12.317500,-2.586700,50.988800,147,156,150,floor,1
12.316200,-2.584700,50.988602,147,155,151,floor,1
12.320000,-2.577800,50.988998,147,157,150,floor,1
12.325200,-2.567900,50.989601,151,161,150,floor,1
12.329500,-2.562000,50.990700,156,166,150,floor,1
12.332300,-2.554000,50.989700,155,167,159,floor,1
12.336000,-2.550200,50.991501,155,167,160,floor,1
12.337400,-2.544300,50.991798,155,169,155,floor,1
12.339900,-2.540400,50.992199,156,168,157,floor,1
12.347200,-2.528700,50.992401,169,184,166,floor,1
12.347500,-2.523800,50.992901,175,192,172,floor,1
12.350000,-2.516000,50.993099,185,199,177,floor,1
12.359000,-2.513400,50.994400,187,203,183,floor,1
12.355100,-2.506300,50.993801,186,202,179,floor,1
12.360400,-2.494700,50.994701,184,202,181,floor,1
12.362700,-2.491900,50.994801,185,206,182,floor,1
12.367200,-2.482300,50.996300,187,206,185,floor,1
12.368000,-2.478300,50.995602,187,208,181,floor,1
12.370800,-2.472600,50.996399,190,209,190,floor,1
12.372600,-2.466700,50.995602,189,208,187,floor,1
12.374700,-2.461000,50.997002,191,209,188,floor,1
12.376900,-2.453300,50.997002,191,210,192,floor,1
12.380700,-2.444600,50.997398,190,209,191,floor,1
12.384900,-2.435100,50.998600,191,210,190,floor,1
12.388700,-2.433400,50.999100,190,210,191,floor,1
12.388200,-2.427400,50.998199,188,210,189,floor,1
12.389700,-2.419700,50.998901,193,211,192,floor,1
12.393400,-2.409100,50.999298,193,212,194,floor,1
12.394700,-2.407300,50.999500,192,210,193,floor,1
12.400800,-2.396900,51.000000,192,213,192,floor,1
12.402500,-2.391200,51.000999,192,211,193,floor,1
12.402400,-2.382300,51.000702,192,212,194,floor,1
12.404800,-2.379600,51.000999,191,211,193,floor,1
12.407000,-2.373800,51.000999,191,213,197,floor,1
12.409600,-2.364200,51.001499,191,213,194,floor,1
10.031800,-2.361700,50.671299,197,150,114,floor,1
10.031600,-2.371600,50.671398,198,150,117,floor,1
10.037900,-2.378600,50.672401,198,151,114,floor,1
10.036500,-2.383800,50.671902,198,151,115,floor,1
10.039000,-2.394000,50.672199,197,152,115,floor,1
10.043300,-2.397300,50.672901,195,149,111,floor,1
10.052200,-2.418000,50.673698,191,150,113,floor,1
10.052500,-2.421200,50.673599,193,154,115,floor,1
10.056600,-2.434500,50.674400,190,150,115,floor,1
10.061500,-2.441200,50.675900,187,142,114,floor,1
10.064500,-2.450700,50.676201,180,142,114,floor,1
10.066100,-2.456300,50.676701,186,143,114,floor,1
10.066100,-2.462800,50.676701,187,141,108,floor,1
10.076100,-2.474000,50.679798,182,140,107,floor,1
10.076100,-2.474900,50.681499,163,120,90,floor,1
10.078300,-2.485300,50.680302,183,144,117,floor,1
10.098200,-2.534000,50.682301,161,123,91,floor,1
10.104600,-2.536900,50.683601,162,125,98,floor,1
10.097200,-2.557200,50.682598,155,122,89,floor,1
10.113800,-2.553100,50.685200,162,128,100,floor,1
10.108700,-2.562500,50.684601,154,120,88,floor,1
10.123300,-2.572000,50.686798,139,113,79,floor,1
10.126800,-2.579400,50.687901,141,109,82,floor,1
10.126100,-2.583600,50.687199,134,105,77,floor,1
10.124200,-2.595500,50.684299,140,109,83,floor,1
10.137300,-2.602800,50.686100,142,113,78,floor,1
10.139600,-2.609600,50.686501,143,112,88,floor,1
10.145200,-2.617200,50.687199,143,109,86,floor,1
10.145900,-2.621500,50.687099,137,112,80,floor,1
10.148900,-2.631700,50.687401,136,106,81,floor,1
10.153900,-2.637700,50.688301,134,103,81,floor,1
10.156600,-2.642100,50.688702,132,100,82,floor,1
10.162200,-2.648200,50.689400,130,99,78,floor,1
10.171300,-2.658700,50.690399,127,97,79,floor,1
10.172400,-2.664800,50.690201,126,93,71,floor,1
10.171400,-2.677000,50.690399,117,89,65,floor,1
10.182700,-2.676500,50.692001,119,91,67,floor,1
10.206000,-2.688700,50.714901,110,60,54,floor,1
10.207500,-2.697600,50.715599,108,61,58,floor,1
12.217600,-2.690700,50.997898,102,92,93,floor,1
12.221400,-2.689600,50.997799,106,94,93,floor,1
12.230000,-2.686300,50.999100,100,96,97,floor,1
12.236400,-2.683500,50.983501,110,110,111,floor,1
12.245100,-2.676300,50.977600,124,127,127,floor,1
12.247800,-2.673200,50.977798,125,128,129,floor,1
12.252200,-2.667900,50.978699,128,131,130,floor,1
12.253900,-2.662700,50.979198,128,132,133,floor,1
12.262400,-2.655400,50.980499,131,134,137,floor,1
12.262500,-2.649300,50.980701,132,138,135,floor,1
12.267700,-2.646200,50.980900,130,141,136,floor,1
12.273700,-2.637000,50.982399,134,148,140,floor,1
12.276500,-2.633900,50.982800,141,149,143,floor,1
12.277900,-2.624700,50.983002,143,149,149,floor,1
12.282300,-2.617600,50.984001,145,151,151,floor,1
12.286300,-2.612600,50.984299,146,152,153,floor,1
12.293300,-2.606500,50.985401,146,153,147,floor,1
12.295800,-2.600500,50.985401,147,155,148,floor,1
12.295800,-2.592400,50.985401,146,156,147,floor,1
12.302700,-2.593500,50.986599,147,155,149,floor,1
12.302500,-2.583400,50.986198,146,156,149,floor,1
12.306500,-2.573500,50.986801,151,157,151,floor,1
12.310900,-2.568500,50.987701,150,161,153,floor,1
12.314700,-2.560600,50.988201,154,164,157,floor,1
12.314800,-2.556600,50.988300,153,167,153,floor,1
12.320100,-2.547700,50.988998,155,167,154,floor,1
12.324900,-2.545900,50.989101,155,168,156,floor,1
12.326100,-2.538900,50.988998,156,172,158,floor,1
12.328000,-2.530000,50.990002,166,180,161,floor,1
12.335200,-2.524200,50.990101,176,191,172,floor,1
12.333000,-2.520200,50.990601,179,196,179,floor,1
12.340900,-2.511600,50.991600,183,200,182,floor,1
12.342100,-2.504700,50.991699,184,201,177,floor,1
12.345700,-2.499900,50.991901,186,202,182,floor,1
12.347400,-2.493000,50.992599,185,203,185,floor,1
12.350100,-2.489200,50.993099,185,203,185,floor,1
12.353500,-2.478400,50.993000,187,208,183,floor,1
12.361600,-2.475900,50.994598,189,208,180,floor,1
12.361600,-2.471000,50.994701,188,207,188,floor,1
12.361400,-2.456000,50.994202,192,209,185,floor,1
12.364100,-2.454300,50.994999,191,208,188,floor,1
12.365300,-2.446400,50.994999,190,209,191,floor,1
12.369100,-2.436800,50.995399,189,210,194,floor,1
12.370600,-2.433900,50.995899,190,208,195,floor,1
12.371800,-2.429100,50.996101,189,207,190,floor,1
12.379700,-2.423800,50.997501,193,209,193,floor,1
12.380700,-2.410900,50.997101,193,210,195,floor,1
12.381900,-2.403100,50.997101,193,210,192,floor,1
12.382500,-2.397300,50.998100,194,210,193,floor,1
12.385900,-2.389600,50.998199,193,211,194,floor,1
12.386000,-2.388600,50.998199,193,210,194,floor,1
12.393500,-2.379400,50.999199,194,213,198,floor,1
12.392600,-2.369400,50.999599,194,210,195,floor,1
12.394900,-2.367600,50.999500,193,211,192,floor,1
12.396200,-2.355800,50.999802,191,212,193,floor,1
10.057300,-2.372600,50.674801,185,140,106,floor,1
10.056700,-2.381000,50.674900,181,143,104,floor,1
10.062600,-2.389100,50.676300,191,145,109,floor,1
10.065000,-2.394500,50.676701,191,150,117,floor,1
10.065600,-2.401900,50.676701,195,150,112,floor,1
10.072300,-2.412500,50.677898,188,147,108,floor,1
10.076000,-2.420300,50.679699,171,135,108,floor,1
10.078100,-2.426600,50.679199,184,143,112,floor,1
10.076900,-2.431700,50.678699,190,146,111,floor,1
10.077500,-2.439100,50.679401,185,147,115,floor,1
10.085000,-2.448200,50.682899,65,39,50,floor,1
10.089600,-2.455100,50.682098,65,36,49,floor,1
10.092800,-2.459700,50.683899,67,38,47,floor,1
10.095700,-2.470200,50.685101,62,36,38,floor,1
10.119500,-2.520800,50.687401,71,39,55,floor,1
10.123200,-2.531500,50.688400,93,63,38,floor,1
10.119200,-2.541900,50.685902,161,125,96,floor,1
10.132400,-2.546200,50.688499,159,123,96,floor,1
10.135000,-2.551100,50.688801,164,127,102,floor,1
10.135900,-2.561300,50.688702,165,133,108,floor,1
10.142800,-2.572100,50.690102,143,115,85,floor,1
10.139800,-2.577300,50.689800,143,113,83,floor,1
10.146500,-2.580500,50.691200,144,118,83,floor,1
10.155000,-2.593900,50.688801,138,109,76,floor,1
10.154600,-2.600800,50.688900,140,111,86,floor,1
10.160400,-2.605000,50.689602,140,110,75,floor,1
10.160300,-2.611100,50.689701,135,111,81,floor,1
10.165200,-2.624000,50.689701,134,107,79,floor,1
10.175700,-2.629200,50.691299,136,111,82,floor,1
10.171900,-2.633500,50.690201,135,107,86,floor,1
10.176300,-2.640500,50.691299,134,102,72,floor,1
10.188100,-2.650300,50.692699,128,99,72,floor,1
10.191300,-2.658300,50.693100,131,93,76,floor,1
10.194500,-2.661000,50.693401,127,95,74,floor,1
10.200400,-2.669100,50.694199,127,95,75,floor,1
10.199900,-2.674400,50.694302,123,88,68,floor,1
10.211300,-2.682000,50.696098,114,80,67,floor,1
10.224700,-2.690400,50.717602,111,62,58,floor,1
12.200600,-2.690200,50.994400,107,92,99,floor,1
12.205600,-2.687900,50.995701,103,92,98,floor,1
12.213200,-2.684700,50.995602,104,101,103,floor,1
12.231100,-2.683600,50.984798,105,108,108,floor,1
12.232200,-2.683600,50.984600,103,107,108,floor,1
12.231300,-2.671400,50.976398,124,129,129,floor,1
12.238500,-2.663000,50.977299,127,133,132,floor,1
12.238600,-2.659800,50.977501,128,135,131,floor,1
12.244100,-2.656700,50.977901,128,136,133,floor,1
12.247100,-2.649400,50.978401,132,138,134,floor,1
12.251500,-2.641100,50.979301,132,142,138,floor,1
12.256700,-2.637000,50.979599,136,145,142,floor,1
12.261600,-2.631900,50.980999,142,149,144,floor,1
12.263700,-2.622700,50.980400,142,150,150,floor,1
12.265900,-2.615500,50.981701,142,151,147,floor,1
12.268300,-2.611400,50.981602,143,151,148,floor,1
12.274300,-2.601300,50.983101,148,155,146,floor,1
12.276000,-2.600300,50.983601,148,155,145,floor,1
12.280600,-2.590200,50.983299,145,156,146,floor,1
12.283500,-2.590200,50.983799,145,156,149,floor,1
12.288900,-2.577100,50.984299,146,158,154,floor,1
12.292000,-2.577200,50.985100,146,157,152,floor,1
12.294800,-2.566100,50.985500,149,162,154,floor,1
12.299700,-2.560200,50.985600,152,162,149,floor,1
12.300300,-2.554200,50.986500,154,164,158,floor,1
12.304100,-2.548200,50.986500,156,167,153,floor,1
12.307000,-2.542300,50.987301,158,167,155,floor,1
12.310900,-2.536400,50.987701,161,170,157,floor,1
12.314300,-2.529400,50.987499,169,179,165,floor,1
12.316000,-2.522500,50.988098,173,196,177,floor,1
12.319000,-2.518600,50.988899,181,200,181,floor,1
12.322500,-2.509700,50.988800,186,203,180,floor,1
12.328000,-2.503000,50.989899,185,201,184,floor,1
12.328500,-2.500900,50.988800,185,202,184,floor,1
12.330400,-2.493100,50.989899,186,204,182,floor,1
12.341200,-2.486700,50.992001,185,205,186,floor,1
12.342000,-2.480700,50.991402,190,206,190,floor,1
12.339700,-2.470600,50.991501,190,207,191,floor,1
12.342300,-2.465800,50.991798,190,207,192,floor,1
12.345500,-2.457000,50.993000,191,208,191,floor,1
12.347000,-2.456000,50.991798,189,206,189,floor,1
12.351600,-2.447500,50.993401,191,209,194,floor,1
12.356400,-2.439800,50.993599,191,209,188,floor,1
12.356200,-2.434700,50.993301,191,210,192,floor,1
12.361400,-2.425200,50.994099,191,207,192,floor,1
12.361200,-2.424100,50.993801,191,207,192,floor,1
12.366400,-2.413600,50.994801,192,211,193,floor,1
12.365800,-2.408700,50.995602,192,211,191,floor,1
12.369100,-2.398900,50.995201,192,210,192,floor,1
12.373600,-2.395400,50.996899,192,210,194,floor,1
12.376200,-2.387700,50.997200,193,209,192,floor,1
12.374500,-2.381400,50.996201,193,210,194,floor,1
12.378100,-2.372800,50.996498,190,211,195,floor,1
12.383300,-2.366400,50.997501,195,211,195,floor,1
12.381000,-2.363100,50.997299,193,211,196,floor,1
10.140300,-2.527800,50.690399,56,33,45,floor,1
10.148300,-2.529900,50.693199,58,30,34,floor,1
10.150600,-2.540900,50.691101,160,127,97,floor,1
10.142900,-2.553300,50.689999,165,128,103,floor,1
10.155300,-2.555200,50.692101,155,128,102,floor,1
10.161800,-2.561000,50.692699,157,122,96,floor,1
10.161000,-2.567100,50.692799,148,118,91,floor,1
10.169800,-2.577100,50.693901,138,105,85,floor,1
10.172200,-2.579700,50.694401,138,105,84,floor,1
10.172200,-2.591800,50.690899,137,107,78,floor,1
10.174200,-2.598700,50.691502,141,112,83,floor,1
10.183700,-2.603800,50.692501,137,110,78,floor,1
10.184600,-2.612600,50.692299,137,107,79,floor,1
10.184400,-2.617000,50.692402,137,110,78,floor,1
10.196000,-2.627500,50.693901,138,108,88,floor,1
10.193400,-2.635400,50.693501,134,107,75,floor,1
10.199800,-2.644300,50.694199,129,104,78,floor,1
10.205300,-2.644400,50.695099,130,102,72,floor,1
10.214400,-2.652500,50.696301,132,100,83,floor,1
10.217700,-2.658000,50.696602,131,96,77,floor,1
10.220500,-2.668800,50.697102,126,89,75,floor,1
10.224600,-2.675200,50.697399,119,94,69,floor,1
10.238900,-2.684600,50.719101,110,62,58,floor,1
10.241200,-2.691100,50.719700,112,62,58,floor,1
10.254900,-2.691700,50.721500,111,64,59,floor,1
12.185200,-2.687400,50.993099,104,100,99,floor,1
12.195500,-2.687200,50.994499,103,96,97,floor,1
12.203100,-2.684900,50.994099,101,100,100,floor,1
12.211600,-2.683900,50.986500,103,104,105,floor,1
12.212200,-2.673800,50.973099,124,129,128,floor,1
12.219900,-2.668500,50.974701,125,132,133,floor,1
12.219800,-2.663300,50.974602,128,134,129,floor,1
12.224200,-2.655900,50.975300,130,136,131,floor,1
12.229000,-2.650600,50.976398,128,138,131,floor,1
12.233000,-2.645400,50.976601,131,136,138,floor,1
12.234600,-2.640200,50.977100,133,141,139,floor,1
12.240400,-2.635000,50.978001,139,148,144,floor,1
12.246200,-2.625700,50.979000,143,150,143,floor,1
12.247300,-2.621600,50.978600,142,151,144,floor,1
12.251700,-2.612400,50.979401,146,151,146,floor,1
12.253000,-2.611400,50.979599,145,151,146,floor,1
12.260000,-2.603200,50.980400,145,152,149,floor,1
12.263100,-2.594000,50.981098,146,153,148,floor,1
12.265500,-2.589900,50.981201,144,153,149,floor,1
12.268700,-2.584900,50.981899,145,154,148,floor,1
12.273500,-2.578900,50.981899,145,156,149,floor,1
12.275400,-2.571800,50.982800,146,157,146,floor,1
12.279600,-2.565800,50.983398,152,159,154,floor,1
12.282100,-2.558700,50.983398,152,161,150,floor,1
12.287300,-2.555800,50.983799,154,167,154,floor,1
12.289000,-2.550800,50.984299,155,167,152,floor,1
12.290500,-2.543700,50.984600,158,165,157,floor,1
12.294900,-2.536800,50.985500,160,168,164,floor,1
12.297500,-2.530800,50.985802,166,181,159,floor,1
12.304300,-2.522000,50.986698,179,198,174,floor,1
12.304200,-2.517900,50.986599,182,199,183,floor,1
12.308200,-2.510000,50.987099,183,202,181,floor,1
12.311800,-2.504200,50.987202,185,199,181,floor,1
12.312000,-2.499100,50.987301,189,203,180,floor,1
12.317200,-2.495400,50.987900,185,204,186,floor,1
12.319000,-2.485400,50.988701,190,206,185,floor,1
12.322800,-2.482600,50.989101,187,205,188,floor,1
12.326200,-2.473800,50.990700,191,207,190,floor,1
12.330200,-2.464900,50.989601,187,209,184,floor,1
12.330900,-2.460000,50.990601,191,208,185,floor,1
12.332200,-2.455100,50.990601,191,207,189,floor,1
12.339400,-2.447500,50.990799,188,207,185,floor,1
12.339800,-2.438500,50.991299,191,208,190,floor,1
12.338500,-2.437400,50.991199,191,208,188,floor,1
12.343500,-2.430700,50.991600,192,208,190,floor,1
12.348600,-2.421100,50.992199,189,207,191,floor,1
12.352900,-2.419500,50.993500,191,209,193,floor,1
12.350400,-2.412300,50.993198,193,210,194,floor,1
12.352800,-2.403400,50.993198,190,211,190,floor,1
12.355300,-2.399600,50.993500,193,212,191,floor,1
12.356600,-2.392700,50.993698,192,210,192,floor,1
12.363100,-2.384300,50.994801,193,211,194,floor,1
12.362000,-2.373100,50.994701,195,209,194,floor,1
12.362300,-2.372200,50.995098,194,210,194,floor,1
12.369500,-2.361900,50.995602,193,210,196,floor,1
12.370900,-2.355000,50.995998,193,211,193,floor,1
10.165300,-2.529600,50.693699,54,20,17,floor,1
10.170300,-2.538000,50.693699,155,125,92,floor,1
10.169500,-2.543300,50.693802,152,120,89,floor,1
10.172800,-2.555300,50.694199,142,116,85,floor,1
10.180800,-2.554900,50.695400,139,112,81,floor,1
10.184100,-2.567000,50.695801,142,111,82,floor,1
10.187200,-2.574800,50.696201,137,104,81,floor,1
10.188900,-2.580000,50.696800,141,115,85,floor,1
10.191100,-2.586100,50.692902,129,95,69,floor,1
10.197900,-2.599200,50.694401,142,114,87,floor,1
10.197500,-2.603600,50.694500,140,111,78,floor,1
10.206600,-2.608800,50.695702,137,110,83,floor,1
10.210500,-2.613200,50.695999,139,109,83,floor,1
10.213400,-2.624800,50.696301,141,112,83,floor,1
10.213600,-2.629300,50.696301,137,110,86,floor,1
10.219600,-2.635600,50.697201,137,107,76,floor,1
10.229500,-2.643800,50.698299,133,103,77,floor,1
10.232400,-2.652000,50.698799,131,101,79,floor,1
10.237200,-2.661100,50.698898,130,93,75,floor,1
10.241100,-2.659400,50.699299,127,100,79,floor,1
10.245400,-2.671300,50.700401,123,93,72,floor,1
10.250100,-2.680700,50.700600,118,86,69,floor,1
10.254900,-2.684300,50.721500,115,65,54,floor,1
10.271000,-2.684000,50.722900,115,63,50,floor,1
10.269400,-2.691400,50.723202,108,64,59,floor,1
12.170300,-2.691000,50.991001,106,93,101,floor,1
12.173000,-2.686700,50.990898,106,97,102,floor,1
12.183000,-2.686400,50.993599,107,97,100,floor,1
12.189100,-2.683600,50.977402,109,112,110,floor,1
12.199200,-2.683400,50.976700,107,110,110,floor,1
12.197100,-2.672000,50.972198,125,128,129,floor,1
12.201100,-2.665600,50.972301,127,132,130,floor,1
12.205200,-2.661400,50.972401,128,133,133,floor,1
12.212700,-2.651900,50.973701,130,137,138,floor,1
12.215400,-2.645600,50.973900,132,139,139,floor,1
12.216500,-2.645600,50.973598,132,139,139,floor,1
12.225900,-2.636100,50.975800,140,146,143,floor,1
12.224300,-2.632000,50.975300,141,146,145,floor,1
12.230600,-2.622600,50.976799,143,149,146,floor,1
12.231700,-2.619500,50.976700,143,151,147,floor,1
12.236200,-2.610200,50.977402,145,151,147,floor,1
12.239100,-2.606100,50.978001,144,153,146,floor,1
12.244600,-2.602000,50.978298,144,153,146,floor,1
12.248600,-2.594900,50.978600,144,153,147,floor,1
12.250400,-2.591800,50.979198,147,154,148,floor,1
12.254000,-2.581500,50.979000,145,154,146,floor,1
12.259200,-2.575500,50.980999,147,155,152,floor,1
12.260200,-2.570400,50.980598,148,158,151,floor,1
12.262500,-2.564300,50.982101,152,163,151,floor,1
12.268600,-2.557300,50.981800,152,162,155,floor,1
12.271700,-2.551300,50.982700,158,165,159,floor,1
12.273000,-2.546200,50.982700,155,169,151,floor,1
12.277000,-2.544300,50.983002,156,165,154,floor,1
12.278400,-2.538200,50.983299,158,170,159,floor,1
12.282300,-2.529200,50.983501,167,182,165,floor,1
12.287700,-2.523300,50.984100,178,193,175,floor,1
12.292900,-2.517400,50.984402,185,197,179,floor,1
12.292100,-2.513300,50.985001,184,198,183,floor,1
12.293300,-2.507300,50.984901,185,201,177,floor,1
12.303300,-2.504800,50.986900,187,203,178,floor,1
12.301100,-2.490400,50.985500,186,204,185,floor,1
12.309500,-2.486900,50.987202,192,202,187,floor,1
12.312100,-2.479900,50.987400,189,204,185,floor,1
12.308500,-2.473700,50.987499,188,207,184,floor,1
12.313700,-2.467900,50.987900,189,207,188,floor,1
12.314700,-2.463900,50.987598,190,207,186,floor,1
12.319800,-2.452100,50.987999,192,210,188,floor,1
12.319900,-2.451100,50.988201,192,210,189,floor,1
12.324100,-2.441300,50.988998,188,204,189,floor,1
12.325000,-2.435300,50.988701,191,211,188,floor,1
12.328500,-2.427600,50.990200,190,208,189,floor,1
12.330900,-2.423700,50.990398,190,211,193,floor,1
12.333000,-2.415700,50.990002,192,209,192,floor,1
12.334300,-2.411800,50.990200,193,209,196,floor,1
12.338500,-2.401100,50.991100,192,210,193,floor,1
12.340900,-2.397200,50.991100,192,211,192,floor,1
12.344100,-2.392600,50.992298,193,210,193,floor,1
12.345100,-2.384500,50.992100,191,209,195,floor,1
12.347400,-2.377600,50.992100,194,208,195,floor,1
12.350100,-2.368800,50.992500,192,208,192,floor,1
12.352800,-2.364100,50.993000,191,211,193,floor,1
12.353000,-2.362100,50.993401,191,211,193,floor,1
10.186500,-2.528200,50.697899,65,39,49,floor,1
10.191200,-2.538500,50.696301,153,121,90,floor,1
10.196700,-2.544400,50.697201,154,120,89,floor,1
10.194600,-2.552400,50.696602,149,117,90,floor,1
10.199200,-2.560200,50.697701,150,119,96,floor,1
10.208500,-2.570500,50.698799,154,127,95,floor,1
10.205300,-2.579500,50.698502,148,120,93,floor,1
10.216900,-2.583600,50.699299,130,103,72,floor,1
10.218400,-2.593500,50.697201,138,112,77,floor,1
10.218400,-2.602400,50.697201,140,112,81,floor,1
10.218800,-2.612300,50.697201,137,112,82,floor,1
10.235000,-2.614800,50.699100,139,109,83,floor,1
10.231400,-2.624800,50.698898,142,112,85,floor,1
10.241400,-2.627500,50.700001,136,108,85,floor,1
10.241200,-2.633900,50.700100,136,104,85,floor,1
10.248900,-2.640300,50.700699,136,104,81,floor,1
10.254100,-2.647700,50.701698,132,108,85,floor,1
10.255700,-2.657900,50.701500,131,103,74,floor,1
10.261900,-2.660800,50.702400,127,99,74,floor,1
10.266600,-2.669200,50.702599,123,95,71,floor,1
10.269500,-2.671100,50.703098,124,95,72,floor,1
10.272600,-2.681400,50.703602,118,86,66,floor,1
10.283800,-2.685400,50.724899,115,65,54,floor,1
10.286900,-2.688400,50.725399,115,66,52,floor,1
10.699300,-3.048500,50.760899,114,103,93,floor,1
10.704400,-3.045500,50.760502,129,120,108,floor,1
10.709000,-3.054200,50.761200,128,118,107,floor,1
10.718500,-3.051900,50.764400,106,102,101,floor,1
10.728100,-3.052100,50.764500,107,103,103,floor,1
12.155100,-2.689300,50.988899,102,100,100,floor,1
12.162800,-2.685900,50.990101,105,100,102,floor,1
12.173300,-2.679900,50.968899,121,124,125,floor,1
12.178100,-2.672400,50.969700,125,127,127,floor,1
12.186500,-2.666900,50.970402,127,131,128,floor,1
12.188200,-2.661600,50.970901,127,134,131,floor,1
12.191300,-2.655200,50.971500,129,136,137,floor,1
12.195200,-2.653100,50.971401,129,136,136,floor,1
12.200100,-2.645700,50.972500,132,137,136,floor,1
12.203000,-2.637300,50.972900,136,144,143,floor,1
12.205700,-2.634100,50.973099,139,145,144,floor,1
12.212000,-2.626800,50.974499,142,148,147,floor,1
12.214700,-2.624700,50.974602,143,151,146,floor,1
12.216300,-2.617400,50.974899,144,149,144,floor,1
12.224600,-2.613200,50.975700,145,149,147,floor,1
12.226000,-2.602900,50.975800,144,152,150,floor,1
12.226100,-2.600800,50.976002,144,153,149,floor,1
12.230500,-2.593600,50.976601,145,154,148,floor,1
12.233500,-2.590500,50.977100,143,152,147,floor,1
12.237900,-2.582300,50.977798,146,152,146,floor,1
12.246200,-2.575200,50.978802,145,154,148,floor,1
12.246100,-2.568000,50.978500,148,159,148,floor,1
12.250900,-2.565000,50.980000,150,162,153,floor,1
12.253500,-2.556900,50.980099,150,164,147,floor,1
12.256600,-2.550800,50.980701,153,166,151,floor,1
12.258900,-2.544700,50.980499,157,167,154,floor,1
12.262700,-2.537600,50.980400,161,169,156,floor,1
12.265900,-2.532600,50.981400,167,175,156,floor,1
12.269000,-2.528700,50.982101,170,183,159,floor,1
12.270300,-2.521500,50.982201,180,195,168,floor,1
12.274200,-2.513500,50.982498,183,199,179,floor,1
12.278600,-2.509700,50.983501,185,202,179,floor,1
12.282300,-2.502700,50.983398,184,200,181,floor,1
12.285000,-2.496700,50.983700,184,203,178,floor,1
12.285100,-2.491600,50.983799,187,203,182,floor,1
12.290500,-2.486800,50.984402,184,207,182,floor,1
12.293400,-2.477800,50.985001,189,207,185,floor,1
12.295900,-2.471800,50.985001,189,206,184,floor,1
12.297200,-2.467800,50.985100,190,205,186,floor,1
12.300200,-2.459900,50.985802,189,207,185,floor,1
12.302900,-2.458000,50.986198,188,205,187,floor,1
12.303800,-2.450900,50.985600,190,208,186,floor,1
12.308100,-2.443200,50.986698,192,207,191,floor,1
12.312100,-2.436300,50.987202,192,208,188,floor,1
12.313200,-2.428200,50.987000,192,208,191,floor,1
12.314900,-2.424400,50.987801,191,209,193,floor,1
12.317500,-2.419500,50.987999,192,211,193,floor,1
12.321400,-2.413700,50.988499,194,210,190,floor,1
12.323900,-2.406800,50.988602,191,210,183,floor,1
12.325600,-2.399900,50.989300,191,207,190,floor,1
12.326900,-2.391900,50.989300,192,210,195,floor,1
12.330500,-2.384000,50.989498,192,210,192,floor,1
12.333100,-2.377200,50.989899,194,211,193,floor,1
12.335600,-2.373300,50.989899,193,210,192,floor,1
12.340000,-2.366800,50.991299,193,210,193,floor,1
12.345000,-2.363200,50.991798,191,211,193,floor,1
10.195600,-2.529400,50.698200,60,20,8,floor,1
10.199900,-2.530000,50.698299,99,67,49,floor,1
10.213200,-2.536300,50.698898,156,124,93,floor,1
10.212500,-2.543500,50.699001,152,124,91,floor,1
10.209500,-2.549900,50.698601,153,121,99,floor,1
10.214700,-2.562200,50.699600,158,131,102,floor,1
10.225500,-2.559100,50.700500,162,131,103,floor,1
10.225800,-2.568100,50.700500,160,130,97,floor,1
10.235700,-2.576800,50.701698,145,123,88,floor,1
10.230500,-2.583300,50.700699,135,99,77,floor,1
10.238200,-2.591200,50.699501,135,106,82,floor,1
10.243500,-2.596600,50.700500,137,112,80,floor,1
10.234100,-2.610300,50.699299,139,112,74,floor,1
10.250100,-2.613800,50.701401,143,110,86,floor,1
10.251200,-2.616600,50.701199,142,114,90,floor,1
10.260000,-2.621100,50.702599,141,112,84,floor,1
10.267400,-2.631300,50.703300,137,116,83,floor,1
10.267600,-2.638700,50.703300,137,108,79,floor,1
10.274700,-2.645200,50.704102,135,101,78,floor,1
10.278300,-2.647200,50.704498,134,101,83,floor,1
10.280900,-2.661200,50.705101,128,100,78,floor,1
10.284800,-2.668800,50.705502,127,97,74,floor,1
10.289300,-2.666100,50.705799,131,93,73,floor,1
10.289800,-2.677300,50.705799,125,92,76,floor,1
10.301800,-2.685200,50.727200,112,66,62,floor,1
10.316300,-2.684800,50.729099,113,68,67,floor,1
10.320600,-2.685900,50.729500,114,70,64,floor,1
10.321100,-2.692600,50.729401,114,70,60,floor,1
10.687300,-3.014000,50.758301,117,105,99,floor,1
10.689900,-3.023200,50.757801,133,121,108,floor,1
10.702500,-3.022200,50.761700,113,105,99,floor,1
10.709600,-3.024000,50.762001,118,106,101,floor,1
10.718600,-3.028900,50.763901,110,105,103,floor,1
10.722600,-3.032000,50.763401,132,121,113,floor,1
10.728000,-3.032300,50.765301,111,109,104,floor,1
10.739700,-3.039000,50.765800,134,123,113,floor,1
10.744000,-3.044000,50.766399,132,123,111,floor,1
10.750700,-3.042300,50.768902,113,109,109,floor,1
10.757100,-3.047700,50.768398,135,124,117,floor,1
10.765600,-3.051500,50.770699,120,108,105,floor,1
10.774600,-3.053800,50.771500,121,109,103,floor,1
10.780000,-3.059000,50.772800,110,109,107,floor,1
12.134400,-2.688700,50.986698,104,95,100,floor,1
12.139600,-2.685400,50.986401,106,99,104,floor,1
12.147100,-2.685300,50.987202,104,104,105,floor,1
12.164300,-2.676900,50.967499,123,125,124,floor,1
12.167100,-2.668300,50.967701,125,130,127,floor,1
12.171900,-2.664000,50.968601,127,133,134,floor,1
12.172300,-2.658700,50.969101,127,133,134,floor,1
12.174800,-2.654400,50.968899,131,134,137,floor,1
12.182000,-2.649000,50.969601,132,135,134,floor,1
12.184000,-2.642700,50.970501,132,140,139,floor,1
12.185200,-2.638400,50.970299,135,142,141,floor,1
12.193000,-2.628900,50.971802,142,148,144,floor,1
12.197200,-2.623600,50.972198,142,149,146,floor,1
12.198600,-2.620500,50.972301,142,149,145,floor,1
12.204100,-2.616300,50.972599,143,150,148,floor,1
12.206200,-2.605800,50.973598,145,153,145,floor,1
12.209200,-2.601700,50.973999,145,153,145,floor,1
12.212100,-2.599600,50.974602,145,152,145,floor,1
12.219300,-2.597600,50.975399,143,154,146,floor,1
12.219200,-2.586200,50.975201,145,152,147,floor,1
12.222100,-2.582000,50.975601,147,154,149,floor,1
12.226300,-2.574800,50.976101,146,154,147,floor,1
12.230800,-2.567700,50.976799,147,160,146,floor,1
12.232100,-2.563500,50.977001,153,163,151,floor,1
12.237100,-2.555400,50.978298,153,164,152,floor,1
12.240600,-2.549300,50.977901,152,168,149,floor,1
12.243600,-2.547300,50.978401,153,169,148,floor,1
12.247700,-2.540200,50.978901,157,169,150,floor,1
12.250700,-2.531000,50.979401,167,180,152,floor,1
12.250800,-2.530000,50.979599,167,181,153,floor,1
12.256300,-2.518900,50.980099,180,197,174,floor,1
12.264200,-2.518200,50.980701,181,197,175,floor,1
12.260400,-2.510800,50.980499,186,201,177,floor,1
12.264600,-2.503800,50.981098,183,203,178,floor,1
12.271800,-2.498100,50.982498,183,202,179,floor,1
12.271200,-2.491800,50.981701,184,205,179,floor,1
12.275700,-2.484900,50.982700,190,205,180,floor,1
12.278300,-2.482000,50.983002,186,202,178,floor,1
12.285000,-2.473200,50.983601,189,205,183,floor,1
12.282300,-2.466900,50.983299,189,206,181,floor,1
12.286500,-2.466100,50.984001,190,206,186,floor,1
12.289300,-2.453000,50.984299,188,208,186,floor,1
12.292400,-2.452200,50.985100,188,208,185,floor,1
12.294900,-2.444200,50.985199,189,208,186,floor,1
12.294600,-2.439100,50.984798,192,207,191,floor,1
12.300300,-2.432400,50.985901,190,208,187,floor,1
12.300100,-2.424100,50.985500,190,207,185,floor,1
12.303700,-2.421300,50.985298,191,208,188,floor,1
12.305100,-2.412200,50.985600,193,206,190,floor,1
12.308000,-2.404400,50.986401,192,208,187,floor,1
12.309300,-2.401400,50.986401,192,208,187,floor,1
12.313200,-2.391500,50.986801,190,209,191,floor,1
12.316300,-2.384700,50.987701,191,210,190,floor,1
12.321600,-2.383200,50.988602,191,210,190,floor,1
12.321500,-2.372900,50.988300,193,210,193,floor,1
12.323000,-2.369000,50.988701,191,206,189,floor,1
12.322600,-2.364800,50.988098,191,209,192,floor,1
10.215700,-2.520900,50.697399,61,42,55,floor,1
10.226100,-2.529200,50.703098,64,32,24,floor,1
10.230000,-2.536200,50.700699,153,125,91,floor,1
10.236000,-2.544100,50.701500,157,123,99,floor,1
10.226200,-2.553600,50.700401,158,124,98,floor,1
10.243100,-2.556400,50.702301,165,130,100,floor,1
10.246700,-2.561800,50.702599,159,136,105,floor,1
10.239000,-2.570300,50.702000,155,130,99,floor,1
10.254400,-2.575200,50.703300,147,124,97,floor,1
10.257800,-2.581500,50.703800,142,113,82,floor,1
10.257000,-2.589900,50.702000,132,108,78,floor,1
10.266300,-2.595200,50.703400,140,113,83,floor,1
10.267100,-2.604400,50.703300,137,113,87,floor,1
10.272600,-2.607100,50.704300,142,111,85,floor,1
10.270400,-2.622000,50.703800,138,117,86,floor,1
10.283600,-2.622000,50.705601,140,116,86,floor,1
10.286600,-2.627600,50.706100,141,111,84,floor,1
10.284200,-2.637900,50.705502,141,105,82,floor,1
10.284900,-2.645300,50.705399,136,105,79,floor,1
10.290800,-2.650100,50.706402,128,106,85,floor,1
10.302400,-2.653200,50.707600,129,105,84,floor,1
10.306000,-2.656100,50.708000,134,103,80,floor,1
10.310200,-2.662800,50.708401,131,95,79,floor,1
10.310900,-2.671400,50.708302,125,97,74,floor,1
10.318600,-2.683000,50.717098,117,77,58,floor,1
10.329500,-2.684300,50.730202,114,73,67,floor,1
10.335600,-2.699000,50.731400,113,66,60,floor,1
10.350700,-2.696800,50.733398,120,63,59,floor,1
10.684000,-2.992100,50.757500,118,104,97,floor,1
10.692600,-3.002400,50.760399,144,118,105,floor,1
10.700300,-2.999500,50.761200,121,107,100,floor,1
10.702600,-3.005800,50.761600,118,107,100,floor,1
10.709700,-3.004600,50.762501,120,109,101,floor,1
10.718600,-3.012500,50.763802,112,108,106,floor,1
10.727500,-3.016600,50.764301,135,125,114,floor,1
10.734300,-3.017300,50.765499,122,112,106,floor,1
10.737700,-3.019200,50.766899,114,111,107,floor,1
10.747700,-3.025800,50.768200,116,113,110,floor,1
10.753600,-3.026200,50.768299,139,127,116,floor,1
10.763600,-3.029200,50.771099,119,115,114,floor,1
10.768300,-3.032200,50.770500,128,114,110,floor,1
10.768300,-3.040800,50.769199,135,123,113,floor,1
10.776800,-3.039200,50.771999,119,114,110,floor,1
10.783800,-3.042400,50.773102,125,113,106,floor,1
10.790100,-3.050300,50.774300,121,112,106,floor,1
10.795900,-3.052800,50.774601,122,111,105,floor,1
10.806200,-3.049400,50.776199,116,114,112,floor,1
10.815500,-3.051300,50.778599,117,105,93,floor,1
10.819100,-3.062600,50.778500,115,111,109,floor,1
10.827000,-3.066800,50.787800,116,99,96,floor,1
10.835900,-3.059000,50.780602,120,113,104,floor,1
10.843700,-3.065500,50.790100,109,107,103,floor,1
12.114600,-2.688200,50.984200,104,93,99,floor,1
12.121300,-2.688100,50.984001,105,97,98,floor,1
12.129300,-2.687800,50.985401,102,93,105,floor,1
12.141500,-2.677400,50.964500,123,125,124,floor,1
12.147800,-2.671900,50.965599,126,127,128,floor,1
12.152600,-2.666400,50.966400,127,130,130,floor,1
12.151000,-2.663300,50.966099,128,131,132,floor,1
12.157900,-2.658900,50.966099,129,133,130,floor,1
12.160900,-2.651400,50.966499,133,135,138,floor,1
12.162700,-2.647100,50.966999,129,135,139,floor,1
12.169200,-2.641700,50.968498,134,139,140,floor,1
12.172900,-2.636400,50.968201,137,142,145,floor,1
12.176300,-2.627800,50.969002,142,148,144,floor,1
12.186900,-2.624700,50.970699,143,148,145,floor,1
12.181700,-2.619400,50.970798,143,148,148,floor,1
12.188400,-2.612000,50.971001,144,151,146,floor,1
12.189000,-2.608900,50.971699,145,150,144,floor,1
12.193000,-2.602600,50.971699,146,152,148,floor,1
12.195700,-2.597300,50.971802,145,153,147,floor,1
12.201500,-2.589000,50.972401,144,155,148,floor,1
12.208000,-2.582800,50.974098,146,155,150,floor,1
12.206400,-2.579600,50.973701,146,155,145,floor,1
12.210900,-2.575500,50.974499,146,155,148,floor,1
12.213900,-2.568300,50.974899,149,158,154,floor,1
12.220400,-2.559000,50.974998,154,161,153,floor,1
12.221900,-2.559100,50.975300,154,162,153,floor,1
12.229500,-2.550000,50.976700,156,164,148,floor,1
12.226800,-2.544700,50.976501,158,169,150,floor,1
12.232000,-2.535500,50.976700,160,173,154,floor,1
12.235600,-2.536700,50.977901,159,172,155,floor,1
12.243800,-2.527600,50.978600,167,186,161,floor,1
12.242100,-2.518300,50.978100,181,197,174,floor,1
12.245200,-2.512200,50.978699,183,199,174,floor,1
12.248900,-2.510200,50.978500,183,199,175,floor,1
12.251000,-2.501100,50.979698,185,201,178,floor,1
12.254500,-2.496100,50.979301,183,201,178,floor,1
12.256700,-2.491100,50.980598,182,205,181,floor,1
12.257800,-2.488000,50.980400,182,203,181,floor,1
12.264200,-2.484200,50.980499,187,204,180,floor,1
12.263100,-2.474900,50.980598,187,204,181,floor,1
12.267000,-2.467900,50.980999,190,205,181,floor,1
12.271500,-2.461000,50.981899,187,207,183,floor,1
12.274300,-2.457100,50.982399,189,204,187,floor,1
12.282500,-2.449500,50.983398,188,208,185,floor,1
12.282600,-2.443300,50.983501,192,207,187,floor,1
12.283900,-2.437200,50.983700,189,209,187,floor,1
12.283900,-2.432100,50.983601,188,207,188,floor,1
12.284900,-2.427000,50.983200,188,206,188,floor,1
12.288800,-2.418000,50.983398,190,209,186,floor,1
12.290500,-2.414000,50.983898,189,208,190,floor,1
12.293500,-2.410300,50.984798,191,206,189,floor,1
12.295800,-2.401200,50.984501,190,209,186,floor,1
12.297400,-2.396200,50.985001,190,209,184,floor,1
12.300400,-2.386200,50.985699,191,209,191,floor,1
12.305000,-2.380400,50.985298,192,207,189,floor,1
12.311900,-2.381100,50.986599,191,210,191,floor,1
12.305500,-2.372300,50.986099,190,209,187,floor,1
12.317700,-2.367400,50.987999,189,207,189,floor,1
12.314900,-2.355800,50.987499,191,209,192,floor,1
10.196900,-2.425700,50.696701,64,39,41,floor,1
10.238300,-2.513800,50.698299,57,42,54,floor,1
10.235400,-2.525900,50.702400,69,45,58,floor,1
10.248100,-2.526900,50.701401,60,31,39,floor,1
10.251200,-2.535900,50.702801,158,126,90,floor,1
10.255500,-2.541200,50.702999,154,124,89,floor,1
10.254700,-2.548600,50.703201,158,128,102,floor,1
10.248900,-2.558900,50.703201,163,135,105,floor,1
10.261600,-2.559300,50.703999,163,134,106,floor,1
10.258200,-2.575100,50.703701,147,125,96,floor,1
10.271900,-2.576500,50.704300,149,125,92,floor,1
10.272200,-2.580200,50.704300,145,118,84,floor,1
10.281700,-2.589300,50.705799,138,114,77,floor,1
10.285700,-2.592900,50.706100,140,115,83,floor,1
10.285700,-2.596700,50.706100,140,116,89,floor,1
10.291200,-2.602200,50.707199,137,117,92,floor,1
10.296700,-2.610600,50.707298,139,117,96,floor,1
10.290900,-2.621000,50.706299,140,117,86,floor,1
10.302000,-2.623800,50.707600,140,114,89,floor,1
10.308400,-2.628600,50.708599,136,119,88,floor,1
10.312300,-2.638100,50.708900,140,111,82,floor,1
10.315400,-2.641000,50.709400,135,111,86,floor,1
10.316700,-2.654400,50.709301,134,104,86,floor,1
10.324600,-2.657400,50.710201,134,99,82,floor,1
10.331500,-2.659400,50.711201,134,98,82,floor,1
10.332100,-2.668100,50.711102,129,98,75,floor,1
10.334500,-2.681700,50.711800,118,87,69,floor,1
10.343900,-2.677200,50.712502,124,96,76,floor,1
10.355500,-2.684300,50.733700,122,66,64,floor,1
10.366400,-2.686600,50.735298,117,69,68,floor,1
10.370700,-2.691700,50.735699,113,70,63,floor,1
10.370300,-2.695600,50.735802,114,67,65,floor,1
10.680800,-2.972900,50.757000,121,107,98,floor,1
10.684000,-2.981000,50.757599,120,107,99,floor,1
10.690600,-2.986200,50.759300,121,108,100,floor,1
10.703100,-2.985600,50.761398,123,110,103,floor,1
10.705800,-2.989500,50.761299,118,110,101,floor,1
10.708700,-2.996000,50.762699,116,109,102,floor,1
10.718200,-2.995600,50.762699,136,126,116,floor,1
10.725400,-2.995700,50.765202,123,113,103,floor,1
10.735600,-3.000900,50.765202,138,129,115,floor,1
10.741600,-3.003800,50.766998,139,128,121,floor,1
10.746800,-3.003000,50.768002,125,115,107,floor,1
10.744600,-3.019300,50.766602,117,113,110,floor,1
10.759500,-3.018900,50.770100,127,116,108,floor,1
10.765300,-3.018600,50.770302,130,117,112,floor,1
10.771600,-3.023800,50.771702,129,117,110,floor,1
10.783300,-3.022800,50.773701,123,120,115,floor,1
10.783300,-3.026100,50.773602,123,119,115,floor,1
10.786700,-3.036100,50.772701,119,117,111,floor,1
10.801600,-3.033400,50.774601,126,118,108,floor,1
10.809400,-3.033900,50.778400,129,114,107,floor,1
10.811300,-3.035600,50.777100,127,118,109,floor,1
10.815700,-3.045500,50.778198,117,106,96,floor,1
10.828100,-3.045700,50.780399,113,105,97,floor,1
10.835400,-3.043000,50.780800,121,119,119,floor,1
10.842000,-3.043000,50.782101,122,119,119,floor,1
10.845600,-3.053000,50.781601,119,118,117,floor,1
10.857000,-3.055200,50.783501,124,114,108,floor,1
10.861600,-3.056400,50.784901,119,117,115,floor,1
10.870400,-3.052200,50.787601,111,107,104,floor,1
10.885000,-3.063800,50.796700,102,102,98,floor,1
10.887400,-3.066600,50.795300,118,108,102,floor,1
10.898200,-3.066400,50.793701,117,109,101,floor,1
10.914400,-3.065900,50.803299,110,106,107,floor,1
10.920200,-3.069600,50.816101,104,93,75,floor,1
10.931400,-3.071200,50.814800,102,94,87,floor,1
10.944900,-3.068800,50.817299,106,103,93,floor,1
10.952300,-3.070200,50.817600,114,99,96,floor,1
10.954600,-3.075400,50.819599,108,92,88,floor,1
10.965300,-3.076400,50.819801,108,92,88,floor,1
10.971300,-3.069100,50.820801,107,103,101,floor,1
10.974300,-3.079000,50.821800,111,91,81,floor,1
10.987700,-3.072500,50.823299,109,97,89,floor,1
10.990500,-3.072500,50.825100,110,98,89,floor,1
11.001000,-3.082500,50.826302,109,89,78,floor,1
11.008100,-3.080800,50.825100,107,92,89,floor,1
11.015700,-3.079200,50.826599,117,95,95,floor,1
12.095300,-2.693100,50.981098,104,90,92,floor,1
12.103000,-2.686400,50.981998,107,94,97,floor,1
12.111200,-2.687200,50.983501,106,95,99,floor,1
12.117300,-2.684100,50.975601,106,105,106,floor,1
12.126500,-2.683100,50.964699,112,115,115,floor,1
12.127500,-2.672300,50.962502,125,127,128,floor,1
12.129600,-2.670100,50.963402,125,127,124,floor,1
12.134000,-2.663500,50.963699,129,131,132,floor,1
12.140600,-2.656900,50.965000,131,132,138,floor,1
12.149600,-2.654700,50.966000,130,133,137,floor,1
12.148200,-2.646100,50.965900,131,138,136,floor,1
12.149600,-2.642900,50.965900,134,140,136,floor,1
12.154200,-2.636400,50.966400,139,144,138,floor,1
12.157300,-2.632100,50.966999,139,145,140,floor,1
12.165800,-2.625700,50.967499,142,148,145,floor,1
12.163400,-2.621500,50.967899,142,149,143,floor,1
12.169600,-2.613000,50.968899,144,150,144,floor,1
12.172000,-2.609800,50.968601,143,152,145,floor,1
12.175600,-2.603500,50.969799,142,153,147,floor,1
12.181200,-2.597200,50.970100,146,153,153,floor,1
12.184300,-2.591900,50.970699,146,154,151,floor,1
12.187400,-2.588800,50.971298,146,155,149,floor,1
12.189300,-2.581400,50.972099,146,155,149,floor,1
12.193800,-2.575200,50.972698,146,156,148,floor,1
12.200400,-2.572200,50.972599,148,157,148,floor,1
12.203800,-2.564900,50.973598,153,161,154,floor,1
12.203500,-2.560700,50.973301,156,164,152,floor,1
12.209200,-2.555600,50.973801,155,165,153,floor,1
12.212000,-2.548400,50.974201,158,167,157,floor,1
12.218000,-2.548600,50.975201,158,168,153,floor,1
12.215600,-2.538000,50.975399,158,169,159,floor,1
12.223800,-2.530000,50.976002,165,178,159,floor,1
12.223600,-2.523700,50.975800,174,193,163,floor,1
12.227900,-2.517600,50.976101,182,196,171,floor,1
12.229300,-2.514500,50.976398,184,199,177,floor,1
12.234100,-2.510700,50.977600,182,200,175,floor,1
12.235300,-2.503400,50.977402,184,199,178,floor,1
12.238600,-2.496300,50.978401,185,200,178,floor,1
12.240600,-2.491200,50.977699,183,203,178,floor,1
12.245500,-2.484200,50.979000,186,201,180,floor,1
12.248000,-2.477100,50.978901,189,202,186,floor,1
12.248300,-2.475100,50.979401,188,202,183,floor,1
12.254600,-2.468100,50.979401,187,204,185,floor,1
12.254800,-2.461900,50.979599,191,204,187,floor,1
12.257700,-2.453900,50.980099,189,204,182,floor,1
12.259000,-2.451900,50.980202,190,205,184,floor,1
12.264700,-2.440900,50.980999,189,204,183,floor,1
12.271000,-2.441300,50.981201,188,207,184,floor,1
12.274300,-2.437500,50.982399,189,208,183,floor,1
12.273000,-2.425000,50.982201,188,208,186,floor,1
12.273100,-2.420900,50.982300,188,208,186,floor,1
12.278000,-2.418100,50.982300,189,208,186,floor,1
12.279400,-2.411000,50.982399,189,206,185,floor,1
12.282000,-2.399900,50.982498,189,207,192,floor,1
12.286600,-2.397300,50.983799,192,207,188,floor,1
12.286800,-2.389000,50.983898,190,209,187,floor,1
12.290700,-2.386200,50.984001,190,209,187,floor,1
12.290600,-2.374800,50.983898,191,210,192,floor,1
12.292000,-2.374000,50.984001,191,210,192,floor,1
12.294800,-2.367000,50.984600,190,209,189,floor,1
12.296200,-2.362000,50.984798,191,209,192,floor,1
10.214900,-2.419600,50.700001,69,42,47,floor,1
10.250900,-2.499100,50.701801,79,38,48,floor,1
10.252900,-2.504500,50.702400,63,27,24,floor,1
10.259700,-2.515900,50.703201,141,119,86,floor,1
10.265800,-2.521100,50.704201,161,130,98,floor,1
10.267000,-2.524700,50.703999,161,135,99,floor,1
10.271200,-2.534700,50.704300,158,126,97,floor,1
10.274500,-2.539200,50.704700,162,130,99,floor,1
10.262200,-2.550000,50.703899,156,130,100,floor,1
10.282400,-2.552800,50.705502,160,133,104,floor,1
10.278300,-2.561400,50.705200,158,132,97,floor,1
10.285400,-2.565800,50.706100,156,129,99,floor,1
10.289000,-2.572200,50.706501,148,126,93,floor,1
10.295900,-2.578600,50.707298,141,117,87,floor,1
10.299600,-2.587000,50.707802,138,111,84,floor,1
10.302700,-2.590700,50.708302,138,118,86,floor,1
10.307300,-2.598200,50.708599,135,116,92,floor,1
10.300100,-2.608700,50.707802,140,118,86,floor,1
10.310800,-2.610500,50.709099,141,119,88,floor,1
10.318500,-2.614200,50.709999,140,119,87,floor,1
10.312300,-2.624700,50.708900,140,112,93,floor,1
10.326300,-2.629500,50.710899,140,116,81,floor,1
10.327200,-2.641100,50.710800,135,108,84,floor,1
10.337300,-2.641200,50.712200,136,107,83,floor,1
10.342400,-2.647100,50.712601,132,109,84,floor,1
10.345500,-2.653900,50.713200,132,110,76,floor,1
10.348800,-2.658800,50.713699,132,106,75,floor,1
10.357000,-2.664900,50.714500,129,103,82,floor,1
10.359000,-2.671800,50.714298,126,98,73,floor,1
10.361800,-2.677800,50.714901,121,96,76,floor,1
10.368000,-2.681900,50.716000,121,84,67,floor,1
10.379400,-2.688100,50.736599,115,71,65,floor,1
10.394500,-2.693700,50.738800,116,66,69,floor,1
10.397800,-2.699800,50.739498,111,67,66,floor,1
10.684100,-2.953400,50.758099,142,126,113,floor,1
10.690900,-2.957900,50.758301,155,145,124,floor,1
10.700800,-2.962400,50.760201,155,145,127,floor,1
10.695300,-2.976000,50.758999,144,130,116,floor,1
10.709600,-2.967000,50.761501,151,141,117,floor,1
10.715600,-2.976300,50.763000,120,116,108,floor,1
10.721900,-2.973100,50.763901,123,118,110,floor,1
10.728000,-2.984600,50.764400,127,114,108,floor,1
10.737500,-2.981400,50.766399,127,117,108,floor,1
10.740700,-2.985600,50.766399,141,129,119,floor,1
10.744500,-2.988900,50.766701,141,130,118,floor,1
10.759200,-2.991500,50.769798,130,120,111,floor,1
10.760600,-2.993000,50.770000,124,120,119,floor,1
10.770200,-2.996400,50.771599,125,121,118,floor,1
10.774900,-3.001700,50.772598,132,122,115,floor,1
10.774800,-3.012700,50.772400,130,119,113,floor,1
10.786700,-3.014900,50.773201,129,121,112,floor,1
10.796100,-3.011700,50.775398,131,122,115,floor,1
10.802300,-3.016900,50.776600,131,120,113,floor,1
10.806000,-3.026200,50.777000,124,121,119,floor,1
10.817700,-3.016200,50.778801,131,123,115,floor,1
10.825700,-3.019800,50.779598,128,125,123,floor,1
10.829000,-3.026400,50.780602,126,124,121,floor,1
10.842100,-3.031400,50.782501,129,122,113,floor,1
10.845100,-3.031200,50.782700,130,122,114,floor,1
10.858600,-3.034700,50.784901,114,112,109,floor,1
10.859900,-3.033400,50.783699,130,122,113,floor,1
10.869600,-3.038200,50.786499,130,120,113,floor,1
10.877900,-3.043400,50.786400,124,122,120,floor,1
10.881800,-3.045800,50.788200,127,118,110,floor,1
10.890400,-3.042800,50.788399,127,118,111,floor,1
10.890500,-3.053600,50.788601,125,117,111,floor,1
10.900500,-3.050100,50.790798,122,121,124,floor,1
10.916600,-3.051000,50.793301,130,122,114,floor,1
10.931400,-3.059000,50.796200,105,105,106,floor,1
10.938200,-3.066800,50.802700,119,111,106,floor,1
10.943900,-3.066600,50.802101,121,109,106,floor,1
10.947600,-3.065900,50.804798,106,96,91,floor,1
10.960700,-3.066100,50.801201,121,113,108,floor,1
10.969300,-3.065200,50.810799,104,102,97,floor,1
10.976400,-3.066500,50.813599,115,114,114,floor,1
10.978600,-3.069000,50.820400,110,100,91,floor,1
10.984700,-3.071300,50.821999,105,90,90,floor,1
10.993400,-3.070900,50.823002,104,93,92,floor,1
10.999000,-3.066600,50.818001,117,112,108,floor,1
11.010900,-3.072800,50.826302,106,94,87,floor,1
11.013600,-3.069900,50.825901,110,98,94,floor,1
11.022900,-3.072100,50.827900,108,94,95,floor,1
11.030300,-3.073100,50.829399,108,102,90,floor,1
11.034400,-3.071500,50.829498,106,90,94,floor,1
11.046700,-3.073300,50.831699,112,102,94,floor,1
11.049700,-3.069900,50.833199,112,106,100,floor,1
11.062800,-3.070100,50.834599,111,108,97,floor,1
11.063000,-3.080800,50.832901,113,95,95,floor,1
11.074500,-3.077600,50.834099,116,95,97,floor,1
11.078900,-3.073600,50.837002,110,103,91,floor,1
11.085400,-3.073700,50.838100,110,102,92,floor,1
11.097000,-3.076900,50.837799,116,101,96,floor,1
11.380600,-3.082400,50.878300,116,101,96,floor,1
11.382800,-2.909000,51.161201,156,129,124,floor,1
12.081000,-2.693500,50.979099,104,89,94,floor,1
12.085200,-2.685700,50.978901,102,97,96,floor,1
12.089800,-2.685600,50.979401,102,100,98,floor,1
12.096800,-2.683700,50.965900,112,109,109,floor,1
12.105500,-2.683500,50.964500,113,112,111,floor,1
12.107200,-2.675900,50.959599,126,128,124,floor,1
12.112000,-2.670400,50.960400,127,129,128,floor,1
12.115600,-2.664900,50.961399,131,131,126,floor,1
12.122600,-2.658200,50.963200,130,132,135,floor,1
12.125300,-2.651700,50.963100,129,132,135,floor,1
12.132300,-2.653800,50.963200,128,135,131,floor,1
12.135400,-2.644100,50.963699,134,139,134,floor,1
12.138300,-2.641900,50.963799,134,138,139,floor,1
12.140800,-2.631100,50.965302,141,148,144,floor,1
12.140600,-2.630100,50.965000,140,148,144,floor,1
12.146800,-2.622500,50.965801,142,149,143,floor,1
12.150200,-2.619300,50.966599,142,149,148,floor,1
12.154900,-2.616100,50.967300,144,151,148,floor,1
12.160600,-2.605500,50.967701,145,152,147,floor,1
12.161900,-2.600100,50.967602,144,151,148,floor,1
12.169000,-2.594900,50.968102,146,154,146,floor,1
12.167300,-2.591700,50.967701,146,154,147,floor,1
12.170100,-2.586400,50.969501,147,154,151,floor,1
12.174600,-2.581200,50.970100,146,156,150,floor,1
12.178900,-2.574900,50.970299,146,157,153,floor,1
12.192000,-2.572000,50.972000,146,155,146,floor,1
12.187800,-2.565600,50.971600,154,163,153,floor,1
12.191700,-2.559300,50.971500,153,162,152,floor,1
12.193300,-2.555100,50.971802,156,165,157,floor,1
12.195100,-2.547800,50.972401,156,165,153,floor,1
12.197500,-2.542600,50.972198,157,169,153,floor,1
12.200800,-2.538500,50.973000,161,169,156,floor,1
12.206500,-2.528200,50.973598,171,186,164,floor,1
12.209300,-2.523100,50.973801,176,191,167,floor,1
12.212400,-2.516900,50.974499,181,195,178,floor,1
12.214500,-2.513800,50.973801,183,196,181,floor,1
12.216500,-2.508700,50.974701,184,198,181,floor,1
12.219300,-2.503600,50.974998,183,197,183,floor,1
12.222900,-2.496400,50.974602,184,198,180,floor,1
12.228400,-2.490500,50.976700,183,203,181,floor,1
12.229300,-2.483200,50.976200,186,200,179,floor,1
12.230900,-2.480200,50.976501,186,202,179,floor,1
12.234800,-2.473100,50.976501,183,204,179,floor,1
12.237700,-2.467000,50.977100,188,205,185,floor,1
12.247900,-2.463600,50.978699,191,205,185,floor,1
12.245000,-2.455000,50.978199,189,205,186,floor,1
12.246800,-2.452100,50.978901,190,208,183,floor,1
12.247700,-2.444800,50.978401,189,205,188,floor,1
12.254900,-2.438100,50.979599,187,207,184,floor,1
12.255800,-2.430800,50.979000,188,205,187,floor,1
12.257600,-2.426800,50.979698,189,207,189,floor,1
12.257700,-2.421700,50.980000,189,207,187,floor,1
12.261400,-2.413600,50.979801,189,207,187,floor,1
12.264400,-2.407600,50.980400,189,208,188,floor,1
12.270100,-2.403000,50.981400,189,210,185,floor,1
12.272700,-2.399000,50.981602,190,208,187,floor,1
12.274500,-2.388900,50.982399,191,208,188,floor,1
12.277600,-2.384900,50.981499,190,210,189,floor,1
12.279800,-2.379000,50.982800,189,209,189,floor,1
12.279800,-2.376900,50.982800,189,209,188,floor,1
12.284900,-2.367000,50.982899,189,208,189,floor,1
12.282200,-2.360400,50.982498,190,211,189,floor,1
10.216800,-2.389100,50.698700,180,144,118,floor,1
10.226100,-2.395100,50.701698,152,118,89,floor,1
10.225100,-2.427400,50.700100,175,147,115,floor,1
10.225300,-2.434700,50.700100,176,149,115,floor,1
10.233600,-2.443800,50.701599,91,63,59,floor,1
10.244600,-2.447000,50.699799,84,57,60,floor,1
10.238100,-2.461700,50.701900,60,49,76,floor,1
10.253600,-2.465500,50.702099,80,53,41,floor,1
10.258400,-2.469700,50.702301,98,71,45,floor,1
10.252200,-2.479600,50.701500,91,56,58,floor,1
10.256600,-2.484700,50.699902,82,53,47,floor,1
10.264300,-2.493300,50.703300,171,142,123,floor,1
10.272700,-2.500100,50.703899,169,141,107,floor,1
10.262900,-2.510200,50.703602,172,139,117,floor,1
10.280400,-2.511700,50.705700,170,137,106,floor,1
10.283600,-2.519900,50.706200,164,132,104,floor,1
10.281100,-2.525700,50.705601,154,127,95,floor,1
10.281500,-2.533200,50.705601,158,128,98,floor,1
10.288000,-2.541300,50.706501,163,134,106,floor,1
10.288000,-2.544100,50.706501,162,134,105,floor,1
10.302900,-2.552800,50.708199,166,138,104,floor,1
10.311600,-2.569500,50.709702,149,125,94,floor,1
10.312200,-2.579100,50.709702,139,119,94,floor,1
10.310000,-2.583900,50.709099,142,114,93,floor,1
10.318400,-2.586500,50.709900,140,118,93,floor,1
10.317400,-2.598000,50.710098,137,118,89,floor,1
10.325800,-2.600700,50.710800,141,120,97,floor,1
10.336300,-2.606400,50.712299,142,119,95,floor,1
10.336000,-2.610200,50.712299,139,120,92,floor,1
10.344000,-2.616000,50.713299,140,123,91,floor,1
10.338400,-2.625700,50.712101,143,119,92,floor,1
10.352300,-2.627600,50.714001,141,116,94,floor,1
10.355500,-2.632600,50.714600,139,118,92,floor,1
10.363300,-2.644400,50.715500,138,106,79,floor,1
10.364500,-2.648300,50.715401,135,111,79,floor,1
10.371800,-2.654400,50.716400,134,108,85,floor,1
10.372500,-2.657300,50.716301,135,110,82,floor,1
10.376800,-2.663400,50.716801,137,102,80,floor,1
10.381300,-2.671400,50.717201,129,101,83,floor,1
10.388900,-2.679600,50.718201,126,93,74,floor,1
10.404100,-2.684000,50.739700,118,70,63,floor,1
10.410700,-2.685200,50.740898,118,72,61,floor,1
10.410600,-2.693300,50.740898,115,67,69,floor,1
10.690600,-2.936500,50.759701,147,131,117,floor,1
10.691500,-2.941100,50.758701,158,148,123,floor,1
10.702600,-2.943400,50.761700,136,125,111,floor,1
10.708900,-2.946700,50.762199,134,127,111,floor,1
10.709600,-2.952200,50.761398,157,148,123,floor,1
10.718700,-2.953400,50.764099,133,126,117,floor,1
10.723600,-2.954400,50.764000,157,149,121,floor,1
10.732500,-2.960900,50.765301,156,149,128,floor,1
10.737400,-2.962200,50.766399,141,131,119,floor,1
10.743500,-2.970200,50.766998,135,125,116,floor,1
10.745100,-2.976000,50.766998,145,136,125,floor,1
10.757300,-2.976600,50.769199,129,124,121,floor,1
10.765400,-2.974800,50.771000,139,129,119,floor,1
10.770200,-2.980000,50.771599,128,124,122,floor,1
10.776900,-2.989900,50.771801,126,122,120,floor,1
10.783200,-2.986600,50.774200,127,124,119,floor,1
10.789900,-2.993300,50.773800,128,125,121,floor,1
10.799000,-2.989700,50.776199,136,126,118,floor,1
10.801900,-3.000600,50.775700,134,124,114,floor,1
10.811500,-2.997400,50.778000,134,126,116,floor,1
10.814500,-3.010900,50.778301,132,124,115,floor,1
10.825800,-3.003400,50.779400,129,126,123,floor,1
10.826700,-3.013100,50.780201,131,125,115,floor,1
10.836000,-3.012600,50.781399,132,125,116,floor,1
10.842200,-3.010100,50.781502,130,127,126,floor,1
10.848900,-3.013500,50.782200,129,128,126,floor,1
10.851900,-3.026600,50.783401,127,126,125,floor,1
10.861900,-3.020200,50.784000,131,127,127,floor,1
10.872200,-3.021900,50.785999,134,125,119,floor,1
10.878200,-3.037900,50.786900,130,121,112,floor,1
10.890900,-3.030300,50.789501,129,129,124,floor,1
10.894200,-3.036900,50.789398,127,126,124,floor,1
10.897200,-3.036900,50.790001,127,126,125,floor,1
10.910400,-3.040300,50.792702,124,124,126,floor,1
10.919500,-3.035600,50.794102,111,115,120,floor,1
10.921600,-3.037800,50.792900,127,126,117,floor,1
10.925500,-3.047400,50.794701,110,112,114,floor,1
10.934100,-3.045200,50.794701,124,127,118,floor,1
10.942300,-3.055800,50.795898,124,122,114,floor,1
10.949700,-3.053900,50.797501,125,124,124,floor,1
10.956300,-3.050600,50.796902,126,120,112,floor,1
10.959700,-3.050800,50.798500,127,125,126,floor,1
10.969700,-3.050900,50.799400,126,125,128,floor,1
10.976300,-3.050800,50.799900,124,126,116,floor,1
10.985600,-3.054600,50.800499,124,121,114,floor,1
10.992200,-3.060100,50.806099,107,109,111,floor,1
10.998700,-3.054400,50.805901,110,113,116,floor,1
11.003200,-3.064400,50.803600,121,117,109,floor,1
11.011500,-3.066100,50.811001,121,115,109,floor,1
11.028100,-3.065600,50.810501,123,117,112,floor,1
11.035300,-3.066900,50.824600,117,115,112,floor,1
11.041300,-3.067000,50.826401,113,111,103,floor,1
11.044600,-3.067300,50.826900,109,99,94,floor,1
11.050800,-3.067000,50.828899,116,113,108,floor,1
11.060800,-3.066400,50.818001,119,117,111,floor,1
11.069500,-3.067800,50.828201,117,111,107,floor,1
11.071300,-3.069800,50.833801,113,101,101,floor,1
11.080800,-3.069100,50.834599,117,102,98,floor,1
11.088700,-3.069500,50.836399,118,103,99,floor,1
11.098600,-3.070600,50.839401,111,105,98,floor,1
11.105600,-3.067500,50.838600,117,114,111,floor,1
11.109900,-3.070700,50.839699,117,103,97,floor,1
11.119900,-3.070100,50.840900,110,98,97,floor,1
11.121300,-3.074200,50.842800,110,96,89,floor,1
11.134000,-3.069500,50.842701,107,104,97,floor,1
11.144100,-3.074500,50.845699,112,97,90,floor,1
11.148400,-3.076700,50.845001,111,95,95,floor,1
11.157600,-3.080300,50.846100,117,100,93,floor,1
11.167700,-3.073200,50.847198,106,95,94,floor,1
11.173300,-3.071600,50.850498,105,95,86,floor,1
11.179200,-3.070000,50.848999,110,101,99,floor,1
11.187700,-3.069600,50.850498,112,97,99,floor,1
11.189600,-3.075100,50.853001,114,99,93,floor,1
11.199700,-3.068700,50.854301,117,109,101,floor,1
11.209700,-3.073900,50.852699,113,95,92,floor,1
11.212700,-3.072200,50.856201,116,105,91,floor,1
11.219200,-3.073300,50.855000,119,106,97,floor,1
11.229200,-3.069200,50.857800,116,109,96,floor,1
11.232200,-3.069200,50.859001,117,112,99,floor,1
11.242200,-3.072600,50.860001,115,107,95,floor,1
11.245800,-3.071300,50.858398,120,107,98,floor,1
11.251800,-3.072800,50.861401,112,108,92,floor,1
11.262000,-3.073000,50.862202,112,101,82,floor,1
11.268100,-3.071200,50.861301,112,95,98,floor,1
11.274900,-3.073100,50.864799,109,102,91,floor,1
11.279300,-3.074600,50.864300,110,84,72,floor,1
11.284800,-3.073400,50.865398,109,101,92,floor,1
11.296600,-3.074500,50.865299,116,90,78,floor,1
11.303200,-3.069700,50.865601,106,96,95,floor,1
11.307400,-3.073700,50.868999,111,99,92,floor,1
11.314400,-3.068100,50.867298,117,105,99,floor,1
11.324100,-3.070700,50.871201,109,99,99,floor,1
11.339900,-3.076500,50.872501,117,103,98,floor,1
11.350200,-3.077800,50.874802,109,96,94,floor,1
11.353600,-3.071200,50.875099,108,97,98,floor,1
11.363500,-3.068100,50.875900,110,101,96,floor,1
11.370000,-3.068100,50.877201,113,105,101,floor,1
11.373300,-3.067800,50.875401,116,103,98,floor,1
11.380200,-3.068400,50.877602,111,99,91,floor,1
11.382900,-2.898200,51.160999,153,124,119,floor,1
11.393300,-3.068600,50.879902,108,100,93,floor,1
11.404400,-3.065800,50.876598,112,106,107,floor,1
12.059800,-2.691900,50.975800,108,87,98,floor,1
12.066800,-2.686200,50.977200,105,93,100,floor,1
12.068700,-2.685100,50.976200,109,100,103,floor,1
12.077400,-2.684900,50.976398,105,98,98,floor,1
12.084700,-2.683900,50.966499,112,110,108,floor,1
12.090000,-2.679600,50.957500,120,122,122,floor,1
12.096100,-2.671800,50.958199,128,129,128,floor,1
12.099700,-2.667400,50.959000,127,131,129,floor,1
12.101200,-2.663000,50.959099,129,133,131,floor,1
12.107900,-2.654100,50.960400,131,134,131,floor,1
12.111300,-2.651900,50.961201,131,135,132,floor,1
12.112600,-2.648600,50.960999,132,136,135,floor,1
12.117200,-2.639900,50.961601,136,138,139,floor,1
12.122400,-2.633300,50.962799,141,145,140,floor,1
12.125000,-2.630100,50.962601,140,147,142,floor,1
12.131300,-2.624700,50.963600,142,150,146,floor,1
12.135600,-2.618200,50.963902,144,149,147,floor,1
12.137400,-2.613900,50.964401,141,150,148,floor,1
12.138000,-2.610600,50.965099,144,151,148,floor,1
12.142400,-2.604200,50.965401,143,153,146,floor,1
12.148600,-2.602200,50.966202,143,152,150,floor,1
12.154900,-2.596900,50.967201,144,153,153,floor,1
12.157400,-2.589400,50.966999,146,154,151,floor,1
12.160400,-2.582000,50.967400,145,158,151,floor,1
12.160700,-2.576600,50.967800,146,157,153,floor,1
12.162400,-2.573500,50.968102,147,157,158,floor,1
12.168400,-2.566200,50.969002,151,163,151,floor,1
12.172600,-2.559800,50.969101,155,165,156,floor,1
12.173100,-2.556700,50.969799,154,168,157,floor,1
12.178700,-2.547300,50.970001,158,166,152,floor,1
12.185200,-2.547500,50.971699,157,167,151,floor,1
12.181900,-2.541100,50.970798,158,170,155,floor,1
12.190700,-2.532900,50.971802,166,174,160,floor,1
12.195400,-2.527800,50.972900,172,182,165,floor,1
12.193700,-2.521400,50.972301,179,193,170,floor,1
12.197900,-2.515300,50.972698,181,198,175,floor,1
12.203200,-2.510200,50.972698,184,196,175,floor,1
12.206100,-2.505100,50.973000,183,199,170,floor,1
12.206400,-2.497700,50.973400,186,201,178,floor,1
12.209400,-2.494700,50.973801,184,200,177,floor,1
12.211000,-2.491700,50.974300,183,202,177,floor,1
12.215600,-2.482500,50.975101,186,201,182,floor,1
12.216700,-2.477300,50.974998,187,202,176,floor,1
12.221100,-2.470200,50.975498,184,204,178,floor,1
12.223600,-2.465100,50.975399,189,202,183,floor,1
12.224500,-2.463000,50.974899,189,203,186,floor,1
12.232000,-2.454100,50.976398,188,205,184,floor,1
12.232200,-2.448900,50.976601,188,207,181,floor,1
12.236400,-2.442900,50.977001,191,206,184,floor,1
12.239000,-2.438900,50.977100,191,206,184,floor,1
12.238500,-2.431600,50.978001,189,207,185,floor,1
12.242300,-2.425600,50.978001,190,209,187,floor,1
12.244900,-2.419500,50.977901,189,206,187,floor,1
12.246200,-2.414400,50.978001,189,206,187,floor,1
12.249300,-2.410500,50.978699,188,206,187,floor,1
12.252000,-2.402300,50.978802,188,207,183,floor,1
12.256300,-2.396500,50.979500,188,207,186,floor,1
12.257300,-2.391300,50.979099,190,208,189,floor,1
12.263500,-2.384700,50.980801,190,208,190,floor,1
12.259400,-2.382200,50.980400,189,208,189,floor,1
12.263600,-2.374200,50.980801,190,209,192,floor,1
12.267100,-2.368200,50.980598,189,209,190,floor,1
12.267100,-2.361900,50.980499,190,210,191,floor,1
10.225800,-2.383100,50.699902,180,143,118,floor,1
10.228900,-2.389100,50.699402,178,143,107,floor,1
10.227300,-2.404900,50.693298,89,60,62,floor,1
10.236200,-2.414800,50.699299,62,44,51,floor,1
10.237700,-2.421100,50.699001,140,119,97,floor,1
10.253700,-2.428300,50.701099,69,42,39,floor,1
10.252700,-2.434000,50.700298,74,48,45,floor,1
10.262700,-2.438400,50.702499,172,142,110,floor,1
10.258000,-2.451100,50.702301,99,68,35,floor,1
10.254100,-2.455300,50.702000,71,30,10,floor,1
10.269800,-2.459200,50.703300,184,151,122,floor,1
10.275000,-2.462400,50.704399,188,153,123,floor,1
10.283100,-2.471000,50.710899,180,155,120,floor,1
10.282300,-2.473900,50.709999,179,146,110,floor,1
10.286600,-2.483900,50.706501,181,147,118,floor,1
10.286400,-2.490500,50.706600,181,145,116,floor,1
10.288000,-2.499800,50.706402,176,146,119,floor,1
10.284700,-2.511400,50.706001,173,139,110,floor,1
10.297900,-2.512300,50.707802,178,147,124,floor,1
10.297900,-2.515100,50.707802,179,146,121,floor,1
10.302200,-2.521500,50.708199,176,146,116,floor,1
10.301900,-2.532900,50.708199,171,139,113,floor,1
10.305400,-2.534600,50.708698,170,139,113,floor,1
10.308500,-2.542000,50.709202,167,138,112,floor,1
10.321100,-2.548100,50.710400,167,138,106,floor,1
10.310100,-2.562000,50.709000,157,133,102,floor,1
10.321500,-2.571100,50.710400,148,124,95,floor,1
10.328100,-2.573800,50.711399,145,120,94,floor,1
10.339400,-2.580200,50.712799,143,117,89,floor,1
10.342600,-2.583000,50.713299,144,118,87,floor,1
10.346200,-2.587800,50.713799,144,116,90,floor,1
10.350900,-2.599400,50.714100,142,121,85,floor,1
10.354700,-2.603200,50.714699,140,122,92,floor,1
10.359400,-2.611000,50.715000,139,118,92,floor,1
10.362400,-2.612900,50.715599,140,116,93,floor,1
10.366500,-2.619800,50.716000,146,118,91,floor,1
10.370500,-2.625700,50.716499,144,115,90,floor,1
10.375100,-2.636600,50.716900,143,111,87,floor,1
10.373600,-2.641500,50.717098,142,112,78,floor,1
10.383200,-2.643600,50.717899,139,111,83,floor,1
10.387100,-2.653600,50.718399,134,107,87,floor,1
10.391900,-2.651700,50.718700,134,108,83,floor,1
10.395400,-2.660800,50.719299,136,105,82,floor,1
10.399600,-2.666900,50.719799,129,106,85,floor,1
10.400000,-2.679000,50.719700,127,98,70,floor,1
10.412300,-2.680400,50.721199,126,90,74,floor,1
10.423500,-2.687700,50.742401,115,74,68,floor,1
10.431800,-2.686000,50.743500,118,75,68,floor,1
10.684100,-2.917500,50.758400,145,129,115,floor,1
10.691600,-2.918900,50.758801,160,149,122,floor,1
10.696200,-2.930300,50.760399,144,120,112,floor,1
10.703000,-2.925100,50.761299,152,134,124,floor,1
10.708900,-2.930400,50.762001,137,127,114,floor,1
10.718500,-2.933000,50.762699,159,148,126,floor,1
10.723500,-2.939800,50.763901,156,149,131,floor,1
10.731600,-2.940300,50.765701,136,133,121,floor,1
10.734000,-2.940500,50.765499,145,138,121,floor,1
10.744300,-2.946900,50.768299,138,135,125,floor,1
10.743600,-2.956500,50.767399,144,137,121,floor,1
10.752600,-2.953400,50.768501,147,138,124,floor,1
10.758800,-2.955900,50.769001,148,141,126,floor,1
10.765100,-2.966600,50.770000,144,136,123,floor,1
10.770200,-2.960200,50.771702,141,138,127,floor,1
10.792900,-2.973700,50.774899,141,133,120,floor,1
10.799600,-2.976900,50.776299,133,130,123,floor,1
10.804000,-2.981900,50.776798,136,120,112,floor,1
10.811300,-2.981100,50.777599,136,128,118,floor,1
10.817100,-2.983600,50.777500,137,129,118,floor,1
10.823100,-2.986100,50.778301,134,130,117,floor,1
10.832100,-2.990200,50.781200,132,132,124,floor,1
10.845700,-2.994000,50.783798,119,120,116,floor,1
10.851200,-2.998400,50.783501,137,131,122,floor,1
10.858600,-3.000000,50.784801,122,121,119,floor,1
10.861600,-3.003600,50.785500,137,135,130,floor,1
10.869500,-3.003000,50.786400,150,145,131,floor,1
10.877700,-3.003800,50.787399,142,141,133,floor,1
10.882800,-3.006100,50.788502,127,127,123,floor,1
10.888900,-3.017800,50.789600,118,122,124,floor,1
10.893500,-3.010200,50.789001,145,141,123,floor,1
10.901200,-3.012200,50.791199,125,127,128,floor,1
10.912000,-3.017400,50.792801,137,130,117,floor,1
10.917500,-3.022600,50.792900,136,127,119,floor,1
10.917400,-3.028000,50.792500,135,127,119,floor,1
10.926900,-3.020700,50.794701,133,135,128,floor,1
10.936800,-3.024200,50.794800,133,134,127,floor,1
10.942300,-3.025200,50.796101,132,131,121,floor,1
10.944500,-3.040300,50.795601,129,123,111,floor,1
10.952900,-3.030800,50.798801,131,131,129,floor,1
10.962600,-3.029600,50.799198,130,131,126,floor,1
10.967800,-3.030600,50.801498,113,118,122,floor,1
10.974400,-3.033500,50.800499,132,128,118,floor,1
10.984000,-3.037600,50.801399,129,133,123,floor,1
10.992600,-3.037900,50.804100,131,132,131,floor,1
10.991400,-3.049000,50.801399,126,123,113,floor,1
11.006400,-3.041400,50.805099,129,132,130,floor,1
11.009600,-3.041400,50.806000,131,132,132,floor,1
11.017500,-3.046100,50.806198,128,133,124,floor,1
11.022700,-3.044900,50.807598,131,130,128,floor,1
11.030500,-3.046800,50.807701,129,132,124,floor,1
11.035800,-3.055100,50.810398,112,112,121,floor,1
11.042100,-3.048300,50.811100,131,132,128,floor,1
11.050500,-3.051400,50.811600,127,123,117,floor,1
11.055400,-3.061800,50.812000,124,115,109,floor,1
11.061700,-3.064300,50.812401,122,119,114,floor,1
11.067800,-3.053300,50.813801,128,125,118,floor,1
11.078000,-3.055400,50.815701,129,131,129,floor,1
11.082500,-3.064900,50.823601,122,123,118,floor,1
11.094200,-3.058900,50.818100,127,130,126,floor,1
11.100500,-3.059000,50.819401,127,130,129,floor,1
11.101700,-3.065000,50.827801,121,122,125,floor,1
11.113400,-3.062200,50.826099,111,110,100,floor,1
11.119700,-3.062300,50.826900,112,110,103,floor,1
11.125200,-3.062300,50.828899,112,111,109,floor,1
11.133000,-3.063700,50.821899,125,122,115,floor,1
11.139500,-3.065800,50.824902,123,119,113,floor,1
11.149200,-3.062800,50.827499,127,128,124,floor,1
11.150100,-3.065500,50.836700,122,120,115,floor,1
11.159900,-3.065600,50.838100,119,120,122,floor,1
11.166500,-3.065700,50.839401,122,119,116,floor,1
11.175400,-3.067900,50.845200,115,111,107,floor,1
11.182300,-3.067900,50.846600,117,101,98,floor,1
11.189000,-3.067400,50.845600,119,109,108,floor,1
11.196500,-3.067400,50.844002,120,112,109,floor,1
11.205100,-3.066100,50.846901,124,120,116,floor,1
11.216300,-3.069000,50.855202,117,109,97,floor,1
11.230800,-3.066300,50.852699,123,121,114,floor,1
11.234100,-3.066400,50.852798,122,120,112,floor,1
11.240500,-3.066400,50.854198,120,119,112,floor,1
11.249300,-3.069400,50.859501,111,102,101,floor,1
11.257300,-3.069100,50.859798,113,103,102,floor,1
11.260900,-3.064700,50.852001,107,109,114,floor,1
11.266400,-3.066700,50.859001,120,119,115,floor,1
11.284000,-3.066300,50.853298,121,115,113,floor,1
11.289000,-3.067100,50.862301,113,111,106,floor,1
11.292400,-3.067100,50.863300,116,113,110,floor,1
11.302100,-3.066000,50.851898,119,114,110,floor,1
11.311600,-3.067300,50.867401,114,108,103,floor,1
11.320600,-3.066900,50.862900,118,111,105,floor,1
11.326000,-3.065500,50.861801,115,105,99,floor,1
11.333500,-3.064900,50.862999,121,116,118,floor,1
11.340400,-3.065100,50.862801,114,115,115,floor,1
11.349700,-3.062600,50.855400,122,122,126,floor,1
11.353100,-3.065200,50.865799,120,115,119,floor,1
11.362500,-3.064200,50.861698,120,111,105,floor,1
11.373300,-3.059800,50.856400,126,124,126,floor,1
11.382100,-3.063000,50.861900,122,120,118,floor,1
11.382900,-2.882100,51.160198,147,118,107,floor,1
11.400800,-3.055900,50.860600,134,132,125,floor,1
11.410100,-3.056400,50.861698,131,130,124,floor,1
12.044000,-2.691200,50.973999,106,91,97,floor,1
12.049000,-2.690000,50.974899,106,93,98,floor,1
12.055900,-2.688700,50.974602,107,93,102,floor,1
12.067200,-2.684200,50.969200,110,105,105,floor,1
12.072300,-2.676700,50.954899,123,126,124,floor,1
12.077700,-2.672200,50.956200,126,130,130,floor,1
12.080400,-2.665500,50.956100,128,130,128,floor,1
12.086800,-2.662100,50.956902,130,132,128,floor,1
12.088800,-2.655400,50.957600,131,132,131,floor,1
12.093400,-2.652100,50.958099,131,135,132,floor,1
12.096600,-2.646600,50.958599,132,137,135,floor,1
12.099800,-2.641100,50.959099,136,138,138,floor,1
12.105000,-2.636700,50.960300,139,145,142,floor,1
12.109600,-2.631200,50.960701,141,147,142,floor,1
12.110900,-2.627900,50.960602,142,146,143,floor,1
12.114500,-2.620300,50.961601,144,148,146,floor,1
12.123700,-2.617100,50.962799,144,148,143,floor,1
12.124000,-2.611700,50.963100,145,149,149,floor,1
12.125700,-2.604100,50.963402,144,153,149,floor,1
12.129100,-2.599800,50.964199,145,153,149,floor,1
12.132300,-2.598700,50.964699,146,153,149,floor,1
12.136400,-2.590200,50.964901,146,154,152,floor,1
12.143000,-2.586000,50.966099,147,154,152,floor,1
12.150100,-2.582800,50.966301,149,154,152,floor,1
12.145700,-2.576300,50.966000,147,157,154,floor,1
12.153300,-2.570000,50.966900,146,158,151,floor,1
12.153500,-2.563600,50.967201,156,164,157,floor,1
12.159500,-2.559500,50.967899,159,164,157,floor,1
12.161000,-2.551000,50.968102,160,167,156,floor,1
12.164200,-2.546900,50.968498,159,169,159,floor,1
12.164500,-2.543700,50.969002,159,171,160,floor,1
12.171200,-2.535300,50.968899,162,172,161,floor,1
12.175200,-2.534400,50.969002,163,173,157,floor,1
12.175700,-2.529100,50.969601,169,181,159,floor,1
12.179000,-2.521800,50.970299,176,193,171,floor,1
12.189300,-2.518000,50.971802,179,197,170,floor,1
12.187900,-2.508400,50.971600,183,198,175,floor,1
12.186400,-2.506300,50.971298,183,199,176,floor,1
12.192500,-2.500200,50.972301,182,200,175,floor,1
12.195000,-2.490800,50.972000,183,200,173,floor,1
12.200700,-2.489000,50.972698,183,200,172,floor,1
12.201700,-2.485800,50.972301,186,201,176,floor,1
12.206100,-2.481900,50.972900,187,202,181,floor,1
12.209100,-2.470400,50.973301,189,204,181,floor,1
12.210800,-2.470600,50.973900,188,206,181,floor,1
12.211000,-2.462200,50.974201,188,204,179,floor,1
12.216900,-2.456300,50.974998,187,205,182,floor,1
12.217700,-2.448900,50.974300,189,208,178,floor,1
12.222500,-2.444000,50.975498,190,205,180,floor,1
12.222000,-2.440800,50.974899,191,207,181,floor,1
12.225000,-2.432600,50.975399,189,207,184,floor,1
12.227800,-2.424400,50.975601,188,207,183,floor,1
12.230500,-2.422500,50.975800,187,206,182,floor,1
12.231000,-2.417300,50.976398,190,207,187,floor,1
12.235000,-2.407100,50.976501,191,206,190,floor,1
12.236300,-2.404000,50.976601,190,205,190,floor,1
12.240500,-2.401300,50.977100,189,205,189,floor,1
12.244500,-2.393200,50.977299,189,209,189,floor,1
12.243300,-2.387800,50.977299,188,209,184,floor,1
12.246300,-2.381800,50.977901,190,208,183,floor,1
12.249300,-2.373700,50.978500,189,207,185,floor,1
12.250300,-2.371700,50.978199,189,207,183,floor,1
12.253500,-2.363700,50.979099,192,208,190,floor,1
12.258800,-2.357900,50.979500,190,208,188,floor,1
10.251100,-2.374300,50.702202,57,27,34,floor,1
10.257200,-2.379900,50.703201,122,94,69,floor,1
10.257200,-2.382800,50.703201,133,109,87,floor,1
10.261400,-2.393400,50.702599,144,119,98,floor,1
10.262500,-2.409300,50.702400,164,142,114,floor,1
10.269000,-2.410300,50.703300,186,156,124,floor,1
10.275700,-2.416100,50.708000,181,152,119,floor,1
10.278100,-2.420500,50.709499,182,154,125,floor,1
10.281400,-2.430600,50.710999,187,153,118,floor,1
10.284900,-2.438700,50.711399,187,150,116,floor,1
10.290000,-2.444700,50.712502,184,150,112,floor,1
10.290300,-2.449500,50.712502,187,146,108,floor,1
10.291000,-2.455100,50.712399,184,148,112,floor,1
10.298900,-2.463800,50.713402,180,144,113,floor,1
10.294400,-2.472800,50.712002,175,142,104,floor,1
10.300800,-2.475000,50.710999,182,149,113,floor,1
10.297200,-2.482900,50.707802,187,155,124,floor,1
10.304200,-2.491800,50.708698,187,154,122,floor,1
10.301200,-2.497800,50.708199,185,152,122,floor,1
10.315400,-2.504300,50.710098,181,152,124,floor,1
10.312300,-2.507400,50.709400,179,150,127,floor,1
10.316000,-2.517700,50.709999,177,145,119,floor,1
10.327400,-2.523700,50.711300,177,146,118,floor,1
10.330600,-2.531200,50.711800,171,143,113,floor,1
10.334000,-2.539700,50.712399,167,139,112,floor,1
10.338200,-2.541500,50.712898,169,139,113,floor,1
10.342600,-2.550000,50.713200,168,140,109,floor,1
10.343000,-2.557700,50.713200,162,136,104,floor,1
10.345900,-2.562500,50.713799,156,135,108,floor,1
10.346200,-2.573200,50.713799,146,122,98,floor,1
10.346000,-2.582000,50.713799,144,120,85,floor,1
10.364400,-2.582400,50.716202,143,119,94,floor,1
10.365600,-2.587300,50.716000,143,120,93,floor,1
10.369700,-2.597100,50.716499,142,122,93,floor,1
10.372900,-2.599000,50.717098,143,123,91,floor,1
10.374100,-2.609900,50.716999,141,122,93,floor,1
10.382100,-2.609800,50.717899,143,122,91,floor,1
10.382100,-2.619700,50.717899,143,117,88,floor,1
10.386400,-2.622700,50.718399,143,119,95,floor,1
10.390600,-2.634700,50.718800,144,114,84,floor,1
10.401700,-2.635800,50.720402,141,118,90,floor,1
10.402200,-2.642800,50.720299,140,112,86,floor,1
10.406800,-2.643800,50.720798,140,113,88,floor,1
10.411100,-2.650000,50.721199,135,109,78,floor,1
10.410400,-2.657000,50.721298,140,109,80,floor,1
10.419700,-2.660300,50.722198,134,111,81,floor,1
10.422700,-2.666400,50.722900,132,103,94,floor,1
10.426600,-2.674700,50.723499,131,94,89,floor,1
10.434500,-2.684000,50.743099,121,72,66,floor,1
10.443900,-2.689500,50.745300,114,74,67,floor,1
10.680700,-2.892800,50.757301,140,130,107,floor,1
10.687400,-2.900800,50.759201,147,134,118,floor,1
10.697000,-2.903200,50.761200,147,138,125,floor,1
10.700100,-2.903100,50.761398,147,138,125,floor,1
10.705200,-2.912100,50.760799,161,151,131,floor,1
10.715800,-2.914000,50.762402,138,133,122,floor,1
10.722400,-2.916100,50.763100,161,154,136,floor,1
10.718700,-2.924500,50.764000,146,138,121,floor,1
10.732400,-2.922400,50.765202,162,154,130,floor,1
10.736500,-2.923900,50.765701,162,154,133,floor,1
10.746700,-2.929000,50.768299,149,142,125,floor,1
10.747800,-2.930600,50.768299,142,138,126,floor,1
10.758200,-2.936400,50.768902,164,156,137,floor,1
10.763900,-2.937300,50.770302,145,142,129,floor,1
10.768100,-2.939200,50.770699,152,148,129,floor,1
10.773600,-2.943900,50.771999,146,143,129,floor,1
10.776800,-2.952500,50.771400,151,144,130,floor,1
10.789800,-2.950500,50.774502,147,144,130,floor,1
10.793300,-2.953900,50.774601,146,143,132,floor,1
10.803100,-2.957200,50.775799,147,144,134,floor,1
10.809400,-2.958800,50.778400,147,132,120,floor,1
10.811200,-2.959300,50.777401,152,146,131,floor,1
10.816100,-2.970400,50.778000,141,140,129,floor,1
10.823500,-2.967000,50.779701,148,141,128,floor,1
10.827500,-2.970600,50.781502,133,131,121,floor,1
10.838700,-2.977200,50.781399,138,137,125,floor,1
10.841900,-2.974400,50.782398,141,137,123,floor,1
10.851200,-2.976700,50.783798,143,138,126,floor,1
10.853800,-2.990200,50.783298,141,134,124,floor,1
10.861900,-2.987300,50.783901,141,141,130,floor,1
10.872200,-2.986700,50.786400,154,151,135,floor,1
10.878300,-2.986400,50.787498,156,153,135,floor,1
10.881200,-2.991800,50.787201,155,152,135,floor,1
10.889100,-3.000400,50.789299,136,132,126,floor,1
10.896500,-2.993800,50.789501,161,156,138,floor,1
10.900600,-2.994100,50.790401,150,149,138,floor,1
10.909300,-3.000000,50.791500,154,138,126,floor,1
10.913700,-3.000800,50.792400,138,134,131,floor,1
10.920000,-3.010800,50.793301,138,141,131,floor,1
10.926700,-3.003300,50.794300,159,157,140,floor,1
10.937600,-3.007000,50.796398,133,132,130,floor,1
10.940000,-3.010900,50.796299,141,143,132,floor,1
10.946500,-3.015300,50.796600,134,135,123,floor,1
10.956300,-3.012900,50.797298,142,137,126,floor,1
10.962200,-3.013200,50.799801,120,125,127,floor,1
10.971200,-3.016400,50.800499,133,134,129,floor,1
10.969500,-3.027700,50.800499,131,132,131,floor,1
10.981300,-3.019300,50.802101,119,124,125,floor,1
10.985900,-3.022300,50.801701,134,131,120,floor,1
10.997100,-3.024600,50.803101,133,135,128,floor,1
11.001000,-3.024200,50.804699,135,130,120,floor,1
11.003600,-3.029500,50.805000,133,130,118,floor,1
11.012600,-3.028100,50.807301,133,136,133,floor,1
11.021200,-3.028700,50.807499,134,131,123,floor,1
11.025500,-3.029400,50.807999,133,138,129,floor,1
11.030100,-3.043300,50.808102,130,133,125,floor,1
11.041900,-3.035100,50.811600,134,135,132,floor,1
11.047000,-3.035700,50.809601,134,128,120,floor,1
11.053400,-3.040600,50.812000,132,126,119,floor,1
11.061800,-3.037600,50.813202,132,129,119,floor,1
11.068000,-3.048600,50.814701,130,132,128,floor,1
11.071500,-3.042100,50.814899,134,134,131,floor,1
11.077800,-3.042100,50.816601,134,136,132,floor,1
11.090500,-3.041600,50.816898,134,129,119,floor,1
11.096000,-3.046800,50.816700,131,127,118,floor,1
11.097700,-3.044500,50.819199,113,119,120,floor,1
11.107300,-3.055800,50.820301,129,132,134,floor,1
11.115900,-3.044900,50.821899,117,121,120,floor,1
11.122300,-3.053400,50.822102,129,125,119,floor,1
11.130100,-3.052800,50.823200,131,133,131,floor,1
11.136900,-3.048800,50.823700,135,136,128,floor,1
11.139100,-3.050100,50.823700,130,127,119,floor,1
11.147600,-3.060200,50.825401,125,123,115,floor,1
11.154400,-3.049800,50.826099,135,135,128,floor,1
11.161500,-3.049100,50.826900,129,126,120,floor,1
11.170300,-3.048700,50.828201,129,128,120,floor,1
11.173100,-3.056500,50.828800,127,125,118,floor,1
11.178700,-3.053600,50.829700,128,126,118,floor,1
11.189800,-3.050500,50.830898,129,125,121,floor,1
11.197500,-3.052100,50.832600,131,137,126,floor,1
11.203400,-3.052300,50.833801,115,116,120,floor,1
11.210800,-3.052700,50.834801,134,138,130,floor,1
11.221900,-3.050700,50.836102,133,133,135,floor,1
11.229100,-3.051400,50.836399,127,125,120,floor,1
11.238200,-3.057500,50.839100,131,132,130,floor,1
11.240500,-3.053000,50.839401,113,114,121,floor,1
11.248300,-3.054400,50.840000,131,133,129,floor,1
11.254400,-3.051200,50.841202,133,133,130,floor,1
11.259600,-3.051900,50.841202,137,138,132,floor,1
11.268400,-3.055800,50.842400,135,136,129,floor,1
11.277800,-3.051500,50.844002,132,135,131,floor,1
11.281900,-3.056600,50.844200,135,135,126,floor,1
11.287800,-3.051700,50.844799,131,133,130,floor,1
11.296700,-3.050300,50.845699,134,140,129,floor,1
11.301100,-3.052000,50.846600,131,132,130,floor,1
11.307300,-3.055300,50.848499,131,131,130,floor,1
11.317600,-3.052200,50.848701,132,131,129,floor,1
11.323500,-3.051700,50.850201,132,141,129,floor,1
11.328000,-3.048400,50.850700,133,142,131,floor,1
11.340300,-3.049300,50.852001,129,130,133,floor,1
11.346900,-3.049300,50.853600,129,130,133,floor,1
11.355100,-3.049900,50.854301,135,139,128,floor,1
11.364200,-3.053900,50.855701,137,134,125,floor,1
11.370000,-3.056400,50.856098,126,125,128,floor,1
11.371900,-3.043600,50.857700,114,116,121,floor,1
11.379700,-3.046500,50.858700,128,129,132,floor,1
11.386700,-3.051500,50.859001,135,135,128,floor,1
11.402800,-3.046900,50.861599,125,127,124,floor,1
11.408700,-3.050200,50.863899,125,125,124,floor,1
11.412700,-3.047100,50.862801,124,125,125,floor,1
12.027900,-2.690500,50.972099,105,94,98,floor,1
12.033700,-2.687000,50.972198,108,94,103,floor,1
12.042200,-2.685700,50.973598,103,94,100,floor,1
12.050500,-2.684500,50.970001,105,107,103,floor,1
12.056600,-2.679300,50.953201,122,124,125,floor,1
12.060100,-2.672500,50.953999,126,127,129,floor,1
12.063000,-2.666900,50.953899,128,130,128,floor,1
12.068100,-2.663500,50.954899,129,131,128,floor,1
12.069600,-2.657900,50.955002,131,132,137,floor,1
12.078300,-2.654500,50.956902,132,133,133,floor,1
12.079000,-2.645600,50.956001,133,136,137,floor,1
12.080800,-2.644500,50.956501,135,138,138,floor,1
12.086900,-2.636700,50.957001,141,144,143,floor,1
12.088400,-2.634500,50.957199,142,145,142,floor,1
12.094200,-2.629000,50.959000,143,147,143,floor,1
12.098200,-2.625800,50.958801,143,144,145,floor,1
12.102000,-2.618100,50.959900,144,151,143,floor,1
12.106700,-2.612700,50.960602,143,152,143,floor,1
12.108200,-2.606100,50.960602,142,152,144,floor,1
12.121200,-2.608400,50.963001,144,152,147,floor,1
12.115300,-2.597500,50.962502,146,152,148,floor,1
12.117900,-2.593100,50.962299,146,153,146,floor,1
12.120200,-2.588800,50.963402,148,156,150,floor,1
12.125400,-2.581300,50.963001,149,155,150,floor,1
12.129200,-2.578200,50.964199,149,157,150,floor,1
12.133300,-2.569600,50.964100,150,162,156,floor,1
12.136100,-2.570700,50.964298,150,160,150,floor,1
12.142800,-2.563400,50.965801,156,166,162,floor,1
12.142600,-2.560100,50.965500,157,164,162,floor,1
12.144700,-2.552700,50.966301,160,169,164,floor,1
12.149200,-2.547400,50.966801,158,170,161,floor,1
12.155200,-2.541200,50.967400,161,168,162,floor,1
12.158300,-2.537000,50.967899,165,173,162,floor,1
12.158200,-2.530600,50.967701,171,180,168,floor,1
12.163100,-2.525500,50.968899,177,188,169,floor,1
12.166700,-2.519100,50.968300,180,194,177,floor,1
12.166500,-2.515900,50.968102,184,197,180,floor,1
12.171500,-2.506600,50.969200,184,198,177,floor,1
12.172700,-2.505600,50.969101,184,198,178,floor,1
12.180200,-2.499500,50.970100,183,199,180,floor,1
12.178400,-2.495100,50.969398,182,198,178,floor,1
12.181700,-2.487900,50.970200,185,200,178,floor,1
12.186000,-2.483900,50.970600,186,201,179,floor,1
12.187400,-2.477600,50.970699,185,199,178,floor,1
12.200500,-2.474100,50.972301,185,201,178,floor,1
12.194500,-2.464200,50.971401,185,202,179,floor,1
12.198300,-2.460300,50.972900,188,204,177,floor,1
12.201900,-2.453000,50.972401,189,204,181,floor,1
12.204400,-2.449000,50.972198,189,203,184,floor,1
12.208000,-2.444000,50.973499,189,204,184,floor,1
12.212100,-2.439000,50.973801,187,204,184,floor,1
12.210600,-2.430400,50.973400,191,204,181,floor,1
12.215400,-2.424500,50.974602,189,206,185,floor,1
12.219400,-2.421600,50.974701,188,204,182,floor,1
12.216600,-2.417100,50.974499,188,206,179,floor,1
12.221100,-2.411200,50.975201,190,208,183,floor,1
12.223900,-2.401900,50.975601,187,206,183,floor,1
12.223800,-2.400800,50.975399,187,206,183,floor,1
12.227000,-2.392700,50.976200,190,206,183,floor,1
12.234800,-2.389100,50.976200,189,208,186,floor,1
12.235700,-2.379800,50.977402,189,208,182,floor,1
12.233500,-2.376300,50.976200,187,207,180,floor,1
12.239700,-2.368600,50.977699,190,208,182,floor,1
12.238100,-2.365200,50.977100,190,206,183,floor,1
12.244600,-2.360500,50.977200,191,208,188,floor,1
10.264300,-2.368400,50.703899,178,150,110,floor,1
10.275100,-2.372400,50.707901,179,149,116,floor,1
10.278100,-2.375800,50.710300,187,154,120,floor,1
10.280300,-2.384100,50.710999,185,158,125,floor,1
10.282600,-2.391400,50.711601,188,154,120,floor,1
10.287900,-2.399200,50.711800,190,152,117,floor,1
10.284400,-2.404500,50.711399,190,152,124,floor,1
10.288800,-2.413400,50.711700,187,151,115,floor,1
10.293800,-2.413700,50.711800,187,152,113,floor,1
10.298400,-2.427500,50.712299,182,148,109,floor,1
10.297700,-2.441000,50.712399,181,146,106,floor,1
10.307300,-2.443700,50.714001,177,144,106,floor,1
10.309100,-2.445400,50.714699,177,144,107,floor,1
10.315500,-2.457200,50.715801,179,145,109,floor,1
10.311800,-2.462400,50.715302,181,144,110,floor,1
10.320500,-2.469300,50.716099,183,145,109,floor,1
10.318700,-2.472400,50.715401,176,137,105,floor,1
10.324000,-2.481400,50.710701,187,156,124,floor,1
10.321300,-2.487500,50.710201,188,156,124,floor,1
10.319600,-2.499200,50.710499,182,155,123,floor,1
10.330700,-2.502200,50.711700,184,152,124,floor,1
10.337200,-2.504600,50.712898,180,151,125,floor,1
10.338900,-2.514200,50.712601,181,152,117,floor,1
10.341000,-2.522800,50.713402,179,149,118,floor,1
10.348800,-2.525300,50.714199,176,151,119,floor,1
10.345500,-2.534300,50.713799,170,144,118,floor,1
10.349100,-2.536000,50.714199,170,145,113,floor,1
10.349700,-2.559400,50.714199,161,136,108,floor,1
10.360500,-2.559000,50.715698,163,139,111,floor,1
10.364900,-2.564700,50.716099,155,132,106,floor,1
10.368600,-2.566500,50.716599,152,130,104,floor,1
10.372700,-2.574300,50.716999,147,120,98,floor,1
10.380600,-2.578000,50.717999,146,123,95,floor,1
10.384700,-2.585900,50.718498,142,122,90,floor,1
10.387700,-2.588800,50.719101,143,123,95,floor,1
10.384600,-2.596800,50.718498,145,124,93,floor,1
10.397800,-2.603600,50.719799,145,126,96,floor,1
10.389200,-2.612700,50.718899,144,122,96,floor,1
10.401600,-2.614600,50.720299,146,125,89,floor,1
10.414000,-2.625700,50.721802,144,121,93,floor,1
10.418200,-2.629800,50.722301,149,117,94,floor,1
10.421900,-2.634800,50.722900,141,119,92,floor,1
10.422500,-2.644000,50.722801,141,115,86,floor,1
10.425600,-2.650200,50.723499,135,112,82,floor,1
10.424100,-2.661300,50.722698,136,105,84,floor,1
10.437900,-2.655500,50.725101,135,111,84,floor,1
10.442900,-2.663800,50.725498,133,108,83,floor,1
10.448800,-2.668100,50.725800,134,105,88,floor,1
10.448500,-2.677400,50.725800,132,98,83,floor,1
10.461500,-2.685000,50.747398,120,73,67,floor,1
10.689900,-2.878800,50.758499,150,140,119,floor,1
10.691100,-2.878300,50.758400,161,155,124,floor,1
10.701000,-2.886700,50.760201,162,155,126,floor,1
10.704900,-2.888200,50.760601,162,154,122,floor,1
10.712500,-2.891700,50.763199,152,139,129,floor,1
10.718400,-2.894400,50.762699,165,154,125,floor,1
10.721400,-2.902500,50.763500,149,140,128,floor,1
10.730700,-2.902200,50.764900,151,140,129,floor,1
10.732800,-2.904200,50.765400,162,153,133,floor,1
10.740600,-2.912700,50.767502,150,142,127,floor,1
10.749600,-2.911800,50.767601,165,158,131,floor,1
10.746500,-2.926200,50.767899,149,142,125,floor,1
10.753100,-2.922400,50.767799,166,160,128,floor,1
10.764000,-2.920800,50.770401,147,142,132,floor,1
10.765400,-2.926600,50.769402,166,159,130,floor,1
10.786500,-2.930300,50.773499,156,149,135,floor,1
10.789900,-2.935600,50.774601,155,149,134,floor,1
10.795700,-2.935400,50.775002,156,150,134,floor,1
10.799900,-2.944100,50.775101,150,146,136,floor,1
10.809500,-2.940800,50.777302,150,148,137,floor,1
10.814100,-2.942900,50.777699,158,151,138,floor,1
10.820900,-2.947400,50.780800,149,145,126,floor,1
10.836000,-2.952900,50.781799,158,154,139,floor,1
10.835900,-2.966500,50.781399,149,145,130,floor,1
10.845700,-2.957600,50.781700,155,153,138,floor,1
10.853900,-2.960400,50.783699,160,158,139,floor,1
10.852200,-2.971000,50.783901,130,129,122,floor,1
10.863400,-2.968100,50.785900,161,159,139,floor,1
10.868300,-2.974200,50.785000,149,152,139,floor,1
10.872400,-2.981200,50.786999,156,153,138,floor,1
10.882800,-2.977200,50.788399,139,139,128,floor,1
10.887200,-2.980700,50.788200,157,156,136,floor,1
10.893600,-2.978600,50.798000,162,136,119,floor,1
10.901200,-2.977400,50.791199,145,142,130,floor,1
10.905400,-2.982700,50.790699,165,163,139,floor,1
10.913300,-2.990000,50.792301,155,144,133,floor,1
10.923500,-2.990000,50.793499,163,162,142,floor,1
10.929300,-2.992500,50.794300,162,162,140,floor,1
10.931800,-2.989500,50.795399,148,146,136,floor,1
10.941400,-2.992000,50.795799,163,160,147,floor,1
10.953800,-2.996800,50.798000,155,151,140,floor,1
10.953600,-3.007600,50.797298,149,145,130,floor,1
10.966200,-3.001300,50.800201,139,140,134,floor,1
10.974700,-3.007600,50.801399,126,132,126,floor,1
10.979500,-3.001500,50.801300,141,140,134,floor,1
10.983100,-3.006400,50.801498,150,146,134,floor,1
10.992700,-3.004900,50.803902,141,141,134,floor,1
11.001100,-3.007700,50.803902,140,138,133,floor,1
11.009400,-3.008300,50.806702,140,140,132,floor,1
11.011400,-3.013900,50.807201,122,126,125,floor,1
11.019400,-3.015100,50.806801,138,140,134,floor,1
11.024000,-3.018000,50.807400,137,134,125,floor,1
11.029900,-3.015100,50.807899,139,135,126,floor,1
11.035800,-3.017500,50.809399,136,133,125,floor,1
11.047400,-3.022300,50.810902,135,132,124,floor,1
11.051900,-3.025400,50.811798,137,138,133,floor,1
11.059700,-3.024200,50.812500,138,142,134,floor,1
11.068200,-3.021200,50.813702,139,143,134,floor,1
11.072600,-3.020700,50.816299,120,125,133,floor,1
11.080700,-3.025500,50.817799,137,139,138,floor,1
11.081900,-3.026100,50.815498,139,134,122,floor,1
11.089600,-3.029200,50.816502,139,141,133,floor,1
11.099200,-3.028000,50.818501,136,135,127,floor,1
11.102000,-3.027900,50.818901,136,135,127,floor,1
11.107300,-3.035900,50.820202,135,137,137,floor,1
11.118800,-3.029900,50.819901,137,135,126,floor,1
11.127200,-3.029500,50.821400,138,136,126,floor,1
11.129900,-3.032800,50.823898,137,140,138,floor,1
11.136300,-3.029600,50.825298,138,140,138,floor,1
11.145800,-3.032000,50.825001,139,144,131,floor,1
11.149700,-3.035600,50.825901,135,143,132,floor,1
11.159200,-3.033900,50.828300,119,123,127,floor,1
11.163500,-3.043300,50.827000,134,140,130,floor,1
11.170200,-3.038200,50.828098,131,131,124,floor,1
11.180200,-3.033700,50.830299,136,144,134,floor,1
11.187100,-3.037500,50.830700,133,131,122,floor,1
11.188900,-3.036900,50.832699,136,138,136,floor,1
11.198700,-3.037000,50.833801,136,139,134,floor,1
11.203700,-3.039400,50.832500,133,130,123,floor,1
11.211200,-3.035300,50.834400,137,143,133,floor,1
11.215900,-3.035500,50.834599,136,142,133,floor,1
11.223700,-3.041100,50.836399,131,130,121,floor,1
11.228600,-3.039700,50.837101,137,141,137,floor,1
11.238400,-3.041000,50.838600,136,137,137,floor,1
11.245700,-3.037700,50.838001,132,131,124,floor,1
11.251000,-3.037400,50.839699,139,143,139,floor,1
11.253900,-3.037400,50.839001,132,130,124,floor,1
11.264200,-3.048600,50.841702,139,139,134,floor,1
11.268100,-3.041400,50.842499,135,137,131,floor,1
11.277700,-3.041500,50.844398,135,137,132,floor,1
11.285000,-3.036200,50.844898,119,122,127,floor,1
11.286700,-3.035600,50.845001,141,141,137,floor,1
11.297600,-3.036400,50.846901,121,123,126,floor,1
11.303200,-3.036500,50.848499,119,122,127,floor,1
11.308900,-3.042800,50.847698,128,127,119,floor,1
11.319100,-3.037300,50.849400,135,145,131,floor,1
11.320200,-3.035500,50.850899,135,136,136,floor,1
11.328300,-3.034300,50.850498,136,145,133,floor,1
11.336700,-3.035800,50.852901,134,135,135,floor,1
11.340200,-3.032600,50.852402,135,136,136,floor,1
11.346900,-3.039300,50.853802,131,133,135,floor,1
11.353600,-3.031500,50.855598,118,121,133,floor,1
11.359100,-3.032300,50.855598,137,144,138,floor,1
11.373000,-3.036400,50.857201,132,133,135,floor,1
11.389400,-3.026600,50.859901,132,134,133,floor,1
11.391000,-3.032200,50.860298,115,119,128,floor,1
11.397200,-3.026400,50.861500,117,121,131,floor,1
11.405200,-3.023900,50.861599,138,144,136,floor,1
11.414900,-3.031600,50.862400,132,140,130,floor,1
12.010900,-2.692100,50.969799,108,90,97,floor,1
12.012400,-2.688700,50.969799,113,96,105,floor,1
12.016800,-2.685300,50.969398,106,97,97,floor,1
12.025800,-2.685100,50.969700,107,103,105,floor,1
12.035400,-2.684000,50.960701,107,111,106,floor,1
12.039400,-2.683900,50.960300,109,112,106,floor,1
12.045500,-2.676100,50.951900,124,124,122,floor,1
12.045600,-2.664900,50.952000,128,131,126,floor,1
12.050100,-2.661500,50.952400,129,132,130,floor,1
12.053300,-2.657000,50.952599,130,136,134,floor,1
12.056900,-2.651400,50.953499,131,134,135,floor,1
12.058600,-2.649100,50.953899,131,135,136,floor,1
12.065100,-2.642400,50.954601,131,138,136,floor,1
12.068400,-2.637900,50.955200,137,142,139,floor,1
12.072000,-2.632400,50.956001,141,143,141,floor,1
12.076400,-2.627900,50.956299,143,146,142,floor,1
12.079700,-2.625800,50.956799,144,146,144,floor,1
12.086000,-2.620200,50.957500,145,146,150,floor,1
12.084600,-2.615800,50.957600,145,148,149,floor,1
12.094100,-2.610400,50.958801,146,151,147,floor,1
12.095500,-2.604900,50.958900,146,150,141,floor,1
12.097800,-2.600600,50.959999,145,151,144,floor,1
12.102000,-2.597300,50.959801,145,153,148,floor,1
12.107100,-2.591900,50.961102,145,153,149,floor,1
12.107000,-2.586500,50.960899,146,154,145,floor,1
12.112100,-2.578900,50.962002,145,155,154,floor,1
12.116300,-2.579000,50.962002,148,154,148,floor,1
12.118100,-2.568200,50.962399,151,162,153,floor,1
12.121500,-2.567200,50.963299,150,160,153,floor,1
12.123300,-2.559600,50.963799,158,165,159,floor,1
12.128100,-2.553300,50.964500,157,173,162,floor,1
12.135400,-2.552400,50.965099,160,172,164,floor,1
12.135000,-2.545900,50.964500,163,170,159,floor,1
12.141100,-2.537500,50.965199,164,173,166,floor,1
12.142900,-2.536400,50.965801,166,173,167,floor,1
12.145100,-2.530100,50.966801,170,180,168,floor,1
12.149000,-2.522700,50.966301,180,191,175,floor,1
12.152000,-2.516400,50.966900,183,199,179,floor,1
12.153600,-2.511100,50.966999,183,198,176,floor,1
12.155300,-2.509000,50.967400,184,199,176,floor,1
12.159800,-2.500600,50.967899,184,196,182,floor,1
12.162600,-2.496500,50.968102,185,198,182,floor,1
12.165400,-2.493400,50.968201,184,199,179,floor,1
12.168000,-2.486000,50.968102,186,198,181,floor,1
12.172900,-2.482100,50.969101,186,201,176,floor,1
12.175700,-2.478000,50.969398,187,201,181,floor,1
12.178900,-2.468500,50.970001,188,202,181,floor,1
12.179000,-2.465400,50.970100,184,199,180,floor,1
12.181600,-2.460100,50.970001,186,199,182,floor,1
12.188200,-2.455200,50.970001,186,202,179,floor,1
12.189000,-2.447900,50.971100,188,201,184,floor,1
12.190600,-2.445900,50.971298,187,201,185,floor,1
12.192400,-2.438600,50.971901,185,204,181,floor,1
12.195300,-2.433500,50.972198,189,204,184,floor,1
12.201900,-2.427600,50.972301,188,204,183,floor,1
12.206000,-2.425700,50.972599,187,205,183,floor,1
12.206500,-2.414100,50.973099,191,205,187,floor,1
12.206400,-2.410900,50.973000,192,203,188,floor,1
12.208100,-2.402600,50.973499,190,206,186,floor,1
12.213300,-2.400800,50.973400,187,208,183,floor,1
12.213600,-2.391300,50.973801,189,206,187,floor,1
12.215500,-2.386300,50.974602,189,206,188,floor,1
12.225200,-2.385100,50.975399,192,206,183,floor,1
12.221600,-2.377300,50.975700,190,208,187,floor,1
12.222800,-2.370000,50.975700,190,206,188,floor,1
12.225200,-2.363800,50.975300,192,207,189,floor,1
12.227700,-2.358700,50.975201,192,208,186,floor,1
10.283600,-2.365300,50.712299,188,152,119,floor,1
10.294800,-2.369300,50.713600,183,149,111,floor,1
10.285500,-2.385200,50.712101,189,155,115,floor,1
10.300500,-2.381900,50.713799,185,147,111,floor,1
10.302800,-2.388300,50.713501,181,150,109,floor,1
10.309200,-2.403900,50.714500,184,148,112,floor,1
10.311900,-2.408400,50.715099,183,142,112,floor,1
10.311500,-2.421000,50.714199,175,138,103,floor,1
10.318100,-2.425000,50.716301,160,126,86,floor,1
10.320300,-2.431500,50.716000,182,149,117,floor,1
10.318300,-2.434700,50.715302,167,134,100,floor,1
10.325200,-2.440700,50.717300,171,140,104,floor,1
10.325600,-2.451300,50.717300,182,147,115,floor,1
10.322600,-2.462300,50.716801,180,144,114,floor,1
10.334200,-2.458200,50.718102,182,148,111,floor,1
10.326600,-2.472600,50.716202,173,137,105,floor,1
10.330100,-2.479000,50.711700,188,157,123,floor,1
10.337400,-2.481200,50.712799,189,155,120,floor,1
10.340900,-2.485800,50.713299,186,158,127,floor,1
10.344800,-2.492300,50.713699,186,155,124,floor,1
10.347700,-2.503800,50.714298,188,150,127,floor,1
10.355700,-2.507200,50.715199,183,150,123,floor,1
10.358600,-2.508900,50.715801,182,153,121,floor,1
10.362600,-2.514500,50.716202,181,153,121,floor,1
10.367200,-2.523100,50.716599,181,151,122,floor,1
10.368100,-2.526000,50.716499,176,151,120,floor,1
10.360500,-2.539300,50.715599,169,145,114,floor,1
10.379300,-2.542300,50.718102,176,147,121,floor,1
10.375200,-2.552400,50.717602,167,144,116,floor,1
10.384100,-2.553000,50.718399,170,145,114,floor,1
10.387200,-2.558900,50.719002,165,141,110,floor,1
10.387400,-2.564900,50.719002,154,134,100,floor,1
10.395600,-2.567600,50.720001,153,131,97,floor,1
10.396000,-2.574600,50.719898,149,125,99,floor,1
10.401400,-2.583500,50.720299,147,123,96,floor,1
10.400600,-2.589500,50.720402,147,123,100,floor,1
10.405100,-2.597500,50.720901,144,124,91,floor,1
10.411800,-2.599400,50.722000,145,127,96,floor,1
10.420000,-2.605400,50.723099,147,127,92,floor,1
10.418000,-2.615500,50.722301,145,126,93,floor,1
10.424400,-2.618600,50.723499,141,119,91,floor,1
10.434000,-2.621600,50.724400,146,123,106,floor,1
10.440400,-2.632900,50.725700,145,119,91,floor,1
10.445300,-2.639100,50.726101,142,115,92,floor,1
10.449400,-2.643300,50.726700,141,112,92,floor,1
10.446600,-2.647400,50.726002,139,115,88,floor,1
10.450900,-2.657800,50.726501,141,109,91,floor,1
10.459600,-2.662100,50.727600,138,106,86,floor,1
10.460800,-2.664200,50.727501,139,106,84,floor,1
10.467300,-2.668500,50.728699,134,104,88,floor,1
10.477000,-2.675100,50.729698,132,103,88,floor,1
10.477200,-2.676100,50.729698,132,104,88,floor,1
10.495200,-2.684000,50.750999,120,78,75,floor,1
10.687000,-2.862300,50.758701,154,139,125,floor,1
10.696700,-2.864900,50.759701,162,157,127,floor,1
10.702500,-2.867400,50.760601,152,142,125,floor,1
10.705800,-2.874600,50.762299,143,134,122,floor,1
10.715000,-2.874500,50.762600,161,157,129,floor,1
10.715800,-2.878000,50.762699,140,136,122,floor,1
10.721700,-2.883200,50.764599,153,141,130,floor,1
10.731700,-2.886000,50.764702,164,158,128,floor,1
10.735000,-2.887900,50.765800,142,139,123,floor,1
10.743500,-2.890700,50.767700,154,144,130,floor,1
10.749400,-2.904300,50.768101,153,144,130,floor,1
10.764900,-2.901100,50.770199,158,149,136,floor,1
10.767800,-2.906400,50.770401,158,148,136,floor,1
10.770400,-2.911000,50.771099,148,146,134,floor,1
10.776900,-2.914300,50.771702,158,150,135,floor,1
10.777000,-2.925200,50.772099,156,149,136,floor,1
10.793300,-2.917700,50.774799,152,150,136,floor,1
10.798700,-2.921700,50.775902,158,152,136,floor,1
10.804900,-2.921500,50.776402,158,154,136,floor,1
10.811200,-2.923900,50.777901,158,154,135,floor,1
10.816200,-2.931000,50.777699,152,150,139,floor,1
10.820600,-2.929000,50.779499,158,155,139,floor,1
10.825800,-2.940900,50.779800,152,151,138,floor,1
10.829600,-2.939600,50.780399,158,155,139,floor,1
10.838900,-2.937800,50.780899,156,154,140,floor,1
10.847900,-2.941700,50.782799,161,158,139,floor,1
10.852100,-2.944400,50.783199,160,158,142,floor,1
10.858600,-2.944400,50.784500,163,164,145,floor,1
10.864700,-2.959600,50.785500,149,150,128,floor,1
10.877900,-2.954100,50.786800,173,172,154,floor,1
10.881300,-2.959300,50.787701,172,171,152,floor,1
10.890400,-2.959000,50.789101,174,174,151,floor,1
10.897500,-2.961200,50.789200,168,167,150,floor,1
10.902000,-2.961300,50.789600,178,179,155,floor,1
10.905500,-2.966000,50.790901,160,144,131,floor,1
10.914100,-2.974300,50.791500,169,169,145,floor,1
10.917100,-2.976900,50.792198,168,167,144,floor,1
10.927100,-2.977900,50.793999,156,155,145,floor,1
10.937400,-2.972200,50.796799,156,155,143,floor,1
10.944500,-2.966800,50.819302,105,109,107,floor,1
10.948400,-2.968800,50.815800,62,72,64,floor,1
10.957000,-2.970700,50.819500,52,55,77,floor,1
10.964700,-2.970400,50.820400,46,51,66,floor,1
10.971000,-2.976900,50.822498,42,52,73,floor,1
10.974000,-2.973600,50.823700,41,48,76,floor,1
10.980100,-2.984300,50.804298,89,98,107,floor,1
10.990000,-2.981100,50.814800,41,47,71,floor,1
10.992500,-2.980900,50.817699,39,47,69,floor,1
10.997700,-2.992400,50.803299,153,154,139,floor,1
11.002000,-2.991700,50.806301,135,135,135,floor,1
11.011300,-3.002300,50.807400,128,134,132,floor,1
11.018300,-3.002200,50.806999,150,148,135,floor,1
11.023500,-3.002500,50.808899,127,130,132,floor,1
11.028900,-2.998600,50.809299,143,144,137,floor,1
11.035700,-3.001500,50.808998,153,149,139,floor,1
11.045400,-3.005500,50.811199,144,144,137,floor,1
11.046800,-3.003000,50.810902,140,145,134,floor,1
11.055200,-3.012200,50.812199,139,140,137,floor,1
11.061100,-3.008900,50.813599,127,129,131,floor,1
11.071500,-3.009000,50.814999,143,145,138,floor,1
11.077100,-3.011300,50.814999,140,145,135,floor,1
11.077400,-3.014800,50.814602,140,145,135,floor,1
11.087700,-3.012600,50.816502,144,139,131,floor,1
11.096300,-3.017600,50.818001,139,139,126,floor,1
11.097500,-3.015300,50.819500,121,128,135,floor,1
11.107400,-3.011900,50.818901,142,142,130,floor,1
11.115400,-3.013100,50.820599,140,150,138,floor,1
11.120200,-3.022800,50.822399,137,141,140,floor,1
11.129300,-3.020800,50.821602,138,148,136,floor,1
11.133400,-3.017500,50.822498,139,149,137,floor,1
11.139800,-3.016400,50.824799,139,142,139,floor,1
11.146200,-3.016500,50.825699,139,142,139,floor,1
11.153100,-3.022100,50.826900,122,128,129,floor,1
11.159000,-3.022200,50.828602,123,127,128,floor,1
11.170300,-3.032900,50.828499,135,134,128,floor,1
11.180700,-3.023300,50.830002,136,148,139,floor,1
11.182400,-3.030200,50.831699,139,141,137,floor,1
11.192200,-3.027000,50.832699,141,142,138,floor,1
11.197900,-3.020600,50.832401,140,150,139,floor,1
11.205400,-3.023900,50.834999,143,144,137,floor,1
11.212100,-3.023300,50.833801,138,137,129,floor,1
11.218700,-3.024100,50.836102,141,142,137,floor,1
11.228200,-3.020900,50.838001,140,143,139,floor,1
11.234600,-3.023500,50.838402,127,128,131,floor,1
11.240500,-3.023600,50.839298,126,129,136,floor,1
11.245700,-3.032400,50.838200,135,134,127,floor,1
11.248600,-3.021300,50.839199,142,146,139,floor,1
11.255200,-3.023500,50.840801,143,150,141,floor,1
11.264800,-3.024800,50.842300,141,142,139,floor,1
11.272600,-3.024200,50.843498,126,128,130,floor,1
11.277700,-3.021600,50.844299,141,143,138,floor,1
11.284200,-3.024400,50.846199,128,130,130,floor,1
11.292300,-3.020200,50.845001,136,137,125,floor,1
11.296000,-3.022000,50.846500,147,148,139,floor,1
11.306100,-3.024800,50.847401,137,134,129,floor,1
11.309400,-3.018900,50.848801,129,131,128,floor,1
11.316700,-3.030800,50.849300,122,124,127,floor,1
11.320400,-3.022200,50.850498,139,142,142,floor,1
11.326000,-3.020200,50.862900,142,137,122,floor,1
11.337200,-3.019200,50.851501,139,142,136,floor,1
11.340100,-3.025900,50.852798,138,140,135,floor,1
11.347000,-3.016000,50.853500,140,144,136,floor,1
11.360200,-3.019600,50.854698,139,138,138,floor,1
11.365500,-3.014000,50.857399,125,129,133,floor,1
11.371600,-3.025900,50.858101,120,122,134,floor,1
11.382200,-3.012100,50.858601,141,149,140,floor,1
11.386300,-3.012200,50.859600,141,149,140,floor,1
11.396100,-3.010100,50.861000,140,142,131,floor,1
11.399400,-3.020100,50.861599,133,134,134,floor,1
11.402700,-3.010100,50.862202,138,140,131,floor,1
11.409800,-3.013400,50.862202,140,144,136,floor,1
11.989500,-2.691600,50.966400,105,92,99,floor,1
12.002100,-2.692400,50.968601,105,94,107,floor,1
11.998100,-2.685700,50.967400,106,100,99,floor,1
12.007900,-2.683600,50.952599,113,113,114,floor,1
12.016800,-2.684300,50.962700,107,106,107,floor,1
12.018800,-2.675500,50.948200,123,125,124,floor,1
12.022000,-2.674400,50.948399,126,127,126,floor,1
12.028600,-2.672000,50.949299,125,126,127,floor,1
12.032900,-2.661800,50.950901,130,131,129,floor,1
12.035500,-2.657200,50.950500,131,135,131,floor,1
12.042300,-2.654900,50.951599,131,134,134,floor,1
12.045500,-2.652600,50.951900,131,134,139,floor,1
12.046000,-2.648100,50.952499,132,133,137,floor,1
12.053500,-2.642500,50.952900,134,138,137,floor,1
12.054100,-2.633600,50.953499,144,145,144,floor,1
12.058600,-2.630200,50.953800,142,144,145,floor,1
12.064000,-2.624600,50.954899,144,147,145,floor,1
12.067200,-2.619100,50.955399,144,147,142,floor,1
12.068600,-2.618000,50.955299,144,147,143,floor,1
12.072100,-2.610300,50.956100,145,149,147,floor,1
12.075000,-2.607000,50.956200,142,152,146,floor,1
12.080000,-2.601500,50.957100,145,152,146,floor,1
12.084600,-2.594900,50.957500,147,153,148,floor,1
12.089500,-2.590600,50.958401,145,153,149,floor,1
12.091300,-2.586200,50.958801,147,153,153,floor,1
12.092700,-2.584000,50.958801,147,154,153,floor,1
12.099800,-2.577600,50.960602,149,156,146,floor,1
12.099700,-2.572100,50.960400,152,158,154,floor,1
12.105500,-2.565700,50.960602,158,165,160,floor,1
12.110100,-2.561500,50.961102,157,164,159,floor,1
12.112500,-2.556100,50.962299,160,169,163,floor,1
12.118400,-2.553000,50.962700,160,170,161,floor,1
12.118400,-2.545300,50.962700,160,169,161,floor,1
12.119800,-2.543200,50.962799,161,170,161,floor,1
12.124800,-2.533600,50.963799,167,179,166,floor,1
12.126100,-2.532600,50.963600,167,179,164,floor,1
12.132800,-2.528500,50.965099,171,182,170,floor,1
12.133800,-2.519900,50.964500,183,195,180,floor,1
12.141500,-2.515900,50.965599,184,197,180,floor,1
12.140100,-2.513700,50.965599,186,197,180,floor,1
12.141900,-2.505100,50.966099,184,197,178,floor,1
12.146000,-2.501000,50.966099,183,199,180,floor,1
12.152700,-2.497100,50.967602,185,199,180,floor,1
12.154900,-2.493900,50.966801,186,201,183,floor,1
12.153600,-2.484200,50.966900,186,199,183,floor,1
12.160000,-2.479200,50.968102,185,200,182,floor,1
12.164100,-2.477300,50.968102,185,200,179,floor,1
12.164500,-2.468700,50.968601,185,199,180,floor,1
12.168400,-2.463600,50.968601,185,201,183,floor,1
12.168500,-2.457100,50.968601,183,199,185,floor,1
12.174300,-2.451100,50.969200,186,201,183,floor,1
12.174600,-2.449000,50.969501,187,202,183,floor,1
12.177100,-2.441700,50.969299,188,202,185,floor,1
12.178000,-2.436400,50.970501,187,202,186,floor,1
12.183200,-2.432500,50.970200,188,200,185,floor,1
12.190400,-2.427700,50.970901,187,202,184,floor,1
12.186000,-2.423100,50.970299,187,202,186,floor,1
12.190400,-2.414900,50.970901,190,203,183,floor,1
12.193700,-2.412000,50.971699,189,203,187,floor,1
12.196000,-2.401400,50.971298,188,203,185,floor,1
12.197600,-2.396200,50.971699,188,205,185,floor,1
12.200500,-2.393300,50.971901,189,206,187,floor,1
12.202500,-2.385000,50.972900,190,205,185,floor,1
12.203900,-2.381900,50.973000,189,206,188,floor,1
12.208300,-2.377000,50.973598,187,204,185,floor,1
12.213600,-2.375300,50.973701,190,205,186,floor,1
12.214700,-2.368000,50.973400,188,204,186,floor,1
12.215100,-2.361600,50.973999,189,209,188,floor,1
10.697400,-2.220900,51.450901,206,202,171,floor,1
10.298500,-2.369600,50.714001,178,149,108,floor,1
10.314100,-2.374000,50.715801,181,145,111,floor,1
10.309900,-2.378500,50.715302,181,145,111,floor,1
10.321800,-2.387400,50.716599,171,139,98,floor,1
10.321800,-2.392300,50.716599,184,150,114,floor,1
10.321900,-2.397200,50.716599,180,151,113,floor,1
10.315600,-2.406900,50.715599,186,143,113,floor,1
10.325200,-2.414300,50.716202,178,144,111,floor,1
10.328100,-2.419800,50.716801,176,143,112,floor,1
10.327100,-2.423900,50.716900,172,137,107,floor,1
10.329600,-2.429400,50.717602,183,149,112,floor,1
10.329500,-2.441200,50.717701,170,139,102,floor,1
10.343800,-2.442400,50.718601,175,148,107,floor,1
10.333700,-2.450500,50.718102,181,148,112,floor,1
10.345100,-2.454100,50.718399,185,149,112,floor,1
10.346300,-2.458900,50.718300,182,149,112,floor,1
10.355900,-2.475600,50.715099,188,155,122,floor,1
10.359200,-2.479300,50.715599,189,157,127,floor,1
10.362800,-2.487900,50.716099,188,157,130,floor,1
10.367000,-2.490500,50.716599,189,158,126,floor,1
10.370700,-2.495100,50.716999,189,158,124,floor,1
10.374900,-2.502800,50.717499,185,155,124,floor,1
10.374900,-2.507800,50.717499,186,154,119,floor,1
10.379500,-2.516400,50.717999,181,151,123,floor,1
10.382800,-2.519200,50.718498,181,151,124,floor,1
10.386900,-2.525900,50.719002,178,150,124,floor,1
10.391600,-2.534600,50.719398,176,148,120,floor,1
10.384800,-2.543000,50.718300,175,148,121,floor,1
10.387900,-2.545900,50.718899,172,149,120,floor,1
10.399700,-2.548300,50.720402,174,150,125,floor,1
10.408100,-2.560100,50.721298,164,144,118,floor,1
10.403800,-2.571300,50.720901,151,128,96,floor,1
10.411700,-2.576100,50.722000,146,127,95,floor,1
10.416800,-2.582100,50.722401,149,125,96,floor,1
10.421000,-2.583000,50.722801,151,124,98,floor,1
10.419800,-2.591100,50.723000,145,127,99,floor,1
10.432600,-2.595000,50.724499,149,129,97,floor,1
10.435500,-2.598000,50.725201,148,127,103,floor,1
10.443600,-2.606100,50.726299,143,130,99,floor,1
10.444500,-2.609200,50.726200,147,131,100,floor,1
10.448200,-2.616400,50.726700,144,128,98,floor,1
10.453700,-2.622600,50.727100,148,125,103,floor,1
10.450000,-2.634000,50.726601,145,120,88,floor,1
10.455000,-2.635000,50.727001,145,119,87,floor,1
10.466600,-2.636100,50.728699,144,125,85,floor,1
10.470300,-2.645600,50.729401,136,121,95,floor,1
10.475100,-2.647700,50.729801,139,117,92,floor,1
10.479800,-2.657300,50.730400,140,108,95,floor,1
10.487800,-2.664800,50.731499,140,111,93,floor,1
10.480800,-2.675200,50.730301,132,102,91,floor,1
10.494200,-2.675500,50.731899,133,100,84,floor,1
10.501600,-2.679000,50.733101,133,101,88,floor,1
10.511200,-2.687700,50.753700,116,73,71,floor,1
10.517700,-2.687900,50.754002,116,72,71,floor,1
10.522800,-2.694600,50.754601,119,74,71,floor,1
10.693300,-2.840100,50.759800,150,142,122,floor,1
10.696700,-2.842800,50.759701,164,154,124,floor,1
10.701500,-2.846200,50.760502,164,156,126,floor,1
10.705300,-2.855100,50.760799,164,156,131,floor,1
10.712300,-2.855000,50.762600,142,137,125,floor,1
10.715300,-2.856000,50.763500,154,143,129,floor,1
10.721500,-2.869500,50.764099,152,143,131,floor,1
10.728000,-2.861100,50.765499,154,145,132,floor,1
10.732100,-2.867800,50.764900,165,159,130,floor,1
10.741000,-2.870700,50.766300,168,160,131,floor,1
10.748000,-2.874800,50.767700,148,144,128,floor,1
10.751000,-2.878100,50.768600,150,145,130,floor,1
10.755700,-2.879500,50.769001,156,150,133,floor,1
10.764000,-2.888000,50.770199,150,145,135,floor,1
10.770300,-2.888000,50.771999,150,146,137,floor,1
10.770700,-2.895400,50.770401,159,150,137,floor,1
10.776800,-2.900700,50.771702,160,150,137,floor,1
10.783200,-2.908600,50.772800,160,151,137,floor,1
10.786900,-2.904600,50.772800,152,150,138,floor,1
10.799900,-2.901400,50.775600,152,155,137,floor,1
10.799800,-2.914500,50.775700,150,151,141,floor,1
10.807800,-2.907800,50.776699,158,156,140,floor,1
10.817400,-2.915600,50.778702,160,156,138,floor,1
10.814300,-2.923800,50.778400,158,156,136,floor,1
10.829100,-2.917900,50.780602,156,158,140,floor,1
10.832500,-2.924600,50.779900,158,158,141,floor,1
10.838900,-2.921400,50.780899,160,159,140,floor,1
10.845700,-2.934500,50.781898,160,158,143,floor,1
10.853800,-2.925200,50.783798,166,166,146,floor,1
10.862000,-2.931400,50.783901,167,168,148,floor,1
10.862800,-2.935800,50.784302,172,171,152,floor,1
10.868100,-2.944500,50.785900,168,167,150,floor,1
10.877500,-2.938000,50.785900,177,178,156,floor,1
10.884200,-2.940400,50.787701,178,179,158,floor,1
10.891200,-2.941400,50.788300,175,174,158,floor,1
10.895200,-2.948400,50.790100,168,170,145,floor,1
10.900800,-2.944800,50.789902,176,176,157,floor,1
10.911300,-2.950100,50.791599,183,186,161,floor,1
10.917100,-2.949900,50.792301,183,187,160,floor,1
10.920200,-2.951500,50.792801,176,179,159,floor,1
10.930500,-2.955000,50.793701,172,174,153,floor,1
10.931900,-2.966300,50.795101,164,162,145,floor,1
10.947300,-2.946600,50.819801,54,53,79,floor,1
11.033600,-2.981400,50.819199,92,96,96,floor,1
11.043400,-2.981800,50.818901,36,44,77,floor,1
11.049700,-2.974400,50.833401,45,54,92,floor,1
11.057200,-2.975200,50.832699,62,60,97,floor,1
11.061000,-2.991400,50.813702,125,128,139,floor,1
11.073000,-2.978100,50.834999,47,51,84,floor,1
11.074800,-2.995900,50.815102,138,139,139,floor,1
11.081200,-2.995900,50.816200,139,140,141,floor,1
11.084400,-2.996000,50.816700,140,141,141,floor,1
11.092900,-2.994000,50.816399,152,151,138,floor,1
11.100500,-2.999400,50.819801,144,145,140,floor,1
11.107500,-2.999500,50.819901,146,147,140,floor,1
11.114000,-2.999700,50.820099,146,147,141,floor,1
11.120000,-2.996300,50.823200,143,142,139,floor,1
11.126900,-2.999800,50.822899,148,148,141,floor,1
11.129200,-3.000000,50.821899,142,152,140,floor,1
11.132900,-3.005600,50.822300,149,149,134,floor,1
11.143100,-3.003200,50.825298,145,148,144,floor,1
11.149900,-3.002200,50.825100,148,149,139,floor,1
11.154300,-3.001100,50.826599,141,149,136,floor,1
11.162700,-3.006800,50.828602,143,147,141,floor,1
11.169300,-3.006800,50.829800,145,146,145,floor,1
11.172600,-3.003600,50.829700,146,147,145,floor,1
11.182500,-3.007000,50.831402,144,146,143,floor,1
11.189000,-3.013700,50.832401,144,147,145,floor,1
11.192300,-3.007200,50.832298,145,148,144,floor,1
11.202700,-3.010400,50.833099,146,154,143,floor,1
11.205500,-3.007300,50.834499,149,153,142,floor,1
11.216700,-3.007600,50.834000,146,156,141,floor,1
11.222300,-3.005700,50.836498,136,140,138,floor,1
11.225800,-3.009800,50.834999,145,147,134,floor,1
11.231500,-3.010900,50.838699,148,150,144,floor,1
11.241000,-3.017800,50.838501,128,131,138,floor,1
11.248600,-3.006200,50.839401,152,154,139,floor,1
11.259900,-3.006200,50.841202,147,157,145,floor,1
11.268400,-3.006500,50.842701,147,157,145,floor,1
11.271200,-3.011600,50.843300,143,150,143,floor,1
11.278100,-3.006600,50.844601,138,139,133,floor,1
11.284500,-3.012600,50.845600,131,133,131,floor,1
11.290900,-3.005200,50.845901,150,155,146,floor,1
11.297500,-3.005300,50.847000,152,154,147,floor,1
11.303100,-3.006700,50.846401,149,149,133,floor,1
11.307200,-3.005400,50.848999,149,153,141,floor,1
11.317000,-3.003500,50.849800,152,153,139,floor,1
11.325500,-2.999700,50.861401,163,151,137,floor,1
11.327900,-3.016500,50.850899,144,150,140,floor,1
11.333800,-3.005800,50.851799,145,153,143,floor,1
11.343600,-3.012600,50.853100,141,146,140,floor,1
11.350200,-3.002700,50.854198,151,153,142,floor,1
11.353600,-3.007900,50.855598,133,134,138,floor,1
11.363500,-3.009600,50.855598,141,143,139,floor,1
11.364100,-3.007600,50.855999,143,152,142,floor,1
11.379700,-3.006500,50.858700,143,146,138,floor,1
11.383200,-2.999900,50.858601,148,151,143,floor,1
11.390900,-3.001800,50.860199,147,154,143,floor,1
11.396700,-3.008600,50.862301,125,128,132,floor,1
11.415000,-2.995800,50.862400,145,153,140,floor,1
11.970000,-2.693300,50.963299,109,90,100,floor,1
11.973600,-2.688600,50.963799,108,93,101,floor,1
11.975700,-2.688500,50.964401,108,94,101,floor,1
11.989500,-2.685900,50.966301,103,96,99,floor,1
11.996500,-2.684700,50.963902,105,103,99,floor,1
12.004800,-2.683700,50.952499,116,114,113,floor,1
12.008100,-2.672400,50.945900,127,128,126,floor,1
12.013800,-2.668900,50.947399,128,129,129,floor,1
12.015000,-2.664300,50.947102,129,131,129,floor,1
12.015600,-2.659700,50.947800,130,135,134,floor,1
12.020900,-2.657400,50.948799,132,135,133,floor,1
12.027300,-2.651700,50.949501,135,135,134,floor,1
12.029400,-2.644900,50.950100,134,138,134,floor,1
12.034500,-2.642600,50.951000,135,138,137,floor,1
12.039400,-2.640300,50.951599,137,141,138,floor,1
12.041400,-2.632500,50.952099,144,146,144,floor,1
12.042600,-2.629100,50.951900,143,144,145,floor,1
12.046200,-2.623500,50.952599,142,149,145,floor,1
12.050800,-2.619000,50.952999,145,147,143,floor,1
12.055500,-2.613500,50.953400,145,149,142,floor,1
12.058900,-2.606800,50.953999,146,150,146,floor,1
12.065500,-2.602500,50.954899,147,151,141,floor,1
12.065700,-2.596900,50.955299,145,153,150,floor,1
12.073400,-2.594800,50.955898,146,152,149,floor,1
12.072500,-2.589200,50.956501,148,152,154,floor,1
12.078100,-2.583800,50.956299,147,155,149,floor,1
12.080200,-2.577200,50.957199,151,156,154,floor,1
12.084500,-2.571800,50.957199,152,157,152,floor,1
12.086200,-2.570700,50.957500,154,158,152,floor,1
12.093300,-2.564300,50.959400,158,165,156,floor,1
12.093300,-2.561000,50.959499,159,167,160,floor,1
12.097700,-2.551300,50.959702,162,170,162,floor,1
12.099400,-2.551300,50.959999,161,169,161,floor,1
12.104400,-2.542700,50.960899,162,171,162,floor,1
12.110500,-2.541800,50.961498,162,171,163,floor,1
12.110300,-2.532000,50.961300,171,182,169,floor,1
12.112100,-2.528800,50.961700,172,184,170,floor,1
12.115300,-2.525600,50.962200,176,188,171,floor,1
12.123300,-2.521600,50.963600,183,193,177,floor,1
12.126600,-2.516300,50.964100,185,196,182,floor,1
12.126200,-2.506500,50.963699,186,197,180,floor,1
12.129400,-2.502300,50.964199,184,197,181,floor,1
12.131100,-2.497000,50.964699,183,198,178,floor,1
12.134000,-2.495000,50.964699,184,198,180,floor,1
12.138500,-2.487600,50.965199,185,198,181,floor,1
12.138600,-2.485500,50.965302,187,199,183,floor,1
12.143000,-2.478200,50.965698,186,199,182,floor,1
12.145900,-2.471800,50.965900,186,199,182,floor,1
12.147400,-2.468700,50.965900,187,199,181,floor,1
12.153400,-2.460400,50.966599,182,198,181,floor,1
12.157500,-2.461700,50.966499,185,198,180,floor,1
12.161400,-2.451300,50.967999,184,200,180,floor,1
12.161300,-2.450200,50.967899,184,199,183,floor,1
12.162500,-2.439500,50.967800,187,200,184,floor,1
12.167900,-2.438800,50.967899,187,202,185,floor,1
12.166800,-2.432300,50.968102,186,201,184,floor,1
12.171400,-2.425100,50.968601,185,201,184,floor,1
12.171600,-2.420800,50.969002,187,202,185,floor,1
12.174400,-2.416700,50.969101,187,201,182,floor,1
12.179100,-2.408500,50.969898,190,205,185,floor,1
12.184500,-2.403600,50.970100,189,204,183,floor,1
12.184500,-2.396100,50.970001,190,206,187,floor,1
12.187500,-2.395300,50.970501,188,206,185,floor,1
12.186100,-2.388700,50.970299,191,204,183,floor,1
12.192100,-2.380700,50.971298,189,205,186,floor,1
12.192400,-2.379700,50.971699,189,205,186,floor,1
12.194800,-2.369100,50.971298,190,207,184,floor,1
12.194700,-2.368000,50.971199,190,207,184,floor,1
12.197600,-2.362900,50.971500,189,207,186,floor,1
12.199600,-2.355700,50.972401,189,207,188,floor,1
10.330700,-2.369400,50.718201,181,146,105,floor,1
10.334800,-2.374600,50.718601,182,150,110,floor,1
10.336300,-2.381300,50.718399,181,148,107,floor,1
10.331700,-2.384000,50.718102,181,148,110,floor,1
10.337000,-2.391100,50.718399,185,151,114,floor,1
10.342400,-2.399200,50.718601,184,149,110,floor,1
10.343800,-2.407900,50.718399,185,150,112,floor,1
10.344600,-2.418700,50.718399,182,148,113,floor,1
10.344900,-2.430500,50.718399,181,148,114,floor,1
10.361200,-2.444400,50.717201,177,150,110,floor,1
10.362300,-2.453200,50.717098,187,150,114,floor,1
10.370200,-2.466400,50.716999,185,149,112,floor,1
10.373700,-2.474000,50.717602,191,161,124,floor,1
10.374900,-2.479900,50.717400,190,157,126,floor,1
10.382600,-2.485200,50.718399,189,162,128,floor,1
10.385700,-2.490000,50.719002,190,159,125,floor,1
10.386700,-2.491900,50.718899,190,159,127,floor,1
10.390700,-2.504600,50.719398,187,156,123,floor,1
10.395600,-2.508300,50.719799,185,155,123,floor,1
10.398500,-2.512100,50.720402,182,153,127,floor,1
10.396200,-2.521300,50.719700,181,152,125,floor,1
10.403100,-2.522900,50.720901,179,154,124,floor,1
10.410200,-2.529600,50.722000,180,152,126,floor,1
10.406600,-2.538900,50.721401,179,150,123,floor,1
10.410500,-2.542800,50.722000,174,150,126,floor,1
10.410800,-2.547800,50.722000,175,149,127,floor,1
10.423300,-2.555400,50.723499,172,147,118,floor,1
10.427000,-2.556300,50.723999,172,148,121,floor,1
10.434600,-2.570300,50.725201,160,135,107,floor,1
10.439800,-2.573200,50.725601,156,135,108,floor,1
10.430800,-2.585800,50.724701,151,127,96,floor,1
10.447800,-2.585400,50.726700,148,130,98,floor,1
10.448100,-2.594700,50.726700,149,126,98,floor,1
10.452500,-2.594600,50.727200,149,126,99,floor,1
10.456000,-2.604900,50.727901,147,129,98,floor,1
10.460500,-2.605900,50.728298,148,129,98,floor,1
10.467900,-2.610000,50.729500,145,127,98,floor,1
10.473500,-2.618300,50.729900,143,134,88,floor,1
10.477600,-2.622500,50.730499,145,128,102,floor,1
10.470000,-2.633000,50.729401,141,123,88,floor,1
10.483300,-2.630900,50.730900,145,129,99,floor,1
10.484400,-2.643600,50.730801,136,123,95,floor,1
10.488300,-2.646800,50.731400,143,117,95,floor,1
10.496300,-2.648000,50.732601,142,119,90,floor,1
10.497300,-2.655400,50.732498,141,112,97,floor,1
10.501300,-2.667200,50.733101,136,113,89,floor,1
10.510700,-2.672800,50.734200,131,112,80,floor,1
10.514700,-2.672900,50.734901,131,113,86,floor,1
10.525200,-2.681800,50.736900,126,92,74,floor,1
10.535600,-2.684200,50.756500,123,80,78,floor,1
10.545900,-2.684500,50.757599,120,77,77,floor,1
10.549600,-2.698900,50.758301,117,74,76,floor,1
10.690100,-2.818200,50.759499,153,144,123,floor,1
10.693200,-2.826400,50.759602,150,141,119,floor,1
10.696500,-2.826300,50.760502,153,144,121,floor,1
10.702400,-2.828900,50.760601,151,144,121,floor,1
10.712600,-2.834100,50.763802,153,145,126,floor,1
10.718500,-2.837700,50.762600,164,156,134,floor,1
10.718200,-2.842200,50.763302,154,145,129,floor,1
10.728100,-2.847400,50.765800,156,146,130,floor,1
10.731200,-2.844600,50.766399,155,147,130,floor,1
10.740000,-2.852600,50.766399,155,147,131,floor,1
10.745000,-2.857700,50.766800,165,162,136,floor,1
10.751000,-2.861700,50.768700,147,145,128,floor,1
10.755500,-2.860400,50.768600,158,151,136,floor,1
10.761800,-2.862900,50.769798,160,152,140,floor,1
10.765000,-2.865500,50.770802,160,152,140,floor,1
10.770900,-2.876300,50.771099,158,153,135,floor,1
10.770500,-2.881500,50.770802,151,146,136,floor,1
10.792300,-2.881100,50.773899,159,155,139,floor,1
10.793500,-2.881700,50.773899,156,154,137,floor,1
10.796600,-2.891500,50.775501,154,153,140,floor,1
10.809500,-2.888300,50.777599,154,160,137,floor,1
10.816200,-2.891600,50.777901,156,161,138,floor,1
10.820500,-2.893800,50.779499,160,160,139,floor,1
10.820300,-2.904600,50.778900,160,159,140,floor,1
10.826000,-2.904800,50.778999,157,159,144,floor,1
10.839900,-2.901500,50.782902,155,157,135,floor,1
10.845900,-2.905000,50.781300,163,166,144,floor,1
10.850700,-2.909100,50.783100,166,165,145,floor,1
10.852300,-2.911600,50.782299,163,165,145,floor,1
10.864100,-2.913300,50.786499,162,161,137,floor,1
10.862800,-2.916800,50.784500,174,173,153,floor,1
10.868900,-2.919300,50.785500,176,176,155,floor,1
10.878000,-2.921700,50.787300,181,179,160,floor,1
10.884100,-2.924200,50.787601,181,181,160,floor,1
10.890000,-2.924000,50.788399,181,182,161,floor,1
10.897200,-2.925000,50.790699,181,180,161,floor,1
10.900800,-2.928300,50.790100,181,180,161,floor,1
10.906900,-2.931200,50.792400,177,180,154,floor,1
10.917100,-2.935100,50.792500,182,182,163,floor,1
10.923500,-2.936200,50.793999,184,188,160,floor,1
10.927200,-2.945000,50.793800,175,176,156,floor,1
10.939600,-2.932800,50.817902,35,47,61,floor,1
10.944300,-2.929600,50.818100,48,56,75,floor,1
10.950100,-2.936900,50.820999,112,120,119,floor,1
10.966700,-2.947900,50.812500,70,82,83,floor,1
10.976500,-2.944700,50.813801,169,176,159,floor,1
10.975400,-2.952300,50.812302,167,178,157,floor,1
10.983200,-2.961200,50.814201,165,168,153,floor,1
10.993100,-2.949400,50.815601,179,193,171,floor,1
10.999500,-2.954800,50.816601,169,172,153,floor,1
11.001900,-2.962000,50.816002,175,184,153,floor,1
11.012000,-2.956500,50.817001,164,169,150,floor,1
11.016200,-2.961500,50.819302,160,165,152,floor,1
11.022400,-2.967100,50.820801,34,42,56,floor,1
11.030700,-2.963700,50.819500,174,181,162,floor,1
11.031800,-2.964100,50.821098,33,43,53,floor,1
11.040900,-2.964500,50.821602,18,39,47,floor,1
11.050900,-2.971500,50.830898,80,86,95,floor,1
11.056200,-2.968000,50.833599,58,68,82,floor,1
11.062400,-2.971200,50.836601,44,49,75,floor,1
11.075300,-2.968100,50.838501,47,55,61,floor,1
11.077000,-2.979800,50.828899,80,87,86,floor,1
11.085600,-2.969800,50.830700,64,76,82,floor,1
11.088800,-2.974900,50.838699,51,52,81,floor,1
11.097700,-2.974800,50.843201,52,56,84,floor,1
11.101500,-2.971200,50.834702,52,49,80,floor,1
11.109000,-2.978600,50.838100,46,49,74,floor,1
11.117600,-2.975100,50.844501,54,59,94,floor,1
11.122800,-2.978300,50.837502,67,81,85,floor,1
11.131000,-2.971800,50.851002,66,63,98,floor,1
11.138600,-2.971700,50.853100,45,59,64,floor,1
11.141100,-2.983600,50.831001,38,38,66,floor,1
11.150700,-2.979600,50.839500,83,90,92,floor,1
11.152500,-2.983000,50.833900,42,40,72,floor,1
11.180000,-2.975600,50.852901,58,53,87,floor,1
11.185800,-2.990500,50.831902,138,140,140,floor,1
11.191000,-2.999300,50.832199,128,132,134,floor,1
11.197100,-2.999400,50.833500,132,136,133,floor,1
11.205600,-2.990700,50.834400,153,157,150,floor,1
11.209100,-2.990900,50.833599,155,159,152,floor,1
11.217800,-2.991700,50.835400,160,161,145,floor,1
11.222000,-2.991000,50.836201,159,162,149,floor,1
11.228900,-2.990600,50.837101,154,163,149,floor,1
11.233100,-3.004900,50.837601,147,157,146,floor,1
11.240500,-2.994300,50.839199,143,148,142,floor,1
11.245700,-2.995900,50.838699,159,161,145,floor,1
11.251400,-3.001300,50.840801,155,159,147,floor,1
11.257900,-2.991400,50.841702,157,165,148,floor,1
11.267600,-2.992500,50.841801,158,160,145,floor,1
11.275700,-2.992200,50.842800,159,161,145,floor,1
11.280900,-2.998400,50.845501,156,159,148,floor,1
11.282200,-2.993100,50.844299,155,161,151,floor,1
11.289500,-2.994300,50.844898,157,159,141,floor,1
11.297600,-2.991400,50.846001,157,159,141,floor,1
11.303500,-2.989400,50.848000,148,154,140,floor,1
11.307400,-2.992100,50.848202,156,158,149,floor,1
11.313900,-2.995600,50.848801,154,158,145,floor,1
11.325800,-2.986700,50.862598,163,154,144,floor,1
11.330700,-2.989200,50.850800,153,160,146,floor,1
11.340200,-2.995900,50.852501,153,158,148,floor,1
11.350300,-2.989400,50.853802,154,158,148,floor,1
11.356700,-2.999500,50.854698,152,154,143,floor,1
11.368400,-2.990000,50.856998,153,162,148,floor,1
11.371700,-2.984600,50.857899,149,147,144,floor,1
11.377400,-2.986900,50.858299,153,162,148,floor,1
11.382500,-2.983600,50.858501,153,162,148,floor,1
11.399400,-2.980100,50.861801,154,157,145,floor,1
11.400900,-2.980900,50.861000,153,162,148,floor,1
11.412800,-2.987000,50.862598,151,154,141,floor,1
11.419100,-2.987100,50.863998,151,153,141,floor,1
11.952700,-2.692600,50.961201,105,92,98,floor,1
11.957900,-2.692500,50.961899,109,95,98,floor,1
11.965800,-2.685400,50.963600,107,98,103,floor,1
11.972900,-2.685200,50.963001,108,97,105,floor,1
11.983600,-2.684100,50.954399,109,108,108,floor,1
11.984700,-2.675100,50.943600,127,127,127,floor,1
11.986500,-2.671700,50.943901,129,129,129,floor,1
11.993100,-2.666900,50.944199,128,129,129,floor,1
12.000100,-2.663400,50.945400,130,131,128,floor,1
12.000300,-2.660000,50.945599,131,134,129,floor,1
12.003800,-2.655400,50.945999,133,135,132,floor,1
12.006800,-2.650800,50.945999,133,135,133,floor,1
12.013800,-2.643900,50.947300,135,136,138,floor,1
12.013800,-2.642800,50.947201,135,136,138,floor,1
12.025800,-2.644900,50.949402,135,137,134,floor,1
12.023600,-2.630300,50.948399,143,144,143,floor,1
12.028000,-2.624600,50.950100,141,145,142,floor,1
12.032600,-2.623500,50.950401,142,146,144,floor,1
12.038200,-2.617900,50.951698,145,149,141,floor,1
12.040100,-2.612300,50.952400,142,151,142,floor,1
12.044500,-2.611200,50.952400,143,150,145,floor,1
12.044900,-2.603400,50.952900,146,153,147,floor,1
12.051200,-2.599000,50.953400,145,152,152,floor,1
12.054000,-2.596800,50.953201,145,152,152,floor,1
12.056200,-2.589000,50.954201,146,154,148,floor,1
12.059800,-2.582400,50.955002,146,156,149,floor,1
12.063300,-2.578000,50.955601,150,157,151,floor,1
12.067400,-2.573600,50.955502,149,156,146,floor,1
12.070700,-2.570400,50.955898,153,160,153,floor,1
12.073900,-2.567100,50.956299,156,162,154,floor,1
12.080100,-2.563900,50.957001,158,163,159,floor,1
12.083700,-2.559600,50.957901,157,166,159,floor,1
12.085400,-2.549800,50.958401,160,170,159,floor,1
12.088300,-2.548800,50.958401,164,170,163,floor,1
12.093600,-2.541300,50.959702,163,173,162,floor,1
12.091900,-2.537900,50.959301,165,174,166,floor,1
12.095100,-2.531400,50.959702,171,180,172,floor,1
12.103000,-2.526200,50.960800,178,190,178,floor,1
12.102900,-2.520800,50.960701,183,194,181,floor,1
12.110600,-2.518900,50.961498,184,197,181,floor,1
12.110500,-2.511200,50.961300,187,198,184,floor,1
12.112400,-2.507000,50.962101,187,198,180,floor,1
12.112300,-2.503700,50.962002,185,197,179,floor,1
12.119900,-2.498600,50.962700,184,197,176,floor,1
12.122700,-2.491100,50.962700,187,197,180,floor,1
12.123100,-2.486800,50.963100,184,198,181,floor,1
12.129000,-2.482800,50.963699,185,198,179,floor,1
12.130300,-2.474100,50.963501,186,199,179,floor,1
12.130300,-2.473000,50.963600,187,199,180,floor,1
12.135200,-2.465700,50.964401,183,200,181,floor,1
12.139800,-2.460600,50.965000,185,198,183,floor,1
12.141500,-2.454200,50.965401,184,199,182,floor,1
12.147600,-2.452500,50.966099,185,200,182,floor,1
12.149400,-2.445000,50.966499,186,199,182,floor,1
12.150500,-2.439700,50.966202,185,200,179,floor,1
12.150500,-2.435300,50.966202,183,200,181,floor,1
12.152200,-2.431100,50.966702,184,201,180,floor,1
12.156500,-2.426000,50.966801,184,201,184,floor,1
12.165000,-2.423400,50.967400,185,199,185,floor,1
12.166800,-2.413900,50.967999,187,202,185,floor,1
12.166100,-2.409600,50.968700,186,203,182,floor,1
12.167300,-2.406400,50.968601,187,203,186,floor,1
12.168100,-2.397800,50.967899,187,204,186,floor,1
12.175100,-2.392100,50.970001,189,204,186,floor,1
12.171900,-2.388500,50.969101,187,205,187,floor,1
12.176000,-2.381300,50.969299,189,206,185,floor,1
12.176200,-2.379100,50.969601,189,206,188,floor,1
12.180400,-2.373000,50.969700,190,204,186,floor,1
12.186600,-2.366200,50.970901,190,205,186,floor,1
12.185100,-2.362800,50.970699,189,208,185,floor,1
12.187700,-2.356500,50.970600,189,208,186,floor,1
10.721700,-2.221200,51.453701,203,203,172,floor,1
10.340100,-2.372800,50.718899,182,149,110,floor,1
10.357700,-2.393000,50.717499,185,150,114,floor,1
10.358300,-2.397900,50.717499,186,151,112,floor,1
10.360000,-2.404700,50.717201,184,150,113,floor,1
10.360500,-2.412600,50.717201,183,149,115,floor,1
10.360100,-2.419700,50.717300,184,151,119,floor,1
10.369100,-2.419500,50.716999,183,151,116,floor,1
10.369300,-2.429500,50.716999,182,150,114,floor,1
10.378300,-2.437500,50.717899,184,157,118,floor,1
10.377900,-2.444600,50.717899,190,156,124,floor,1
10.381900,-2.453200,50.718399,190,161,126,floor,1
10.382400,-2.462200,50.718300,190,161,124,floor,1
10.382100,-2.469200,50.718399,192,160,124,floor,1
10.398500,-2.475800,50.720299,192,161,127,floor,1
10.390900,-2.482500,50.719299,190,163,128,floor,1
10.402100,-2.485600,50.720901,192,161,133,floor,1
10.406600,-2.495400,50.721298,190,159,125,floor,1
10.411000,-2.500100,50.721802,188,157,128,floor,1
10.414000,-2.505000,50.722500,185,156,127,floor,1
10.414000,-2.509000,50.722500,185,152,133,floor,1
10.422400,-2.516600,50.723499,184,153,120,floor,1
10.422600,-2.521700,50.723499,181,156,118,floor,1
10.425500,-2.527700,50.724098,182,152,128,floor,1
10.430800,-2.533500,50.724499,179,153,125,floor,1
10.422900,-2.547200,50.723499,175,150,127,floor,1
10.434600,-2.546700,50.725101,178,151,126,floor,1
10.438900,-2.551700,50.725601,176,151,126,floor,1
10.447200,-2.555400,50.726601,173,154,123,floor,1
10.447600,-2.556400,50.726601,172,154,121,floor,1
10.446800,-2.567800,50.726700,163,143,109,floor,1
10.451700,-2.570800,50.727200,162,142,111,floor,1
10.452200,-2.583200,50.727200,149,132,101,floor,1
10.463600,-2.579800,50.728901,157,139,112,floor,1
10.468300,-2.585900,50.729401,156,136,104,floor,1
10.472700,-2.593200,50.729900,157,135,104,floor,1
10.476300,-2.594200,50.730598,155,135,104,floor,1
10.477400,-2.605700,50.730499,148,130,102,floor,1
10.485500,-2.607700,50.731602,146,125,99,floor,1
10.489900,-2.614000,50.732201,148,129,102,floor,1
10.493600,-2.618300,50.732800,149,129,97,floor,1
10.494400,-2.627800,50.732800,148,125,96,floor,1
10.498900,-2.631000,50.733299,147,127,100,floor,1
10.503300,-2.633100,50.733898,147,127,100,floor,1
10.512500,-2.638500,50.735001,145,115,105,floor,1
10.517300,-2.645000,50.735600,142,119,92,floor,1
10.513900,-2.661100,50.734901,142,111,87,floor,1
10.525900,-2.658100,50.736801,142,112,98,floor,1
10.531300,-2.662500,50.737202,139,117,82,floor,1
10.535600,-2.665900,50.737900,140,114,87,floor,1
10.540800,-2.672500,50.738400,139,107,86,floor,1
10.541600,-2.681200,50.738400,128,95,80,floor,1
10.546400,-2.679200,50.738899,131,101,86,floor,1
10.557900,-2.683900,50.758499,119,79,74,floor,1
10.561000,-2.691600,50.759399,121,77,72,floor,1
10.569800,-2.692000,50.760700,121,77,73,floor,1
10.682000,-2.803300,50.757198,162,154,128,floor,1
10.693300,-2.804400,50.760201,155,145,128,floor,1
10.696400,-2.809000,50.760700,148,128,118,floor,1
10.705700,-2.809600,50.762199,156,145,130,floor,1
10.708900,-2.818900,50.763000,144,139,121,floor,1
10.711100,-2.818100,50.762199,164,155,132,floor,1
10.722000,-2.822200,50.764400,145,141,123,floor,1
10.727500,-2.825600,50.764301,155,146,132,floor,1
10.731700,-2.832100,50.766300,145,141,125,floor,1
10.734200,-2.830800,50.766998,155,148,133,floor,1
10.733800,-2.841800,50.765900,155,148,129,floor,1
10.746400,-2.836000,50.768200,156,150,130,floor,1
10.752200,-2.841300,50.768200,159,152,133,floor,1
10.758900,-2.843900,50.770100,160,153,133,floor,1
10.765200,-2.850900,50.769100,172,163,135,floor,1
10.771300,-2.849000,50.772202,161,154,138,floor,1
10.773600,-2.855300,50.772598,154,152,137,floor,1
10.780300,-2.854200,50.773201,162,155,141,floor,1
10.780300,-2.868400,50.772598,153,151,137,floor,1
10.786600,-2.871700,50.774300,154,152,138,floor,1
10.796700,-2.865300,50.774899,157,156,139,floor,1
10.801500,-2.872700,50.775799,159,158,139,floor,1
10.807900,-2.875200,50.777302,160,159,140,floor,1
10.815000,-2.872400,50.779202,153,146,128,floor,1
10.822500,-2.878500,50.778599,159,161,144,floor,1
10.826200,-2.880100,50.779800,164,161,143,floor,1
10.832500,-2.881900,50.780399,161,163,145,floor,1
10.835700,-2.885200,50.780602,161,164,145,floor,1
10.845700,-2.890000,50.783699,156,158,137,floor,1
10.848800,-2.888500,50.783501,164,168,147,floor,1
10.858300,-2.895900,50.785400,162,160,139,floor,1
10.859800,-2.895300,50.784500,172,175,152,floor,1
10.866000,-2.900500,50.785198,177,178,156,floor,1
10.870400,-2.901800,50.787399,169,168,144,floor,1
10.877600,-2.908300,50.786400,180,184,159,floor,1
10.881200,-2.911700,50.787701,179,178,155,floor,1
10.893100,-2.910400,50.788601,183,186,163,floor,1
10.899000,-2.915600,50.789501,187,189,166,floor,1
10.905200,-2.920800,50.790901,187,192,165,floor,1
10.914200,-2.915100,50.792301,190,193,168,floor,1
10.920200,-2.920300,50.792599,189,192,166,floor,1
10.928900,-2.922700,50.793900,183,188,157,floor,1
10.930800,-2.929800,50.794399,171,169,155,floor,1
10.942200,-2.921000,50.815899,163,169,149,floor,1
10.950500,-2.917500,50.823399,39,48,63,floor,1
10.955400,-2.923100,50.819401,68,66,97,floor,1
10.957100,-2.925900,50.816200,68,62,101,floor,1
10.966700,-2.928600,50.811401,160,169,156,floor,1
10.970000,-2.928200,50.813301,163,169,155,floor,1
10.975300,-2.933700,50.812000,174,183,164,floor,1
10.979700,-2.938100,50.814602,175,179,159,floor,1
10.990900,-2.935200,50.814499,163,167,151,floor,1
10.999300,-2.935000,50.817200,175,181,162,floor,1
11.004000,-2.939100,50.815601,159,171,148,floor,1
11.010700,-2.938000,50.820099,177,190,171,floor,1
11.011400,-2.943800,50.818901,175,184,163,floor,1
11.019800,-2.955000,50.819500,167,174,152,floor,1
11.027900,-2.943500,50.820301,159,172,152,floor,1
11.032400,-2.945200,50.821899,175,181,162,floor,1
11.039800,-2.950000,50.821800,171,180,157,floor,1
11.045700,-2.954500,50.822201,166,172,156,floor,1
11.051400,-2.952200,50.823799,177,185,165,floor,1
11.059800,-2.954600,50.824299,150,161,143,floor,1
11.066100,-2.950400,50.827301,174,183,161,floor,1
11.079000,-2.964600,50.824799,174,184,167,floor,1
11.089500,-2.965200,50.836102,110,117,119,floor,1
11.097000,-2.958500,50.829601,170,179,159,floor,1
11.102200,-2.965200,50.839401,111,115,105,floor,1
11.108900,-2.964000,50.831902,26,40,49,floor,1
11.113700,-2.959200,50.833000,174,180,153,floor,1
11.125200,-2.968800,50.841202,42,51,66,floor,1
11.131900,-2.965700,50.841301,86,97,97,floor,1
11.139000,-2.965900,50.840199,99,103,91,floor,1
11.145700,-2.964600,50.837399,160,170,160,floor,1
11.151300,-2.965900,50.844700,89,100,99,floor,1
11.186700,-2.976500,50.839001,58,61,80,floor,1
11.192100,-2.987700,50.830399,116,125,141,floor,1
11.198900,-2.974100,50.833302,126,128,131,floor,1
11.205700,-2.987500,50.834202,151,155,149,floor,1
11.211900,-2.977600,50.834801,155,158,152,floor,1
11.217400,-2.978700,50.834202,162,165,146,floor,1
11.222400,-2.976400,50.836399,138,144,141,floor,1
11.238900,-2.980600,50.837399,158,166,152,floor,1
11.243000,-2.980800,50.838299,158,166,152,floor,1
11.251100,-2.977500,50.838902,163,166,144,floor,1
11.259200,-2.977200,50.840500,162,166,144,floor,1
11.268000,-2.978300,50.842999,160,168,150,floor,1
11.275800,-2.976600,50.843498,161,163,145,floor,1
11.281200,-2.976400,50.844101,163,164,150,floor,1
11.286400,-2.989200,50.843800,160,161,143,floor,1
11.294900,-2.978500,50.846199,161,161,146,floor,1
11.300300,-2.975700,50.846401,160,164,147,floor,1
11.304100,-2.975500,50.848099,158,164,153,floor,1
11.319400,-2.977200,50.849602,159,164,154,floor,1
11.323800,-2.975700,50.850601,158,163,152,floor,1
11.327000,-2.979100,50.851501,158,162,152,floor,1
11.333600,-2.979100,50.852501,156,161,145,floor,1
11.340100,-2.975900,50.853001,158,164,147,floor,1
11.350200,-2.972800,50.854301,158,164,147,floor,1
11.359400,-2.971900,50.855801,158,166,153,floor,1
11.366500,-2.979600,50.856899,155,159,148,floor,1
11.369800,-2.969700,50.856899,160,164,150,floor,1
11.377800,-2.979800,50.858101,152,164,148,floor,1
11.395500,-2.969900,50.860901,153,165,149,floor,1
11.389000,-2.806900,51.160999,159,134,122,floor,1
11.409200,-2.966900,50.862701,156,159,147,floor,1
11.414400,-2.963600,50.863098,154,165,149,floor,1
11.934800,-2.690800,50.958801,107,91,100,floor,1
11.940700,-2.686000,50.959900,104,95,98,floor,1
11.947100,-2.687000,50.960300,107,92,97,floor,1
11.954600,-2.686800,50.961601,108,95,97,floor,1
11.957100,-2.683600,50.947300,114,112,114,floor,1
11.965800,-2.683500,50.944801,115,117,114,floor,1
11.972400,-2.683400,50.945499,114,115,113,floor,1
11.973900,-2.674200,50.941898,126,128,124,floor,1
11.975900,-2.666100,50.942501,129,131,128,floor,1
11.981500,-2.661400,50.943401,131,132,130,floor,1
11.984900,-2.661300,50.943901,131,132,130,floor,1
11.988000,-2.653300,50.943802,133,135,134,floor,1
11.988700,-2.651000,50.944500,132,134,134,floor,1
11.994000,-2.644000,50.945202,135,137,133,floor,1
11.997400,-2.640600,50.945499,136,137,138,floor,1
12.002300,-2.634900,50.945999,142,144,142,floor,1
12.011000,-2.632600,50.947399,143,145,141,floor,1
12.010900,-2.626900,50.947399,142,148,142,floor,1
12.016200,-2.625800,50.948399,143,146,141,floor,1
12.017400,-2.620100,50.948002,143,148,145,floor,1
12.019400,-2.615600,50.948601,145,148,147,floor,1
12.022800,-2.610000,50.949100,142,152,147,floor,1
12.029900,-2.605500,50.950500,146,152,149,floor,1
12.032100,-2.603300,50.951401,145,150,147,floor,1
12.036500,-2.594300,50.951401,148,152,151,floor,1
12.036600,-2.592100,50.951500,147,152,150,floor,1
12.042300,-2.587700,50.953098,147,153,152,floor,1
12.047700,-2.579900,50.952599,149,155,152,floor,1
12.049700,-2.579900,50.953300,147,156,152,floor,1
12.051600,-2.572200,50.953800,149,158,153,floor,1
12.057900,-2.565600,50.954399,160,165,157,floor,1
12.063000,-2.569100,50.955200,155,160,151,floor,1
12.063100,-2.556900,50.955299,162,167,160,floor,1
12.065100,-2.553600,50.956001,163,168,163,floor,1
12.069400,-2.548200,50.956100,163,170,161,floor,1
12.073000,-2.541600,50.956902,166,173,162,floor,1
12.074600,-2.540600,50.957001,165,174,159,floor,1
12.079400,-2.531900,50.957802,171,183,165,floor,1
12.083900,-2.527600,50.958099,175,188,166,floor,1
12.085300,-2.526600,50.958000,176,189,167,floor,1
12.093800,-2.522600,50.959900,183,191,176,floor,1
12.093000,-2.514800,50.958900,184,198,182,floor,1
12.097000,-2.512800,50.960300,185,199,183,floor,1
12.100900,-2.498700,50.959801,186,196,177,floor,1
12.104500,-2.492300,50.960899,185,197,178,floor,1
12.104700,-2.491200,50.961102,186,197,179,floor,1
12.112000,-2.485000,50.961498,184,200,177,floor,1
12.115200,-2.480900,50.961899,183,197,180,floor,1
12.115500,-2.473200,50.962200,185,196,177,floor,1
12.117200,-2.471200,50.962700,185,197,179,floor,1
12.121500,-2.462700,50.962898,186,199,179,floor,1
12.124500,-2.457400,50.963100,187,199,182,floor,1
12.133500,-2.461200,50.963902,184,200,181,floor,1
12.132600,-2.448200,50.964500,187,200,181,floor,1
12.134000,-2.447100,50.964401,185,199,181,floor,1
12.138400,-2.438800,50.964901,185,199,180,floor,1
12.135300,-2.436300,50.964401,184,199,179,floor,1
12.139800,-2.429000,50.964802,186,201,182,floor,1
12.144600,-2.422900,50.965698,186,200,181,floor,1
12.146400,-2.419800,50.966202,186,201,180,floor,1
12.149400,-2.411400,50.966499,186,201,184,floor,1
12.149400,-2.408100,50.966400,187,201,184,floor,1
12.153500,-2.400800,50.966499,190,204,182,floor,1
12.156200,-2.396600,50.966301,187,203,184,floor,1
12.157900,-2.393600,50.966801,188,203,186,floor,1
12.161500,-2.388600,50.967899,188,202,186,floor,1
12.162300,-2.383100,50.967300,189,203,187,floor,1
12.164600,-2.374700,50.968399,187,203,186,floor,1
12.167400,-2.373900,50.968601,189,205,188,floor,1
12.167800,-2.367300,50.967400,190,204,186,floor,1
12.171400,-2.363400,50.968300,190,204,186,floor,1
12.176400,-2.357500,50.969799,189,204,188,floor,1
11.872100,-2.221700,51.575199,129,137,134,floor,1
10.729900,-2.221200,51.448101,187,188,157,floor,1
10.354200,-2.368500,50.717899,182,150,111,floor,1
10.368000,-2.383500,50.716999,183,151,114,floor,1
10.367800,-2.388600,50.717098,185,153,117,floor,1
10.373300,-2.407900,50.717400,187,155,124,floor,1
10.380600,-2.408000,50.718399,194,161,126,floor,1
10.377400,-2.416400,50.717899,187,156,121,floor,1
10.389500,-2.424000,50.719299,194,165,126,floor,1
10.389800,-2.430100,50.719299,195,165,124,floor,1
10.394300,-2.432600,50.719700,196,165,128,floor,1
10.393000,-2.440900,50.719898,196,162,129,floor,1
10.397600,-2.445400,50.720299,196,164,130,floor,1
10.401600,-2.448100,50.720798,193,165,130,floor,1
10.402400,-2.455100,50.720699,195,164,129,floor,1
10.405600,-2.461900,50.721298,189,165,129,floor,1
10.409300,-2.466600,50.721901,193,163,129,floor,1
10.414300,-2.473300,50.722301,195,161,135,floor,1
10.414900,-2.483500,50.722301,193,161,129,floor,1
10.418700,-2.487300,50.722801,190,161,126,floor,1
10.419300,-2.494400,50.722801,190,159,127,floor,1
10.418600,-2.498500,50.722801,189,159,125,floor,1
10.425700,-2.505100,50.723999,188,156,129,floor,1
10.434000,-2.511800,50.725101,186,157,123,floor,1
10.442100,-2.516400,50.726101,181,156,125,floor,1
10.442400,-2.523600,50.726101,181,153,130,floor,1
10.447500,-2.528500,50.726501,180,156,126,floor,1
10.451700,-2.535500,50.727100,181,154,126,floor,1
10.443900,-2.546300,50.726002,179,153,128,floor,1
10.455400,-2.549900,50.727798,177,153,133,floor,1
10.463000,-2.548500,50.728901,177,154,131,floor,1
10.460100,-2.562200,50.728199,168,149,118,floor,1
10.471700,-2.562800,50.730000,173,150,119,floor,1
10.472400,-2.568000,50.729900,168,145,117,floor,1
10.472600,-2.572200,50.729900,162,145,113,floor,1
10.477300,-2.576300,50.730400,160,139,115,floor,1
10.485900,-2.582400,50.731499,164,143,105,floor,1
10.485400,-2.590800,50.731602,157,142,112,floor,1
10.494100,-2.593900,50.732700,157,141,111,floor,1
10.497200,-2.594900,50.733398,155,141,110,floor,1
10.497600,-2.602300,50.733398,157,134,107,floor,1
10.497700,-2.609700,50.733398,150,132,101,floor,1
10.511900,-2.613900,50.735001,150,128,109,floor,1
10.507300,-2.623500,50.734402,148,125,102,floor,1
10.519700,-2.624600,50.736301,147,128,101,floor,1
10.520800,-2.628900,50.736198,148,126,95,floor,1
10.524700,-2.636500,50.736801,147,124,108,floor,1
10.525400,-2.643000,50.736801,144,124,95,floor,1
10.529600,-2.643000,50.737301,145,125,98,floor,1
10.539200,-2.645200,50.738499,149,125,99,floor,1
10.535100,-2.655000,50.737900,139,119,92,floor,1
10.539500,-2.662700,50.738499,143,114,92,floor,1
10.544200,-2.668200,50.739101,136,114,90,floor,1
10.556600,-2.667400,50.740898,137,113,87,floor,1
10.562500,-2.673000,50.741501,133,111,91,floor,1
10.563300,-2.677500,50.741402,133,106,90,floor,1
10.567400,-2.678700,50.742100,132,104,87,floor,1
10.587100,-2.685900,50.763401,123,79,72,floor,1
10.589100,-2.689300,50.763302,120,77,74,floor,1
10.589100,-2.697100,50.763302,119,76,69,floor,1
10.686300,-2.782800,50.757500,166,155,131,floor,1
10.693000,-2.789400,50.760101,153,122,110,floor,1
10.705700,-2.790400,50.762402,157,146,135,floor,1
10.709000,-2.795800,50.762402,157,147,132,floor,1
10.715200,-2.797700,50.762600,165,159,133,floor,1
10.715700,-2.802600,50.763901,144,139,125,floor,1
10.724900,-2.803700,50.765598,158,148,135,floor,1
10.724500,-2.810000,50.764301,166,160,129,floor,1
10.733200,-2.813100,50.765499,166,160,131,floor,1
10.740200,-2.819800,50.767200,157,149,133,floor,1
10.744600,-2.819100,50.767700,149,147,130,floor,1
10.745800,-2.825000,50.767200,169,161,134,floor,1
10.758700,-2.827500,50.769798,160,154,136,floor,1
10.758800,-2.830200,50.770100,160,154,135,floor,1
10.764700,-2.838300,50.770100,160,155,134,floor,1
10.767300,-2.838900,50.771301,154,151,138,floor,1
10.776800,-2.835300,50.772099,162,157,138,floor,1
10.780500,-2.848800,50.771900,154,153,137,floor,1
10.789200,-2.848600,50.773602,162,157,141,floor,1
10.792700,-2.848400,50.775398,161,157,142,floor,1
10.799900,-2.848900,50.775600,160,158,144,floor,1
10.808000,-2.850700,50.777699,164,160,143,floor,1
10.809700,-2.855500,50.777100,161,159,145,floor,1
10.817500,-2.858600,50.779400,162,162,143,floor,1
10.826100,-2.861100,50.779800,163,163,141,floor,1
10.823000,-2.869300,50.779202,162,161,142,floor,1
10.829400,-2.874500,50.780602,164,163,145,floor,1
10.841000,-2.868800,50.781101,166,166,147,floor,1
10.845700,-2.878700,50.782200,165,168,151,floor,1
10.850700,-2.876600,50.783401,167,169,148,floor,1
10.870800,-2.884500,50.786701,169,170,147,floor,1
10.876700,-2.884600,50.787498,172,172,151,floor,1
10.877700,-2.892000,50.786701,180,185,162,floor,1
10.886700,-2.891800,50.787601,183,184,163,floor,1
10.894600,-2.892200,50.788700,185,182,161,floor,1
10.897700,-2.895500,50.789101,185,182,163,floor,1
10.901700,-2.896700,50.789398,189,192,168,floor,1
10.907000,-2.902200,50.792301,185,187,157,floor,1
10.910800,-2.908700,50.791599,186,187,164,floor,1
10.923100,-2.904100,50.793098,190,191,169,floor,1
10.926000,-2.906700,50.793201,190,192,166,floor,1
10.930300,-2.908800,50.794800,185,183,163,floor,1
10.942800,-2.904800,50.813599,159,167,153,floor,1
10.951000,-2.904500,50.821800,37,48,67,floor,1
10.950000,-2.912400,50.820900,48,47,55,floor,1
10.959500,-2.908300,50.816002,80,85,85,floor,1
10.966700,-2.911800,50.812599,70,81,89,floor,1
10.974500,-2.914300,50.813999,65,74,72,floor,1
10.979800,-2.918500,50.814499,177,183,161,floor,1
10.983100,-2.921800,50.814999,177,183,161,floor,1
10.990100,-2.917200,50.814899,175,185,165,floor,1
10.992900,-2.922400,50.815201,180,186,169,floor,1
11.004800,-2.922000,50.817001,180,187,163,floor,1
11.007100,-2.925600,50.817101,164,176,156,floor,1
11.009800,-2.931900,50.818802,176,183,161,floor,1
11.017300,-2.926500,50.819599,179,192,171,floor,1
11.022200,-2.929400,50.819500,179,186,165,floor,1
11.031000,-2.931800,50.820702,178,185,166,floor,1
11.036200,-2.933500,50.821602,168,172,161,floor,1
11.039300,-2.938800,50.822201,178,182,158,floor,1
11.048100,-2.939200,50.822102,175,183,163,floor,1
11.056800,-2.936200,50.823502,164,175,151,floor,1
11.065200,-2.935700,50.826000,132,137,130,floor,1
11.068500,-2.939000,50.826599,124,128,126,floor,1
11.074600,-2.941900,50.826900,125,131,114,floor,1
11.081300,-2.942400,50.828602,133,139,127,floor,1
11.084900,-2.939000,50.829399,128,142,129,floor,1
11.088600,-2.948300,50.828400,172,183,163,floor,1
11.094100,-2.956000,50.828999,169,179,160,floor,1
11.107300,-2.942600,50.833000,176,183,163,floor,1
11.108600,-2.950200,50.832100,170,183,164,floor,1
11.117500,-2.950600,50.833302,165,174,156,floor,1
11.123700,-2.946100,50.834702,173,183,165,floor,1
11.130100,-2.946200,50.835499,175,182,167,floor,1
11.133600,-2.949600,50.835300,176,179,163,floor,1
11.139800,-2.949600,50.837299,175,177,163,floor,1
11.146400,-2.949700,50.838100,174,178,164,floor,1
11.152900,-2.953000,50.838902,169,174,159,floor,1
11.161300,-2.952400,50.838799,161,174,161,floor,1
11.181000,-2.962900,50.847900,71,81,102,floor,1
11.186800,-2.961500,50.830502,72,79,94,floor,1
11.195400,-2.967400,50.833401,104,107,116,floor,1
11.198600,-2.967400,50.834499,137,138,138,floor,1
11.209200,-2.973800,50.833302,159,166,150,floor,1
11.220400,-2.970800,50.835201,167,170,155,floor,1
11.223300,-2.962800,50.835800,172,175,157,floor,1
11.228500,-2.964500,50.837299,172,175,166,floor,1
11.235200,-2.961300,50.838200,172,175,161,floor,1
11.243200,-2.964700,50.839298,167,172,150,floor,1
11.251700,-2.963700,50.839500,159,171,157,floor,1
11.254500,-2.964900,50.841400,165,174,155,floor,1
11.261400,-2.961600,50.841900,164,174,156,floor,1
11.267500,-2.963900,50.841801,166,170,153,floor,1
11.275700,-2.968800,50.843201,164,167,148,floor,1
11.278000,-2.961900,50.843498,165,174,155,floor,1
11.284800,-2.962000,50.844002,164,173,156,floor,1
11.294000,-2.962100,50.846500,164,171,157,floor,1
11.297200,-2.965700,50.847500,157,161,145,floor,1
11.307300,-2.962200,50.848701,165,169,158,floor,1
11.309400,-2.960000,50.848801,160,164,147,floor,1
11.319200,-2.963000,50.849899,160,170,156,floor,1
11.326000,-2.953100,50.864101,169,168,153,floor,1
11.327000,-2.959100,50.851700,163,172,152,floor,1
11.336800,-2.962600,50.852901,164,170,150,floor,1
11.343600,-2.959400,50.853100,165,171,151,floor,1
11.350100,-2.962800,50.854599,162,168,150,floor,1
11.353500,-2.962900,50.854301,162,167,150,floor,1
11.359900,-2.961300,50.855400,161,169,154,floor,1
11.363300,-2.956300,50.856400,166,170,155,floor,1
11.371600,-2.961000,50.858101,160,159,146,floor,1
11.377500,-2.954900,50.858398,161,172,155,floor,1
11.383200,-2.953300,50.858799,165,168,156,floor,1
11.390800,-2.955300,50.860600,161,159,150,floor,1
11.383500,-2.801500,51.159901,150,126,113,floor,1
11.402700,-2.953500,50.862499,163,165,151,floor,1
11.409300,-2.955600,50.864201,159,157,149,floor,1
11.415200,-2.949400,50.862598,163,168,157,floor,1
11.915300,-2.694900,50.954800,108,88,101,floor,1
11.919900,-2.691200,50.956299,109,91,100,floor,1
11.922200,-2.688800,50.957001,108,94,98,floor,1
11.929000,-2.686300,50.957500,105,95,102,floor,1
11.933100,-2.685100,50.956799,106,101,102,floor,1
11.939300,-2.683000,50.939800,113,113,113,floor,1
11.948800,-2.682800,50.939999,120,117,121,floor,1
11.949200,-2.673500,50.938499,130,130,126,floor,1
11.953300,-2.668800,50.939499,130,131,129,floor,1
11.956500,-2.666400,50.939800,131,131,132,floor,1
11.965700,-2.661600,50.941299,131,133,129,floor,1
11.970600,-2.658100,50.941502,132,134,132,floor,1
11.968800,-2.652300,50.941200,133,136,134,floor,1
11.974100,-2.652300,50.942001,132,135,135,floor,1
11.976100,-2.645300,50.942600,136,137,135,floor,1
11.983000,-2.640700,50.943298,136,140,140,floor,1
11.989000,-2.638400,50.944801,134,142,141,floor,1
11.990200,-2.630300,50.944401,143,147,143,floor,1
11.992200,-2.626900,50.944801,143,147,148,floor,1
11.996100,-2.621200,50.945702,142,148,143,floor,1
12.000900,-2.616700,50.946098,142,148,147,floor,1
12.004300,-2.614400,50.946499,145,148,149,floor,1
12.009000,-2.612100,50.946800,145,148,147,floor,1
12.017900,-2.611100,50.948502,143,151,147,floor,1
12.013000,-2.601900,50.948002,145,150,149,floor,1
12.018700,-2.596400,50.949299,147,150,150,floor,1
12.021500,-2.593000,50.949200,147,150,152,floor,1
12.026700,-2.585200,50.950199,145,153,149,floor,1
12.028300,-2.584100,50.950401,145,153,150,floor,1
12.036900,-2.578600,50.951801,149,155,150,floor,1
12.041300,-2.576400,50.951900,150,157,148,floor,1
12.038300,-2.570800,50.951599,152,161,154,floor,1
12.043300,-2.563000,50.952499,161,166,160,floor,1
12.047700,-2.563100,50.952599,160,165,159,floor,1
12.050400,-2.555400,50.953999,161,169,163,floor,1
12.056000,-2.551100,50.953800,161,167,163,floor,1
12.056100,-2.546600,50.953899,162,170,163,floor,1
12.060000,-2.542300,50.955101,163,169,162,floor,1
12.063300,-2.536900,50.955502,164,173,164,floor,1
12.068100,-2.531500,50.956200,169,182,164,floor,1
12.072900,-2.527200,50.956799,175,186,170,floor,1
12.073200,-2.523900,50.957100,181,189,176,floor,1
12.075800,-2.515100,50.956799,185,197,176,floor,1
12.076100,-2.512900,50.957199,186,198,177,floor,1
12.083500,-2.505500,50.957500,185,197,177,floor,1
12.087000,-2.503500,50.958401,185,196,179,floor,1
12.088800,-2.501400,50.958698,185,198,180,floor,1
12.089300,-2.491500,50.959301,186,197,180,floor,1
12.095000,-2.487400,50.959400,185,196,179,floor,1
12.100200,-2.483300,50.960602,184,196,181,floor,1
12.099900,-2.480000,50.960201,183,194,177,floor,1
12.101500,-2.471200,50.960400,185,196,178,floor,1
12.105500,-2.467000,50.960300,185,196,176,floor,1
12.107400,-2.461700,50.960899,186,195,176,floor,1
12.114400,-2.455600,50.962502,187,197,178,floor,1
12.117100,-2.445900,50.962399,189,199,178,floor,1
12.119600,-2.442700,50.962002,188,198,184,floor,1
12.120400,-2.439600,50.963100,187,198,180,floor,1
12.123100,-2.433200,50.962898,187,200,181,floor,1
12.129200,-2.428200,50.963600,186,197,181,floor,1
12.129000,-2.420500,50.963299,188,201,179,floor,1
12.132100,-2.415300,50.963699,186,201,180,floor,1
12.133900,-2.414400,50.964199,186,201,181,floor,1
12.135300,-2.406800,50.964401,187,202,181,floor,1
12.139900,-2.400700,50.964901,186,199,182,floor,1
12.141400,-2.395300,50.965000,188,200,184,floor,1
12.141600,-2.393200,50.965199,186,201,184,floor,1
12.144700,-2.386900,50.965698,187,201,184,floor,1
12.149100,-2.379700,50.966000,188,202,184,floor,1
12.149300,-2.378600,50.966202,188,202,184,floor,1
12.151700,-2.373300,50.965801,187,203,186,floor,1
12.155200,-2.366000,50.966599,188,204,184,floor,1
12.162900,-2.361500,50.967899,189,202,184,floor,1
12.159700,-2.355600,50.967201,191,205,184,floor,1
10.380000,-2.361400,50.718300,187,160,120,floor,1
10.380700,-2.368400,50.718300,189,158,121,floor,1
10.381200,-2.376500,50.718201,192,160,122,floor,1
10.376200,-2.384300,50.717999,188,155,122,floor,1
10.388300,-2.385600,50.719299,196,164,127,floor,1
10.389000,-2.392600,50.719299,197,165,128,floor,1
10.385600,-2.400200,50.718700,192,163,129,floor,1
10.392800,-2.404300,50.719799,193,165,131,floor,1
10.400600,-2.411500,50.720798,196,167,128,floor,1
10.400900,-2.418600,50.720798,195,167,132,floor,1
10.401200,-2.419600,50.720798,195,166,132,floor,1
10.404500,-2.427400,50.721298,195,165,129,floor,1
10.409500,-2.430900,50.721802,195,164,129,floor,1
10.416500,-2.439300,50.722900,196,166,129,floor,1
10.412300,-2.445900,50.722500,194,164,128,floor,1
10.418300,-2.456600,50.722698,194,166,132,floor,1
10.422300,-2.462300,50.723301,194,165,129,floor,1
10.425600,-2.470200,50.723900,192,163,129,floor,1
10.426400,-2.476300,50.723801,194,161,127,floor,1
10.434400,-2.476700,50.724899,194,161,125,floor,1
10.434400,-2.481800,50.724899,189,160,131,floor,1
10.441600,-2.489500,50.726101,190,163,129,floor,1
10.443200,-2.503900,50.726002,185,157,124,floor,1
10.450900,-2.505400,50.727100,186,160,126,floor,1
10.459200,-2.516300,50.728199,185,157,130,floor,1
10.462300,-2.518200,50.728901,183,155,132,floor,1
10.458700,-2.526800,50.728298,181,156,124,floor,1
10.467100,-2.534700,50.729401,180,156,134,floor,1
10.475700,-2.539500,50.730499,182,155,130,floor,1
10.480900,-2.546600,50.730900,179,156,132,floor,1
10.484800,-2.551800,50.731499,178,156,131,floor,1
10.484500,-2.560200,50.731602,175,152,125,floor,1
10.489200,-2.564300,50.732101,170,151,127,floor,1
10.494000,-2.565200,50.732601,169,151,126,floor,1
10.501900,-2.575600,50.733799,160,144,117,floor,1
10.505600,-2.581900,50.734501,158,145,111,floor,1
10.505700,-2.589400,50.734501,160,144,114,floor,1
10.511700,-2.592500,50.734901,161,145,114,floor,1
10.519100,-2.598800,50.736301,160,147,117,floor,1
10.523600,-2.601900,50.736801,165,144,117,floor,1
10.524300,-2.612700,50.736801,154,136,107,floor,1
10.532800,-2.613800,50.737999,158,144,115,floor,1
10.533500,-2.621300,50.737900,149,134,108,floor,1
10.538900,-2.630000,50.738499,144,131,101,floor,1
10.548000,-2.633300,50.739700,145,131,101,floor,1
10.551800,-2.635500,50.740200,145,132,99,floor,1
10.556700,-2.641000,50.740799,146,129,93,floor,1
10.561300,-2.646600,50.741501,144,123,100,floor,1
10.557300,-2.659700,50.740799,141,113,89,floor,1
10.566200,-2.655500,50.742199,144,121,87,floor,1
10.566900,-2.664300,50.742100,138,117,95,floor,1
10.575800,-2.663400,50.743401,139,120,97,floor,1
10.580000,-2.666800,50.743999,138,118,89,floor,1
10.585100,-2.671400,50.744598,134,113,97,floor,1
10.589800,-2.674900,50.745300,131,104,89,floor,1
10.592100,-2.683800,50.763000,125,79,72,floor,1
10.605400,-2.684200,50.765099,126,81,77,floor,1
10.600700,-2.691900,50.764400,117,76,77,floor,1
10.680300,-2.755200,50.757401,148,134,118,floor,1
10.681100,-2.772000,50.756599,168,155,126,floor,1
10.689700,-2.763300,50.758999,157,141,126,floor,1
10.696500,-2.768600,50.760899,157,146,131,floor,1
10.696200,-2.774200,50.760101,156,145,130,floor,1
10.708900,-2.773900,50.762299,156,147,130,floor,1
10.715400,-2.777700,50.762699,167,158,136,floor,1
10.718200,-2.779200,50.763802,156,146,133,floor,1
10.718900,-2.786200,50.764301,147,142,127,floor,1
10.728100,-2.787200,50.766201,156,151,132,floor,1
10.735000,-2.792800,50.766399,148,144,129,floor,1
10.734900,-2.796100,50.766602,148,144,129,floor,1
10.748600,-2.803300,50.766899,157,154,135,floor,1
10.754100,-2.810100,50.768299,166,163,139,floor,1
10.758500,-2.811200,50.769299,160,155,137,floor,1
10.767700,-2.813700,50.770699,162,156,140,floor,1
10.767300,-2.815900,50.771500,156,154,138,floor,1
10.773900,-2.825800,50.771000,158,155,140,floor,1
10.777000,-2.832300,50.772701,157,154,139,floor,1
10.783200,-2.829600,50.773300,163,157,140,floor,1
10.799900,-2.829200,50.775799,161,161,142,floor,1
10.799900,-2.839000,50.775700,161,159,144,floor,1
10.804700,-2.845400,50.776402,162,160,142,floor,1
10.815100,-2.837800,50.778999,159,151,128,floor,1
10.820300,-2.845000,50.779301,163,163,143,floor,1
10.822400,-2.855500,50.779301,163,163,147,floor,1
10.832300,-2.850100,50.780701,162,166,144,floor,1
10.832600,-2.855600,50.779900,163,169,146,floor,1
10.841100,-2.852600,50.781399,164,167,145,floor,1
10.847500,-2.855100,50.782600,166,169,149,floor,1
10.853500,-2.857700,50.783699,167,172,151,floor,1
10.862000,-2.862400,50.784401,175,175,154,floor,1
10.859800,-2.873700,50.784901,172,176,151,floor,1
10.864200,-2.872900,50.786400,165,169,147,floor,1
10.871600,-2.873400,50.785702,180,184,162,floor,1
10.878100,-2.878900,50.786701,178,180,159,floor,1
10.895100,-2.879000,50.790199,184,184,156,floor,1
10.900800,-2.879000,50.791901,185,186,159,floor,1
10.914000,-2.882900,50.792099,193,197,174,floor,1
10.916700,-2.890900,50.791801,192,197,173,floor,1
10.922200,-2.885600,50.793301,176,179,159,floor,1
10.928900,-2.890500,50.794399,190,194,168,floor,1
10.933600,-2.895700,50.795200,180,182,161,floor,1
10.943800,-2.881400,50.822899,121,123,105,floor,1
10.950900,-2.881600,50.822102,44,50,77,floor,1
10.960200,-2.895300,50.811699,54,55,84,floor,1
10.963200,-2.903600,50.809299,50,53,76,floor,1
10.974100,-2.896900,50.814602,65,69,75,floor,1
10.972300,-2.909800,50.811699,178,189,164,floor,1
10.983000,-2.902000,50.815601,182,189,162,floor,1
10.992900,-2.906500,50.815399,181,192,166,floor,1
10.999500,-2.905500,50.816502,178,184,163,floor,1
11.002800,-2.911800,50.816898,165,175,155,floor,1
11.013100,-2.912200,50.818600,175,182,160,floor,1
11.019700,-2.912200,50.820000,173,182,160,floor,1
11.022800,-2.912200,50.820801,173,182,160,floor,1
11.028100,-2.916000,50.820499,174,183,160,floor,1
11.036500,-2.915700,50.820900,175,185,162,floor,1
11.041600,-2.926800,50.823502,182,195,172,floor,1
11.050700,-2.918000,50.822102,163,173,155,floor,1
11.049600,-2.927300,50.822899,167,174,160,floor,1
11.062500,-2.920200,50.824600,165,174,161,floor,1
11.068500,-2.922500,50.826599,168,176,161,floor,1
11.068400,-2.925800,50.827000,157,167,146,floor,1
11.074800,-2.925900,50.828300,157,167,146,floor,1
11.087800,-2.925300,50.828800,165,174,159,floor,1
11.091400,-2.939300,50.829399,174,182,162,floor,1
11.101100,-2.932700,50.830101,170,178,163,floor,1
11.107500,-2.932800,50.832199,178,186,166,floor,1
11.111400,-2.929000,50.832699,177,187,168,floor,1
11.115800,-2.939400,50.833302,180,193,160,floor,1
11.125500,-2.944400,50.833801,171,184,166,floor,1
11.130100,-2.933000,50.835701,177,186,171,floor,1
11.139500,-2.936100,50.835499,174,185,167,floor,1
11.146400,-2.933200,50.838100,176,184,169,floor,1
11.148200,-2.934600,50.837601,164,181,160,floor,1
11.156600,-2.935500,50.838299,174,180,165,floor,1
11.159400,-2.938000,50.838600,171,180,161,floor,1
11.169500,-2.932800,50.852501,58,71,73,floor,1
11.184000,-2.945200,50.839401,57,68,87,floor,1
11.198800,-2.950900,50.833900,146,150,139,floor,1
11.203500,-2.950500,50.832699,160,166,148,floor,1
11.208900,-2.954400,50.834400,168,170,154,floor,1
11.217200,-2.952700,50.833698,177,180,164,floor,1
11.218700,-2.951100,50.836498,178,182,159,floor,1
11.225000,-2.947900,50.837502,180,183,165,floor,1
11.231800,-2.954600,50.838100,177,180,162,floor,1
11.241800,-2.951500,50.839001,172,178,160,floor,1
11.245700,-2.956800,50.839100,170,174,155,floor,1
11.251200,-2.948900,50.839500,172,174,158,floor,1
11.259400,-2.958900,50.841599,169,174,155,floor,1
11.264800,-2.948400,50.841499,172,174,160,floor,1
11.267900,-2.948400,50.843399,169,179,158,floor,1
11.277900,-2.947200,50.843700,164,177,161,floor,1
11.280900,-2.948500,50.845699,171,177,162,floor,1
11.286500,-2.947700,50.844398,170,174,154,floor,1
11.291300,-2.958300,50.846100,163,172,159,floor,1
11.300400,-2.947200,50.847099,170,174,154,floor,1
11.307500,-2.955600,50.848099,166,172,159,floor,1
11.309100,-2.948400,50.849300,165,175,160,floor,1
11.319500,-2.951800,50.849400,167,171,154,floor,1
11.325800,-2.940300,50.863400,177,171,157,floor,1
11.328100,-2.952800,50.851101,163,174,157,floor,1
11.333800,-2.952600,50.851898,165,174,153,floor,1
11.343800,-2.946100,50.852600,170,174,154,floor,1
11.346900,-2.956100,50.854000,165,171,153,floor,1
11.353300,-2.956200,50.854900,165,171,153,floor,1
11.365400,-2.943200,50.857399,166,169,150,floor,1
11.368700,-2.954500,50.856800,162,170,155,floor,1
11.376400,-2.946500,50.858398,168,170,155,floor,1
11.376600,-2.791000,51.148102,132,113,102,floor,1
11.390600,-2.949400,50.861000,163,162,149,floor,1
11.396000,-2.948500,50.860600,161,172,155,floor,1
11.389100,-2.785400,51.160801,168,140,133,floor,1
11.405700,-2.940200,50.862701,169,171,156,floor,1
11.412500,-2.936900,50.863899,170,172,154,floor,1
11.895800,-2.690700,50.952599,108,97,101,floor,1
11.901400,-2.687000,50.953499,104,95,103,floor,1
11.905100,-2.686900,50.953899,106,95,100,floor,1
11.914600,-2.687900,50.955700,105,96,97,floor,1
11.923200,-2.682300,50.934399,121,121,118,floor,1
11.929000,-2.677500,50.935398,125,126,123,floor,1
11.931400,-2.673900,50.936199,126,128,125,floor,1
11.940100,-2.667900,50.937199,127,131,128,floor,1
11.940000,-2.664300,50.937000,130,132,131,floor,1
11.946200,-2.664200,50.938702,129,131,131,floor,1
11.949700,-2.657200,50.938999,133,133,134,floor,1
11.951700,-2.653700,50.939499,133,133,139,floor,1
11.963400,-2.655900,50.940399,132,134,132,floor,1
11.963800,-2.638500,50.940800,137,144,143,floor,1
11.969000,-2.636200,50.941399,140,143,144,floor,1
11.972700,-2.635000,50.942001,141,143,145,floor,1
11.976600,-2.624600,50.943100,144,147,146,floor,1
11.978700,-2.622300,50.943600,143,149,145,floor,1
11.989100,-2.614300,50.944801,143,149,146,floor,1
11.991000,-2.608600,50.945202,144,150,145,floor,1
11.993700,-2.607500,50.944698,145,150,150,floor,1
12.004500,-2.604100,50.946701,146,149,150,floor,1
12.001300,-2.596100,50.946499,146,150,146,floor,1
12.007800,-2.595100,50.946999,147,152,146,floor,1
12.009700,-2.584900,50.947498,146,152,151,floor,1
12.015400,-2.583900,50.949001,146,155,153,floor,1
12.016900,-2.577100,50.949001,150,156,152,floor,1
12.017300,-2.574800,50.949501,152,157,154,floor,1
12.023400,-2.568200,50.949699,154,161,154,floor,1
12.026900,-2.564900,50.950401,161,165,162,floor,1
12.030800,-2.560500,50.951500,162,167,161,floor,1
12.031600,-2.557100,50.950600,162,166,162,floor,1
12.035200,-2.550500,50.951500,163,169,162,floor,1
12.040500,-2.545000,50.952499,166,171,162,floor,1
12.042200,-2.540600,50.952801,161,168,162,floor,1
12.045900,-2.536200,50.953800,167,175,166,floor,1
12.051700,-2.534200,50.953800,167,179,165,floor,1
12.053700,-2.528700,50.954399,176,187,173,floor,1
12.056900,-2.526600,50.954800,176,188,174,floor,1
12.056900,-2.521000,50.954700,186,197,181,floor,1
12.061700,-2.512300,50.955299,187,198,182,floor,1
12.066600,-2.509200,50.955898,185,197,180,floor,1
12.066700,-2.503600,50.956100,186,198,179,floor,1
12.073100,-2.500600,50.956902,184,199,176,floor,1
12.076800,-2.497400,50.956299,184,198,179,floor,1
12.077600,-2.488600,50.957199,183,194,176,floor,1
12.078200,-2.485400,50.957901,186,196,181,floor,1
12.082400,-2.480000,50.957901,186,197,180,floor,1
12.084200,-2.476800,50.958302,186,195,181,floor,1
12.093500,-2.472900,50.959301,187,197,181,floor,1
12.091600,-2.468400,50.958698,185,198,175,floor,1
12.093800,-2.461900,50.959599,185,195,179,floor,1
12.095100,-2.457500,50.959400,187,195,178,floor,1
12.102900,-2.451500,50.960400,187,197,175,floor,1
12.100100,-2.448000,50.960499,187,197,176,floor,1
12.114800,-2.445800,50.963001,187,198,179,floor,1
12.107500,-2.434200,50.960899,187,198,178,floor,1
12.109200,-2.433200,50.961201,187,197,178,floor,1
12.118900,-2.432900,50.962799,187,199,177,floor,1
12.115500,-2.423800,50.962002,188,199,178,floor,1
12.117000,-2.417300,50.962101,186,199,180,floor,1
12.121700,-2.410000,50.962898,187,199,179,floor,1
12.126500,-2.407200,50.963600,187,198,180,floor,1
12.127400,-2.402800,50.963001,189,200,183,floor,1
12.127500,-2.397300,50.963100,189,199,183,floor,1
12.130300,-2.393100,50.963200,189,200,185,floor,1
12.132600,-2.384600,50.964199,191,201,186,floor,1
12.141900,-2.385600,50.965698,188,200,184,floor,1
12.135600,-2.377200,50.964600,187,201,186,floor,1
12.138600,-2.372100,50.964901,184,201,181,floor,1
12.144700,-2.367200,50.965599,190,205,186,floor,1
12.143800,-2.360600,50.966202,188,202,181,floor,1
12.144800,-2.354000,50.965698,188,205,182,floor,1
10.392200,-2.364500,50.719700,197,165,127,floor,1
10.398900,-2.365600,50.720901,197,165,124,floor,1
10.400000,-2.375700,50.720798,197,165,129,floor,1
10.405000,-2.381100,50.721100,196,167,127,floor,1
10.400700,-2.384800,50.720699,195,166,128,floor,1
10.408500,-2.391900,50.721802,198,165,131,floor,1
10.416600,-2.404300,50.722801,193,168,133,floor,1
10.412900,-2.410900,50.722301,197,166,134,floor,1
10.419800,-2.414200,50.723400,197,164,135,floor,1
10.416900,-2.420700,50.722801,196,164,131,floor,1
10.425600,-2.424900,50.723701,196,165,128,floor,1
10.429200,-2.429600,50.724300,196,166,129,floor,1
10.424800,-2.442500,50.723900,195,166,129,floor,1
10.437000,-2.443300,50.725498,196,166,128,floor,1
10.438400,-2.446300,50.725300,195,167,129,floor,1
10.437400,-2.455700,50.725498,195,165,131,floor,1
10.443000,-2.455100,50.725800,195,165,131,floor,1
10.446300,-2.465200,50.726501,193,166,128,floor,1
10.443100,-2.471800,50.725800,194,163,129,floor,1
10.455300,-2.483200,50.727501,192,165,129,floor,1
10.455500,-2.488400,50.727501,190,162,129,floor,1
10.450800,-2.497100,50.727100,189,161,127,floor,1
10.459500,-2.502800,50.728100,188,160,129,floor,1
10.466800,-2.500100,50.729301,189,161,130,floor,1
10.471900,-2.505000,50.729801,187,161,129,floor,1
10.471900,-2.516600,50.729801,183,157,134,floor,1
10.480300,-2.518200,50.730900,184,158,130,floor,1
10.484100,-2.521100,50.731499,182,157,125,floor,1
10.488100,-2.530400,50.732101,181,157,130,floor,1
10.479500,-2.536200,50.731098,180,157,134,floor,1
10.488900,-2.537800,50.732101,182,158,133,floor,1
10.493900,-2.544000,50.732601,182,157,136,floor,1
10.500900,-2.545800,50.733799,180,160,131,floor,1
10.505500,-2.552000,50.734402,180,158,133,floor,1
10.497600,-2.563000,50.733200,168,153,129,floor,1
10.504100,-2.572300,50.734600,164,147,114,floor,1
10.518500,-2.569700,50.736301,166,149,123,floor,1
10.522400,-2.573900,50.736900,162,144,116,floor,1
10.523300,-2.575000,50.736801,158,147,121,floor,1
10.523500,-2.584700,50.736801,159,145,118,floor,1
10.531600,-2.587800,50.737999,161,148,119,floor,1
10.532500,-2.593100,50.737999,160,147,115,floor,1
10.542200,-2.598400,50.739101,157,149,118,floor,1
10.542700,-2.602800,50.739101,161,148,117,floor,1
10.546700,-2.609300,50.739700,161,149,120,floor,1
10.551000,-2.616900,50.740299,156,146,113,floor,1
10.555900,-2.627900,50.740898,153,139,110,floor,1
10.561400,-2.625700,50.741501,156,143,114,floor,1
10.566600,-2.634500,50.742100,150,133,95,floor,1
10.574400,-2.635700,50.743401,150,133,97,floor,1
10.575200,-2.641200,50.743301,146,132,92,floor,1
10.576000,-2.652300,50.743301,141,125,91,floor,1
10.592900,-2.654800,50.745998,141,127,98,floor,1
10.593900,-2.655900,50.745899,141,127,97,floor,1
10.595300,-2.662700,50.745800,139,124,98,floor,1
10.598800,-2.670600,50.746601,135,120,97,floor,1
10.611500,-2.676600,50.747501,135,114,101,floor,1
10.613700,-2.681200,50.748402,129,102,100,floor,1
10.621900,-2.683600,50.765800,122,76,66,floor,1
10.681800,-2.735100,50.757000,167,154,131,floor,1
10.683900,-2.744100,50.759201,151,142,125,floor,1
10.689800,-2.744100,50.759399,151,146,128,floor,1
10.699700,-2.746900,50.761398,152,131,115,floor,1
10.702500,-2.752100,50.761501,155,148,128,floor,1
10.705900,-2.760000,50.762600,146,137,121,floor,1
10.709000,-2.765700,50.762699,155,148,134,floor,1
10.711700,-2.765700,50.762100,154,150,130,floor,1
10.725000,-2.768100,50.764500,168,159,132,floor,1
10.733900,-2.770700,50.766499,158,151,134,floor,1
10.735000,-2.783000,50.766201,149,146,130,floor,1
10.740100,-2.778800,50.767101,157,152,134,floor,1
10.751100,-2.783100,50.768902,153,154,135,floor,1
10.748000,-2.789600,50.768501,148,150,131,floor,1
10.754600,-2.797400,50.768600,171,165,135,floor,1
10.764800,-2.792000,50.770599,163,158,140,floor,1
10.767300,-2.802800,50.771500,159,156,138,floor,1
10.774100,-2.799900,50.772202,164,160,141,floor,1
10.783600,-2.802400,50.774502,165,159,144,floor,1
10.789900,-2.809400,50.775200,160,161,143,floor,1
10.795300,-2.815800,50.774899,164,160,142,floor,1
10.798700,-2.815700,50.776901,164,160,143,floor,1
10.804500,-2.818300,50.776100,166,160,145,floor,1
10.813100,-2.822800,50.776798,165,164,146,floor,1
10.820300,-2.823300,50.779499,162,166,145,floor,1
10.826000,-2.826100,50.779301,167,167,145,floor,1
10.825500,-2.831400,50.778400,164,166,145,floor,1
10.832500,-2.836000,50.780499,166,166,147,floor,1
10.835600,-2.845800,50.780998,167,167,148,floor,1
10.845800,-2.836000,50.782200,168,173,150,floor,1
10.847700,-2.838900,50.783298,166,170,150,floor,1
10.851900,-2.843900,50.784302,164,163,136,floor,1
10.857900,-2.849700,50.785999,163,163,140,floor,1
10.863900,-2.849700,50.786900,165,166,142,floor,1
10.871600,-2.854500,50.785801,180,185,160,floor,1
10.882400,-2.861500,50.788898,176,179,156,floor,1
10.891300,-2.859300,50.788700,186,186,165,floor,1
10.894500,-2.862600,50.789398,185,187,163,floor,1
10.897500,-2.865900,50.790199,185,188,162,floor,1
10.906200,-2.864800,50.790798,162,146,130,floor,1
10.911000,-2.866000,50.791000,189,193,162,floor,1
10.909800,-2.878400,50.791698,193,179,161,floor,1
10.925300,-2.873500,50.794899,189,194,169,floor,1
10.931200,-2.873500,50.796299,189,194,169,floor,1
10.936800,-2.876000,50.795799,179,180,162,floor,1
10.944500,-2.865200,50.820000,108,117,110,floor,1
10.951000,-2.867500,50.819500,132,140,132,floor,1
10.955000,-2.875200,50.818600,68,70,94,floor,1
10.958300,-2.875500,50.812099,61,61,93,floor,1
10.965800,-2.886700,50.811298,45,53,65,floor,1
10.970100,-2.878900,50.813400,171,178,165,floor,1
10.976500,-2.888900,50.814098,185,189,161,floor,1
10.983400,-2.889000,50.814098,185,190,158,floor,1
10.990400,-2.891000,50.815300,166,177,161,floor,1
10.996200,-2.889000,50.816601,183,185,174,floor,1
10.998700,-2.890400,50.816002,185,188,172,floor,1
11.003500,-2.892400,50.817101,180,186,168,floor,1
11.009700,-2.902200,50.819302,179,186,167,floor,1
11.020200,-2.895400,50.818802,166,177,161,floor,1
11.025200,-2.897500,50.820702,180,191,170,floor,1
11.029400,-2.902500,50.820900,180,187,169,floor,1
11.036200,-2.902500,50.821999,179,188,165,floor,1
11.042200,-2.905800,50.823700,177,187,163,floor,1
11.048600,-2.903600,50.823399,182,196,174,floor,1
11.049000,-2.905900,50.823799,176,186,162,floor,1
11.058500,-2.906000,50.825199,178,187,165,floor,1
11.061800,-2.915900,50.825901,162,172,150,floor,1
11.068000,-2.914700,50.825199,165,176,157,floor,1
11.075000,-2.909400,50.827702,173,184,161,floor,1
11.081100,-2.912700,50.829601,172,182,156,floor,1
11.084600,-2.919400,50.829700,170,180,159,floor,1
11.091200,-2.922800,50.829899,175,184,162,floor,1
11.099900,-2.916300,50.830502,172,185,162,floor,1
11.103500,-2.921700,50.832100,178,193,172,floor,1
11.109800,-2.916000,50.832199,178,193,172,floor,1
11.115900,-2.916100,50.833199,182,195,173,floor,1
11.125500,-2.918100,50.833801,177,187,169,floor,1
11.128500,-2.922100,50.835098,184,199,170,floor,1
11.135100,-2.930600,50.835701,170,179,162,floor,1
11.139800,-2.923200,50.837502,181,186,171,floor,1
11.148400,-2.920700,50.837502,173,180,165,floor,1
11.150700,-2.920000,50.837399,176,184,170,floor,1
11.160800,-2.924600,50.839500,165,185,160,floor,1
11.163400,-2.922900,50.850700,174,187,170,floor,1
11.185500,-2.929800,50.835701,61,72,92,floor,1
11.192100,-2.932600,50.830898,133,132,126,floor,1
11.200400,-2.940200,50.831699,153,156,144,floor,1
11.205700,-2.937800,50.834202,164,167,153,floor,1
11.211900,-2.937900,50.834999,177,179,164,floor,1
11.216300,-2.935200,50.835201,125,134,135,floor,1
11.219900,-2.934400,50.833900,180,185,171,floor,1
11.225500,-2.941500,50.835800,172,181,163,floor,1
11.234200,-2.934900,50.837002,171,184,166,floor,1
11.241500,-2.934800,50.840099,177,183,164,floor,1
11.248200,-2.933400,50.839298,176,179,165,floor,1
11.254000,-2.935800,50.840401,176,178,164,floor,1
11.259300,-2.933000,50.841301,175,179,165,floor,1
11.264800,-2.935400,50.841801,175,178,161,floor,1
11.269100,-2.932800,50.842602,169,182,164,floor,1
11.278000,-2.933100,50.843700,168,181,163,floor,1
11.280700,-2.935200,50.846298,175,179,166,floor,1
11.289300,-2.945000,50.844898,171,175,155,floor,1
11.291000,-2.935500,50.846001,176,178,164,floor,1
11.304000,-2.932300,50.848598,175,180,159,floor,1
11.313800,-2.932400,50.849201,172,181,160,floor,1
11.316500,-2.939000,50.849098,173,173,160,floor,1
11.325400,-2.925000,50.862099,173,175,156,floor,1
11.330400,-2.932600,50.852001,171,179,159,floor,1
11.333600,-2.929300,50.852798,172,180,160,floor,1
11.341700,-2.932100,50.853100,170,178,162,floor,1
11.359900,-2.931300,50.855900,168,174,151,floor,1
11.363500,-2.933100,50.855801,172,178,157,floor,1
11.369900,-2.926500,50.856800,174,179,162,floor,1
11.376500,-2.926500,50.857899,172,177,159,floor,1
11.379900,-2.926600,50.858299,172,177,158,floor,1
11.383800,-2.769300,51.160400,150,122,114,floor,1
11.409200,-2.923600,50.862900,173,176,158,floor,1
11.873400,-2.696100,50.949699,110,97,98,floor,1
11.877200,-2.690000,50.950100,109,99,95,floor,1
11.881100,-2.687500,50.950802,111,105,101,floor,1
11.883000,-2.686300,50.951099,110,106,104,floor,1
11.893800,-2.689600,50.952099,111,96,101,floor,1
11.899500,-2.685900,50.953201,104,99,108,floor,1
11.908100,-2.682600,50.933498,120,121,120,floor,1
11.909400,-2.683700,50.938301,119,112,114,floor,1
11.912700,-2.674200,50.933201,126,128,128,floor,1
11.914700,-2.670700,50.933601,127,129,129,floor,1
11.918300,-2.667100,50.933998,130,131,132,floor,1
11.922300,-2.663500,50.934898,131,132,133,floor,1
11.927600,-2.657500,50.935501,132,132,132,floor,1
11.934900,-2.657400,50.936600,133,134,133,floor,1
11.936800,-2.648000,50.937000,135,138,133,floor,1
11.940200,-2.649200,50.937302,133,137,134,floor,1
11.945900,-2.644400,50.938301,135,140,137,floor,1
11.949700,-2.640900,50.938999,135,142,138,floor,1
11.952000,-2.633900,50.939701,142,145,145,floor,1
11.964200,-2.637300,50.941200,138,145,144,floor,1
11.960400,-2.624600,50.940399,142,147,144,floor,1
11.964300,-2.624600,50.941299,142,148,146,floor,1
11.965100,-2.617700,50.942200,145,147,147,floor,1
11.977000,-2.618900,50.943501,144,149,142,floor,1
11.973500,-2.609700,50.942902,146,149,146,floor,1
11.978500,-2.606200,50.943298,146,150,146,floor,1
11.982000,-2.601600,50.943802,146,150,145,floor,1
11.987200,-2.596000,50.944401,148,152,149,floor,1
11.988600,-2.591400,50.944199,151,153,148,floor,1
11.994200,-2.589200,50.945202,149,154,147,floor,1
11.998200,-2.587000,50.946201,148,153,149,floor,1
11.999600,-2.577900,50.946098,148,157,149,floor,1
12.003700,-2.574600,50.947399,149,157,151,floor,1
12.005300,-2.572300,50.947498,152,159,154,floor,1
12.009900,-2.563300,50.947601,158,166,159,floor,1
12.011500,-2.562200,50.947800,158,166,159,floor,1
12.015300,-2.558900,50.948700,161,166,164,floor,1
12.018300,-2.552200,50.948799,162,169,162,floor,1
12.024100,-2.550100,50.950500,163,168,162,floor,1
12.025400,-2.542200,50.950199,162,170,163,floor,1
12.038400,-2.542700,50.951698,166,170,163,floor,1
12.032500,-2.532400,50.951599,171,181,172,floor,1
12.037100,-2.531400,50.951900,172,181,171,floor,1
12.039500,-2.524800,50.952900,178,190,173,floor,1
12.044000,-2.524900,50.953201,179,192,174,floor,1
12.047500,-2.520600,50.953800,183,195,176,floor,1
12.050600,-2.510700,50.954201,183,197,179,floor,1
12.051900,-2.507300,50.953899,185,197,182,floor,1
12.056300,-2.505300,50.953999,184,194,179,floor,1
12.056700,-2.499800,50.954399,184,198,177,floor,1
12.061800,-2.494400,50.955299,183,195,178,floor,1
12.065600,-2.489100,50.956299,185,195,180,floor,1
12.065600,-2.481300,50.956299,186,196,178,floor,1
12.072000,-2.478300,50.957199,186,197,181,floor,1
12.069500,-2.475900,50.956001,185,195,179,floor,1
12.076000,-2.467400,50.956902,188,197,178,floor,1
12.080000,-2.463200,50.958099,187,197,176,floor,1
12.081400,-2.460000,50.958199,184,196,179,floor,1
12.086100,-2.454800,50.958801,185,195,177,floor,1
12.085500,-2.449100,50.958000,187,196,176,floor,1
12.087300,-2.447000,50.958401,187,198,177,floor,1
12.091300,-2.440800,50.959900,183,196,178,floor,1
12.092200,-2.437400,50.959301,184,198,177,floor,1
12.097200,-2.431200,50.960201,186,198,176,floor,1
12.102500,-2.426000,50.959801,185,200,178,floor,1
12.099800,-2.421400,50.959900,187,199,177,floor,1
12.106000,-2.415200,50.960602,188,200,177,floor,1
12.104700,-2.413000,50.960701,187,201,178,floor,1
12.116800,-2.409500,50.961899,189,199,179,floor,1
12.120200,-2.403300,50.962700,188,200,179,floor,1
12.113700,-2.394900,50.961300,187,199,181,floor,1
12.116900,-2.388600,50.961899,188,200,180,floor,1
12.127500,-2.392900,50.963100,190,199,184,floor,1
12.121900,-2.379200,50.962898,185,202,179,floor,1
12.123200,-2.373700,50.962799,186,203,182,floor,1
12.126000,-2.369600,50.962799,187,200,182,floor,1
12.126300,-2.366300,50.963200,188,200,179,floor,1
12.131100,-2.355800,50.964100,188,203,184,floor,1
10.411400,-2.360500,50.722301,199,167,128,floor,1
10.403800,-2.374100,50.721298,196,164,130,floor,1
10.412700,-2.373800,50.722198,197,166,129,floor,1
10.420700,-2.379900,50.723202,199,168,128,floor,1
10.424100,-2.381500,50.723801,199,166,130,floor,1
10.428600,-2.392300,50.724300,198,166,136,floor,1
10.424600,-2.397000,50.723801,194,164,130,floor,1
10.429700,-2.405700,50.724201,198,167,132,floor,1
10.434300,-2.406100,50.724701,201,166,131,floor,1
10.432900,-2.412500,50.724899,198,168,130,floor,1
10.442300,-2.418700,50.725800,197,167,132,floor,1
10.437500,-2.423500,50.725399,195,166,130,floor,1
10.445900,-2.430800,50.726398,196,166,129,floor,1
10.450200,-2.436600,50.726898,196,167,133,floor,1
10.450200,-2.442900,50.727001,196,167,133,floor,1
10.450300,-2.445000,50.726898,195,167,133,floor,1
10.453500,-2.452000,50.727699,194,168,134,floor,1
10.462300,-2.458500,50.728600,196,167,131,floor,1
10.462600,-2.459500,50.728600,196,168,131,floor,1
10.458500,-2.469300,50.728100,194,165,130,floor,1
10.472100,-2.473400,50.729599,199,165,130,floor,1
10.472300,-2.476500,50.729599,199,164,133,floor,1
10.476500,-2.484600,50.730202,193,167,131,floor,1
10.480300,-2.487500,50.730801,193,162,133,floor,1
10.480200,-2.491700,50.730801,194,162,136,floor,1
10.484800,-2.498800,50.731300,189,164,134,floor,1
10.488500,-2.507100,50.731998,183,162,130,floor,1
10.492600,-2.510000,50.732601,185,160,133,floor,1
10.496400,-2.514000,50.733200,189,158,133,floor,1
10.492900,-2.520600,50.732601,184,159,129,floor,1
10.500800,-2.523300,50.733799,183,161,127,floor,1
10.505200,-2.528400,50.734299,182,160,132,floor,1
10.509600,-2.532500,50.735001,180,161,136,floor,1
10.514400,-2.536500,50.735600,183,163,129,floor,1
10.518400,-2.542800,50.736198,183,160,133,floor,1
10.518700,-2.548200,50.736198,183,161,134,floor,1
10.523300,-2.553400,50.736698,182,159,134,floor,1
10.531700,-2.560600,50.737900,178,157,134,floor,1
10.531200,-2.561700,50.737999,177,156,132,floor,1
10.536200,-2.571300,50.738602,167,149,120,floor,1
10.540800,-2.571200,50.739201,166,151,122,floor,1
10.541700,-2.579900,50.739101,158,149,116,floor,1
10.546600,-2.583000,50.739601,163,150,114,floor,1
10.551100,-2.586300,50.740200,165,147,121,floor,1
10.549200,-2.597200,50.740398,158,150,120,floor,1
10.559600,-2.600300,50.741600,163,151,118,floor,1
10.559600,-2.605900,50.741600,165,150,123,floor,1
10.564300,-2.606900,50.742199,164,150,119,floor,1
10.573800,-2.614600,50.743401,164,152,118,floor,1
10.578100,-2.625700,50.744099,162,148,121,floor,1
10.579000,-2.633400,50.743999,159,147,111,floor,1
10.587400,-2.627900,50.745399,159,149,119,floor,1
10.593000,-2.632400,50.745899,159,152,120,floor,1
10.588700,-2.646900,50.745300,149,129,109,floor,1
10.602900,-2.642500,50.747200,154,144,114,floor,1
10.603800,-2.647100,50.747101,151,140,112,floor,1
10.608400,-2.657300,50.747799,141,128,98,floor,1
10.613500,-2.659600,50.748402,143,119,99,floor,1
10.618600,-2.660900,50.748901,145,123,105,floor,1
10.624100,-2.664400,50.749599,141,124,104,floor,1
10.628300,-2.671300,50.750301,138,120,99,floor,1
10.633400,-2.674900,50.750900,140,117,95,floor,1
10.690200,-2.719300,50.760399,151,143,123,floor,1
10.686700,-2.727600,50.758900,150,142,121,floor,1
10.699400,-2.730200,50.760899,155,147,128,floor,1
10.702100,-2.734400,50.760601,168,157,127,floor,1
10.702500,-2.738400,50.761501,153,148,128,floor,1
10.712300,-2.737100,50.763699,148,141,125,floor,1
10.719400,-2.744700,50.763100,170,160,131,floor,1
10.724700,-2.746300,50.765499,158,151,134,floor,1
10.728300,-2.753500,50.765701,149,144,129,floor,1
10.733400,-2.756900,50.765598,170,161,133,floor,1
10.737200,-2.757000,50.767502,155,154,135,floor,1
10.737400,-2.767900,50.767799,159,153,136,floor,1
10.742900,-2.765100,50.767101,160,152,138,floor,1
10.752300,-2.765000,50.769100,160,156,139,floor,1
10.758800,-2.773800,50.769100,172,164,136,floor,1
10.761100,-2.773400,50.769199,156,158,138,floor,1
10.762100,-2.781100,50.771301,159,158,143,floor,1
10.773800,-2.780900,50.771599,165,161,143,floor,1
10.776700,-2.789000,50.772400,164,161,143,floor,1
10.779900,-2.791700,50.772598,164,161,146,floor,1
10.790100,-2.789900,50.773998,162,164,145,floor,1
10.789200,-2.802400,50.773899,165,159,143,floor,1
10.796600,-2.797200,50.777802,145,119,106,floor,1
10.803600,-2.797300,50.777199,153,135,120,floor,1
10.810600,-2.804600,50.777401,166,163,144,floor,1
10.817000,-2.804500,50.778500,167,165,146,floor,1
10.814800,-2.814700,50.779499,162,152,131,floor,1
10.821100,-2.814700,50.780399,163,155,134,floor,1
10.832300,-2.814900,50.780899,162,170,145,floor,1
10.838000,-2.817500,50.780899,166,170,146,floor,1
10.838700,-2.819500,50.782902,165,169,150,floor,1
10.848900,-2.819600,50.783501,170,174,152,floor,1
10.850500,-2.822600,50.783199,169,172,152,floor,1
10.858800,-2.829500,50.784500,172,177,155,floor,1
10.863800,-2.826600,50.786900,168,171,146,floor,1
10.861900,-2.842700,50.784801,176,180,158,floor,1
10.875000,-2.836200,50.786701,181,185,163,floor,1
10.877600,-2.835500,50.786999,185,186,165,floor,1
10.888600,-2.838400,50.790001,180,184,158,floor,1
10.888800,-2.844200,50.789700,180,183,158,floor,1
10.898800,-2.845700,50.789501,190,193,170,floor,1
10.905100,-2.850900,50.791199,195,194,175,floor,1
10.910800,-2.849500,50.792301,189,194,172,floor,1
10.917300,-2.856200,50.791901,193,194,167,floor,1
10.922300,-2.855200,50.793499,183,180,166,floor,1
10.931100,-2.858900,50.794498,178,177,164,floor,1
10.936900,-2.859600,50.795300,179,181,159,floor,1
10.949400,-2.848600,50.828400,42,53,61,floor,1
10.950400,-2.852000,50.824299,41,50,64,floor,1
10.954800,-2.853900,50.818501,69,73,97,floor,1
10.954900,-2.868700,50.819302,54,63,83,floor,1
10.963800,-2.872700,50.811699,98,104,110,floor,1
10.969800,-2.864600,50.812801,195,205,186,floor,1
10.973800,-2.870000,50.812698,152,157,151,floor,1
10.984500,-2.869500,50.815102,182,192,175,floor,1
10.987400,-2.874700,50.814999,184,192,171,floor,1
10.995300,-2.877500,50.815102,166,180,158,floor,1
10.995500,-2.882500,50.814899,178,185,167,floor,1
11.004700,-2.884900,50.817101,170,180,162,floor,1
11.006800,-2.882600,50.818001,170,176,156,floor,1
11.016500,-2.881900,50.818699,173,181,164,floor,1
11.022200,-2.881700,50.819698,177,183,166,floor,1
11.024700,-2.887000,50.819401,179,188,168,floor,1
11.030700,-2.886800,50.820202,179,188,169,floor,1
11.042100,-2.886500,50.821301,176,188,164,floor,1
11.041400,-2.897700,50.823799,185,197,178,floor,1
11.050800,-2.888900,50.822601,181,191,172,floor,1
11.055400,-2.889600,50.824600,179,187,169,floor,1
11.060600,-2.892100,50.825699,183,195,179,floor,1
11.068600,-2.892900,50.826599,179,188,171,floor,1
11.075000,-2.896300,50.827702,179,189,173,floor,1
11.081300,-2.899600,50.829102,179,190,171,floor,1
11.084600,-2.902900,50.829899,180,190,168,floor,1
11.091200,-2.898300,50.830200,180,197,182,floor,1
11.096300,-2.901500,50.830200,170,181,163,floor,1
11.105300,-2.901900,50.830898,171,182,163,floor,1
11.107500,-2.899900,50.832298,182,191,173,floor,1
11.113400,-2.903200,50.834202,182,191,169,floor,1
11.117100,-2.906500,50.834202,180,188,168,floor,1
11.128100,-2.902300,50.834099,175,187,169,floor,1
11.133500,-2.906700,50.835899,178,185,170,floor,1
11.135400,-2.906400,50.835701,169,177,162,floor,1
11.142900,-2.903400,50.838200,178,187,169,floor,1
11.146600,-2.916500,50.837799,186,199,175,floor,1
11.156200,-2.910200,50.839401,173,186,166,floor,1
11.159500,-2.910200,50.840302,174,188,162,floor,1
11.169200,-2.906400,50.853699,47,65,65,floor,1
11.189200,-2.914400,50.832401,47,64,79,floor,1
11.192200,-2.917700,50.833099,55,68,68,floor,1
11.203200,-2.919200,50.832500,163,168,155,floor,1
11.209700,-2.917600,50.834801,85,87,69,floor,1
11.211700,-2.921300,50.835800,179,187,168,floor,1
11.217200,-2.924000,50.834202,181,187,171,floor,1
11.225600,-2.927600,50.835800,179,185,170,floor,1
11.228800,-2.920900,50.836800,181,188,167,floor,1
11.238400,-2.921600,50.839001,181,186,170,floor,1
11.242400,-2.920600,50.837002,178,183,165,floor,1
11.244700,-2.921600,50.840698,181,185,170,floor,1
11.254700,-2.918500,50.841099,180,185,170,floor,1
11.261600,-2.925200,50.841801,176,185,167,floor,1
11.266600,-2.930100,50.842602,176,178,154,floor,1
11.271100,-2.918600,50.844002,178,184,167,floor,1
11.275400,-2.927400,50.842499,178,179,162,floor,1
11.283900,-2.921900,50.844601,178,179,164,floor,1
11.286500,-2.921800,50.845001,178,179,164,floor,1
11.294600,-2.921600,50.845699,177,180,161,floor,1
11.300200,-2.921400,50.846802,175,180,160,floor,1
11.305700,-2.918700,50.847401,176,182,160,floor,1
11.313900,-2.919200,50.848999,178,182,167,floor,1
11.316500,-2.926100,50.849098,172,178,161,floor,1
11.320700,-2.919200,50.849899,177,182,166,floor,1
11.327200,-2.929300,50.851101,172,180,163,floor,1
11.337100,-2.916100,50.852200,176,181,168,floor,1
11.341600,-2.921500,50.853199,168,182,164,floor,1
11.346800,-2.918200,50.853100,169,183,165,floor,1
11.353300,-2.919600,50.855099,173,182,164,floor,1
11.359500,-2.919500,50.856701,173,178,156,floor,1
11.363400,-2.919700,50.856201,174,182,165,floor,1
11.378000,-2.912200,50.858299,173,181,166,floor,1
11.383100,-2.916600,50.859200,175,178,164,floor,1
11.395800,-2.912900,50.861000,172,179,166,floor,1
11.396600,-2.920000,50.862400,172,178,155,floor,1
11.404200,-2.908300,50.861698,173,178,156,floor,1
11.395000,-2.758600,51.161499,172,145,138,floor,1
11.856200,-2.693000,50.947102,110,95,104,floor,1
11.864200,-2.690300,50.948601,110,94,99,floor,1
11.867600,-2.691500,50.948700,109,96,94,floor,1
11.873500,-2.690100,50.949799,111,100,94,floor,1
11.875700,-2.686500,50.950199,110,106,97,floor,1
11.888200,-2.684100,50.939701,111,110,114,floor,1
11.894400,-2.677000,50.930801,125,127,124,floor,1
11.896600,-2.671000,50.931301,128,129,129,floor,1
11.902400,-2.670900,50.932499,127,128,128,floor,1
11.905500,-2.667300,50.932301,127,129,132,floor,1
11.905700,-2.661300,50.932499,131,133,134,floor,1
11.912600,-2.661200,50.933102,131,133,134,floor,1
11.914900,-2.653000,50.933800,133,133,134,floor,1
11.922500,-2.652900,50.935101,134,134,134,floor,1
11.925800,-2.648100,50.935200,135,134,131,floor,1
11.934900,-2.646900,50.936501,135,138,133,floor,1
11.937300,-2.643300,50.937401,136,138,136,floor,1
11.934100,-2.635100,50.937302,142,145,141,floor,1
11.937200,-2.629300,50.937302,145,145,141,floor,1
11.944300,-2.629300,50.938099,146,146,142,floor,1
11.946000,-2.622300,50.938301,145,148,143,floor,1
11.948100,-2.617600,50.938900,141,147,141,floor,1
11.953400,-2.611800,50.939400,143,152,146,floor,1
11.956900,-2.608400,50.939999,145,151,149,floor,1
11.963600,-2.603800,50.942200,146,153,151,floor,1
11.968300,-2.600400,50.942402,145,152,150,floor,1
11.977000,-2.601600,50.943401,146,153,149,floor,1
11.970300,-2.593500,50.942799,150,152,156,floor,1
11.973000,-2.588900,50.942299,150,154,154,floor,1
11.977400,-2.584300,50.943901,151,155,151,floor,1
11.987300,-2.586800,50.944500,147,151,149,floor,1
11.984100,-2.575300,50.944401,153,158,152,floor,1
11.990400,-2.568500,50.944302,155,162,155,floor,1
11.994000,-2.564000,50.944901,158,166,159,floor,1
12.001500,-2.563100,50.946602,155,166,156,floor,1
11.998800,-2.557300,50.946800,160,170,164,floor,1
12.003300,-2.551700,50.946800,159,168,166,floor,1
12.006800,-2.548400,50.947399,162,169,163,floor,1
12.012300,-2.544100,50.948601,163,170,160,floor,1
12.014300,-2.543000,50.949299,164,171,158,floor,1
12.016900,-2.535100,50.948898,167,176,165,floor,1
12.022600,-2.530800,50.950298,173,181,172,floor,1
12.023100,-2.524000,50.949200,181,191,173,floor,1
12.029200,-2.522100,50.951199,183,194,173,floor,1
12.029100,-2.516400,50.951000,186,196,177,floor,1
12.032600,-2.514300,50.951698,184,195,177,floor,1
12.037300,-2.508900,50.952099,183,196,177,floor,1
12.039000,-2.503300,50.952301,183,195,181,floor,1
12.044200,-2.503600,50.953400,183,196,181,floor,1
12.043900,-2.495700,50.952999,186,196,184,floor,1
12.046300,-2.489100,50.954102,185,195,181,floor,1
12.050400,-2.488200,50.953899,186,196,177,floor,1
12.055700,-2.484100,50.954800,187,197,181,floor,1
12.055500,-2.478400,50.954601,186,196,179,floor,1
12.058600,-2.475200,50.954800,185,191,174,floor,1
12.060300,-2.468600,50.955101,184,193,177,floor,1
12.066800,-2.463500,50.956001,183,195,176,floor,1
12.071500,-2.461500,50.956501,186,197,178,floor,1
12.068400,-2.452400,50.956100,186,195,179,floor,1
12.071900,-2.449300,50.956902,185,194,178,floor,1
12.073700,-2.443900,50.957401,185,196,181,floor,1
12.078000,-2.437500,50.957401,187,195,175,floor,1
12.080000,-2.435400,50.958099,187,195,177,floor,1
12.081500,-2.429900,50.958199,187,196,179,floor,1
12.088400,-2.428200,50.958000,187,196,179,floor,1
12.087700,-2.420400,50.958801,186,196,183,floor,1
12.092100,-2.416300,50.959099,186,197,181,floor,1
12.095100,-2.412100,50.959301,188,200,187,floor,1
12.095400,-2.402100,50.959599,184,199,182,floor,1
12.098400,-2.399100,50.959999,185,199,180,floor,1
12.099700,-2.394700,50.959702,188,199,180,floor,1
12.101600,-2.390500,50.960300,186,197,179,floor,1
12.106100,-2.385300,50.960602,187,199,180,floor,1
12.108800,-2.381100,50.960499,187,202,179,floor,1
12.111500,-2.373700,50.962101,187,200,183,floor,1
12.114200,-2.369500,50.962002,189,199,183,floor,1
12.115500,-2.364100,50.961700,187,200,184,floor,1
12.117100,-2.363100,50.962101,187,201,185,floor,1
12.116800,-2.357500,50.961601,188,203,184,floor,1
11.833300,-2.220600,51.570202,130,138,131,floor,1
10.428100,-2.360000,50.724201,197,166,132,floor,1
10.428400,-2.373500,50.724201,194,168,129,floor,1
10.433000,-2.380200,50.724800,201,165,134,floor,1
10.441500,-2.381100,50.725700,199,168,132,floor,1
10.440800,-2.387500,50.725800,199,167,137,floor,1
10.445500,-2.392100,50.726299,198,168,133,floor,1
10.448900,-2.400000,50.727001,202,167,133,floor,1
10.450100,-2.404100,50.726799,199,164,131,floor,1
10.449500,-2.414700,50.726898,196,168,132,floor,1
10.458200,-2.418900,50.728001,196,167,137,floor,1
10.457600,-2.423200,50.728100,196,168,133,floor,1
10.462100,-2.425800,50.728500,198,166,134,floor,1
10.463600,-2.434100,50.728401,198,165,131,floor,1
10.466800,-2.436900,50.729099,200,167,135,floor,1
10.475200,-2.446600,50.730202,196,168,131,floor,1
10.484500,-2.467000,50.731300,196,166,134,floor,1
10.489200,-2.469800,50.731800,195,166,132,floor,1
10.488200,-2.475200,50.731998,194,165,132,floor,1
10.493800,-2.479000,50.732399,195,166,134,floor,1
10.496900,-2.483000,50.733002,194,164,133,floor,1
10.496900,-2.494800,50.733101,190,165,136,floor,1
10.492800,-2.500400,50.732498,188,164,134,floor,1
10.505200,-2.504900,50.734299,187,163,133,floor,1
10.505400,-2.510200,50.734200,187,162,131,floor,1
10.514100,-2.514000,50.735500,187,162,135,floor,1
10.517500,-2.512700,50.736198,185,163,132,floor,1
10.518400,-2.528800,50.736099,180,161,136,floor,1
10.527500,-2.528300,50.737202,185,161,134,floor,1
10.531200,-2.533500,50.737900,183,161,134,floor,1
10.535900,-2.538700,50.738499,184,161,134,floor,1
10.536400,-2.547400,50.738499,184,161,140,floor,1
10.540800,-2.551600,50.739101,181,159,136,floor,1
10.546100,-2.554700,50.739601,178,160,137,floor,1
10.550100,-2.562200,50.740200,176,158,130,floor,1
10.545000,-2.568900,50.739799,166,152,121,floor,1
10.559200,-2.569500,50.741501,167,153,124,floor,1
10.559100,-2.576200,50.741501,165,150,116,floor,1
10.564100,-2.580500,50.742100,162,151,115,floor,1
10.568200,-2.580400,50.742802,161,154,117,floor,1
10.572700,-2.590200,50.743401,167,151,123,floor,1
10.576800,-2.593500,50.744099,161,153,123,floor,1
10.581100,-2.595600,50.744801,165,150,126,floor,1
10.586600,-2.607800,50.745399,168,152,127,floor,1
10.587600,-2.615600,50.745300,167,152,119,floor,1
10.595400,-2.615600,50.746700,166,154,121,floor,1
10.601700,-2.620000,50.747200,163,154,127,floor,1
10.598600,-2.630200,50.746399,164,153,125,floor,1
10.602700,-2.636900,50.747200,155,151,111,floor,1
10.607500,-2.637000,50.747799,156,151,111,floor,1
10.617400,-2.635900,50.749001,158,152,116,floor,1
10.622200,-2.645000,50.749699,164,150,110,floor,1
10.627100,-2.653000,50.750401,154,145,121,floor,1
10.631600,-2.654300,50.751099,153,147,121,floor,1
10.632800,-2.663400,50.750999,144,127,104,floor,1
10.642700,-2.664800,50.752300,146,135,106,floor,1
10.642300,-2.675100,50.752399,140,117,97,floor,1
10.647300,-2.675200,50.752998,140,117,96,floor,1
10.657200,-2.672000,50.754398,145,127,100,floor,1
10.696400,-2.704300,50.761101,155,129,113,floor,1
10.699300,-2.711000,50.760899,155,147,128,floor,1
10.701600,-2.710600,50.760300,168,157,131,floor,1
10.705200,-2.716400,50.761600,156,148,130,floor,1
10.711700,-2.719100,50.762600,157,148,133,floor,1
10.715900,-2.728500,50.763000,168,160,133,floor,1
10.724300,-2.728200,50.764000,169,161,134,floor,1
10.727300,-2.729900,50.764599,157,152,133,floor,1
10.730800,-2.732500,50.766602,160,150,135,floor,1
10.740000,-2.737900,50.767200,161,153,141,floor,1
10.739800,-2.740600,50.766800,161,154,141,floor,1
10.749800,-2.745400,50.767502,170,166,138,floor,1
10.752100,-2.751300,50.768700,158,157,141,floor,1
10.755600,-2.748500,50.769699,161,158,143,floor,1
10.759200,-2.753900,50.771500,160,159,140,floor,1
10.762100,-2.764700,50.769100,174,165,129,floor,1
10.767600,-2.770100,50.770199,159,159,141,floor,1
10.780300,-2.763600,50.773602,164,160,145,floor,1
10.783300,-2.767100,50.774101,166,161,141,floor,1
10.786200,-2.775200,50.774101,166,163,144,floor,1
10.793200,-2.773500,50.776001,166,163,149,floor,1
10.797300,-2.774200,50.776501,145,120,106,floor,1
10.803300,-2.783300,50.776001,162,167,146,floor,1
10.806600,-2.780100,50.776299,162,167,146,floor,1
10.810300,-2.788400,50.776501,168,163,147,floor,1
10.816800,-2.788200,50.778198,168,165,147,floor,1
10.822800,-2.790800,50.779301,168,167,148,floor,1
10.829000,-2.798800,50.779999,168,167,149,floor,1
10.835300,-2.795900,50.781300,169,168,151,floor,1
10.839900,-2.797600,50.782902,161,164,142,floor,1
10.841400,-2.806600,50.782600,165,173,148,floor,1
10.841400,-2.814700,50.782501,164,171,146,floor,1
10.855400,-2.806500,50.784302,172,175,156,floor,1
10.861800,-2.809900,50.785702,176,179,159,floor,1
10.865600,-2.811500,50.785099,179,182,161,floor,1
10.870600,-2.815100,50.786999,172,175,146,floor,1
10.875000,-2.816500,50.786900,182,186,165,floor,1
10.880500,-2.822000,50.786800,183,187,164,floor,1
10.887800,-2.826400,50.789101,185,189,168,floor,1
10.888900,-2.826800,50.789398,181,185,159,floor,1
10.898700,-2.832300,50.789600,190,194,171,floor,1
10.905100,-2.832100,50.791401,193,196,173,floor,1
10.906100,-2.834500,50.791199,169,154,136,floor,1
10.913700,-2.840000,50.791599,195,198,178,floor,1
10.916700,-2.845300,50.792099,195,197,179,floor,1
10.923900,-2.846400,50.793598,190,191,170,floor,1
10.930500,-2.839800,50.794800,184,189,167,floor,1
10.941700,-2.838400,50.816502,46,53,68,floor,1
10.945600,-2.842100,50.808300,34,44,54,floor,1
10.953300,-2.835200,50.822498,58,59,86,floor,1
10.956800,-2.840700,50.816101,75,74,108,floor,1
10.961000,-2.846200,50.812401,57,58,81,floor,1
10.966400,-2.846100,50.814098,98,108,108,floor,1
10.972800,-2.851200,50.813702,181,190,165,floor,1
10.977000,-2.859900,50.814098,188,193,178,floor,1
10.981700,-2.853300,50.814602,174,181,164,floor,1
10.989900,-2.856200,50.816002,180,185,172,floor,1
10.994800,-2.857100,50.815701,170,179,161,floor,1
10.998700,-2.862400,50.817299,181,198,179,floor,1
11.011500,-2.862500,50.818600,179,197,178,floor,1
11.012900,-2.866200,50.819698,178,179,166,floor,1
11.022000,-2.873800,50.819302,180,188,170,floor,1
11.025800,-2.866200,50.822102,181,184,173,floor,1
11.032800,-2.868500,50.820702,164,175,156,floor,1
11.036500,-2.870800,50.821301,182,190,167,floor,1
11.041400,-2.879100,50.821800,164,175,160,floor,1
11.050500,-2.875700,50.821899,176,187,168,floor,1
11.055500,-2.879700,50.824402,171,178,162,floor,1
11.058400,-2.879700,50.824100,164,178,160,floor,1
11.065000,-2.880600,50.824402,172,182,165,floor,1
11.073900,-2.877700,50.825901,172,182,163,floor,1
11.078900,-2.880700,50.828201,181,194,182,floor,1
11.082100,-2.882800,50.826599,176,187,170,floor,1
11.091400,-2.882400,50.829498,175,183,164,floor,1
11.093800,-2.885000,50.828999,176,185,168,floor,1
11.099800,-2.890100,50.830299,183,191,175,floor,1
11.107500,-2.886700,50.832401,178,186,171,floor,1
11.109100,-2.888200,50.832199,171,184,165,floor,1
11.120400,-2.886800,50.834702,178,185,170,floor,1
11.126800,-2.886800,50.835999,180,187,174,floor,1
11.131200,-2.889100,50.835800,178,186,172,floor,1
11.136500,-2.893500,50.837101,177,184,170,floor,1
11.140200,-2.893000,50.837200,182,198,186,floor,1
11.149600,-2.890300,50.839500,179,187,169,floor,1
11.152500,-2.893200,50.839500,182,198,175,floor,1
11.159300,-2.890400,50.841000,175,186,163,floor,1
11.161300,-2.893500,50.839100,168,181,162,floor,1
11.168500,-2.889800,50.856400,57,66,65,floor,1
11.198600,-2.911600,50.830898,72,83,77,floor,1
11.200800,-2.908700,50.833099,157,162,147,floor,1
11.205800,-2.904700,50.833900,171,175,155,floor,1
11.212300,-2.902600,50.834301,185,192,184,floor,1
11.220200,-2.905600,50.835400,184,191,175,floor,1
11.225300,-2.908200,50.836899,187,191,171,floor,1
11.234200,-2.906100,50.839001,184,189,164,floor,1
11.238600,-2.907100,50.838200,181,185,173,floor,1
11.245400,-2.907500,50.838699,181,185,167,floor,1
11.251500,-2.905200,50.840900,180,188,176,floor,1
11.254600,-2.905200,50.841301,181,189,177,floor,1
11.260500,-2.904400,50.841301,175,186,171,floor,1
11.267500,-2.909400,50.842400,179,183,164,floor,1
11.271200,-2.905400,50.843800,180,189,171,floor,1
11.277700,-2.912000,50.844101,173,184,167,floor,1
11.282700,-2.913800,50.841400,178,182,164,floor,1
11.289200,-2.908800,50.845100,180,183,162,floor,1
11.297400,-2.908600,50.846199,180,183,161,floor,1
11.303000,-2.913500,50.847198,178,182,162,floor,1
11.308500,-2.908200,50.848099,178,182,162,floor,1
11.311000,-2.913400,50.847599,178,182,161,floor,1
11.320600,-2.912600,50.850300,179,183,171,floor,1
11.324800,-2.902000,50.860199,179,179,159,floor,1
11.328500,-2.901400,50.852001,175,182,167,floor,1
11.332900,-2.903500,50.851700,173,187,170,floor,1
11.341200,-2.901600,50.853100,175,182,167,floor,1
11.346800,-2.902900,50.854500,177,184,171,floor,1
11.353800,-2.901700,50.855202,174,181,166,floor,1
11.360000,-2.906400,50.855801,175,184,165,floor,1
11.363600,-2.903100,50.855701,176,185,164,floor,1
11.376500,-2.903300,50.858200,177,182,165,floor,1
11.379800,-2.910000,50.858601,176,180,166,floor,1
11.386500,-2.900100,50.859299,178,183,166,floor,1
11.383900,-2.753200,51.160099,154,128,122,floor,1
11.384000,-2.742400,51.160301,152,127,120,floor,1
11.389500,-2.742400,51.160500,159,132,126,floor,1
11.842000,-2.688600,50.944698,113,102,104,floor,1
11.846700,-2.687200,50.946098,111,103,103,floor,1
11.853900,-2.691800,50.946602,110,96,104,floor,1
11.856800,-2.686900,50.947800,108,100,101,floor,1
11.862900,-2.684500,50.942299,113,110,107,floor,1
11.866500,-2.683500,50.930302,119,117,117,floor,1
11.872100,-2.675100,50.927700,125,127,126,floor,1
11.877700,-2.678500,50.928501,125,126,126,floor,1
11.881400,-2.673700,50.928902,127,130,128,floor,1
11.891000,-2.671100,50.930698,128,131,129,floor,1
11.889200,-2.666400,50.930302,129,131,131,floor,1
11.895700,-2.659100,50.930401,133,133,134,floor,1
11.896600,-2.652000,50.931301,135,134,133,floor,1
11.900700,-2.648300,50.932301,135,136,128,floor,1
11.903800,-2.644800,50.932201,136,137,133,floor,1
11.911300,-2.645900,50.933300,135,136,134,floor,1
11.912900,-2.641100,50.933399,136,139,137,floor,1
11.918100,-2.640000,50.933701,138,140,135,floor,1
11.924000,-2.625800,50.935101,145,145,139,floor,1
11.928300,-2.623400,50.936100,144,147,139,floor,1
11.929800,-2.619900,50.936001,145,148,141,floor,1
11.937100,-2.615300,50.937099,143,150,140,floor,1
11.939000,-2.611800,50.937500,145,151,142,floor,1
11.946400,-2.613000,50.938702,142,150,143,floor,1
11.943100,-2.603600,50.938400,149,152,147,floor,1
11.948500,-2.602500,50.939301,147,151,145,floor,1
11.954600,-2.596800,50.940701,147,153,149,floor,1
11.956000,-2.591000,50.940601,150,152,149,floor,1
11.961600,-2.586400,50.941601,152,153,153,floor,1
11.962900,-2.585300,50.941200,152,152,153,floor,1
11.966900,-2.576100,50.942299,154,158,154,floor,1
11.971800,-2.575000,50.942501,152,156,152,floor,1
11.973300,-2.569300,50.942501,154,159,153,floor,1
11.977200,-2.563600,50.943501,160,165,159,floor,1
11.978800,-2.563700,50.943501,160,165,157,floor,1
11.984300,-2.561500,50.944599,162,166,158,floor,1
11.989600,-2.553600,50.945301,162,167,160,floor,1
11.991000,-2.550200,50.945099,163,169,165,floor,1
11.994700,-2.545800,50.945499,162,170,163,floor,1
11.994400,-2.542300,50.945301,164,171,163,floor,1
12.008700,-2.540500,50.947800,163,173,163,floor,1
12.003500,-2.532400,50.946999,169,179,168,floor,1
12.007000,-2.531400,50.947498,170,179,168,floor,1
12.016700,-2.529500,50.948601,177,184,175,floor,1
12.011700,-2.517900,50.947899,184,194,184,floor,1
12.020400,-2.519400,50.949501,184,195,176,floor,1
12.017400,-2.511300,50.949501,184,196,180,floor,1
12.022600,-2.505900,50.950199,185,197,180,floor,1
12.025000,-2.500300,50.949600,186,198,179,floor,1
12.027300,-2.496000,50.950600,186,196,181,floor,1
12.032400,-2.496200,50.951302,186,196,183,floor,1
12.033700,-2.487200,50.951199,185,198,182,floor,1
12.035700,-2.484000,50.951801,185,196,179,floor,1
12.039100,-2.480800,50.952400,186,197,181,floor,1
12.042700,-2.475400,50.953098,189,197,179,floor,1
12.043200,-2.467700,50.955502,171,179,159,floor,1
12.044100,-2.465600,50.956501,168,176,160,floor,1
12.048600,-2.462200,50.953201,158,167,149,floor,1
12.057300,-2.458300,50.955002,185,194,176,floor,1
12.060200,-2.448400,50.954899,185,194,179,floor,1
12.063300,-2.445300,50.955101,186,196,178,floor,1
12.061900,-2.438400,50.955299,185,197,177,floor,1
12.068100,-2.432200,50.955700,188,197,177,floor,1
12.068600,-2.427800,50.956299,188,196,182,floor,1
12.071200,-2.424600,50.956001,185,195,180,floor,1
12.074800,-2.420400,50.956902,186,197,181,floor,1
12.078300,-2.412900,50.957802,186,199,178,floor,1
12.082600,-2.407700,50.957802,186,198,180,floor,1
12.081100,-2.406400,50.957600,188,197,182,floor,1
12.086300,-2.399100,50.958801,189,200,182,floor,1
12.084500,-2.395600,50.958302,187,199,178,floor,1
12.088000,-2.391500,50.959099,187,198,186,floor,1
12.091100,-2.381700,50.959499,186,201,181,floor,1
12.092300,-2.381700,50.959099,186,201,181,floor,1
12.101100,-2.374800,50.959599,187,199,180,floor,1
12.098300,-2.371200,50.959801,188,201,180,floor,1
12.099900,-2.368000,50.959801,187,201,183,floor,1
12.103200,-2.360500,50.960300,186,201,183,floor,1
12.104500,-2.354000,50.960300,189,203,183,floor,1
10.789400,-2.220800,51.463699,206,201,173,floor,1
10.449000,-2.364100,50.726799,197,170,135,floor,1
10.453000,-2.371000,50.727501,195,171,132,floor,1
10.456900,-2.376800,50.728001,196,172,133,floor,1
10.457500,-2.385200,50.727901,200,170,135,floor,1
10.450000,-2.391500,50.726799,198,169,133,floor,1
10.466300,-2.395600,50.729000,200,169,134,floor,1
10.465900,-2.399900,50.729099,201,171,136,floor,1
10.465900,-2.403100,50.729099,198,171,135,floor,1
10.475200,-2.413700,50.730099,201,168,138,floor,1
10.475300,-2.420100,50.730099,201,167,134,floor,1
10.479600,-2.424900,50.730701,200,169,132,floor,1
10.484500,-2.432800,50.731098,201,169,134,floor,1
10.482800,-2.444800,50.731400,198,170,129,floor,1
10.492400,-2.443800,50.732399,198,171,133,floor,1
10.487700,-2.455000,50.731899,196,169,137,floor,1
10.492700,-2.459800,50.732399,195,168,136,floor,1
10.501600,-2.463300,50.733501,196,167,134,floor,1
10.505500,-2.469400,50.734100,195,165,137,floor,1
10.509700,-2.472300,50.734798,195,165,136,floor,1
10.510500,-2.474300,50.734699,195,168,138,floor,1
10.514700,-2.483700,50.735298,191,170,136,floor,1
10.514000,-2.489200,50.735401,192,167,131,floor,1
10.518200,-2.496400,50.736099,193,163,139,floor,1
10.514100,-2.500000,50.735500,191,163,137,floor,1
10.527200,-2.501200,50.737099,189,165,135,floor,1
10.527000,-2.506600,50.737202,188,165,133,floor,1
10.530000,-2.515100,50.737999,184,165,131,floor,1
10.540100,-2.517800,50.739101,186,162,130,floor,1
10.536600,-2.523400,50.738400,187,163,134,floor,1
10.549900,-2.533700,50.740101,185,162,138,floor,1
10.545100,-2.538300,50.739700,185,161,131,floor,1
10.545600,-2.547000,50.739601,182,160,137,floor,1
10.559200,-2.547500,50.741402,181,162,140,floor,1
10.553600,-2.555400,50.740898,179,162,135,floor,1
10.567200,-2.557200,50.742802,180,162,137,floor,1
10.572700,-2.560300,50.743301,177,160,138,floor,1
10.573200,-2.562500,50.743301,175,158,136,floor,1
10.580900,-2.575600,50.744701,165,153,122,floor,1
10.587300,-2.588800,50.745300,165,152,127,floor,1
10.590800,-2.597700,50.745998,166,152,119,floor,1
10.600100,-2.596400,50.747299,167,154,123,floor,1
10.605700,-2.598600,50.747799,168,154,127,floor,1
10.606700,-2.612100,50.747799,172,153,123,floor,1
10.606800,-2.618900,50.747799,165,155,126,floor,1
10.616900,-2.624500,50.749001,160,153,124,floor,1
10.625700,-2.622200,50.750401,162,155,129,floor,1
10.626200,-2.629100,50.750401,162,155,112,floor,1
10.621900,-2.638200,50.749699,155,150,121,floor,1
10.640600,-2.639400,50.752399,155,153,118,floor,1
10.645000,-2.640600,50.753101,159,154,116,floor,1
10.646500,-2.648700,50.752998,162,150,119,floor,1
10.657100,-2.652300,50.754398,161,149,129,floor,1
10.650900,-2.663800,50.753799,153,146,114,floor,1
10.656400,-2.665000,50.754501,155,147,117,floor,1
10.667200,-2.661800,50.755699,163,147,111,floor,1
10.672500,-2.667700,50.756302,157,149,117,floor,1
10.712100,-2.697200,50.763699,158,152,134,floor,1
10.715000,-2.702600,50.764000,159,149,135,floor,1
10.716400,-2.703000,50.763199,167,160,134,floor,1
10.719500,-2.713800,50.763100,168,159,140,floor,1
10.725200,-2.711000,50.765598,151,143,132,floor,1
10.729700,-2.715300,50.765202,167,161,139,floor,1
10.735000,-2.724100,50.767101,153,148,133,floor,1
10.737400,-2.726000,50.765900,170,161,135,floor,1
10.745900,-2.725700,50.767101,170,165,135,floor,1
10.751200,-2.727500,50.769100,158,153,139,floor,1
10.758300,-2.732200,50.769501,164,157,141,floor,1
10.763600,-2.735900,50.770000,172,168,134,floor,1
10.761700,-2.740300,50.770599,162,158,143,floor,1
10.774000,-2.742800,50.772400,165,161,143,floor,1
10.773800,-2.747200,50.772400,164,158,141,floor,1
10.776800,-2.753600,50.772900,165,161,142,floor,1
10.790200,-2.753800,50.774101,162,164,145,floor,1
10.798400,-2.758700,50.776501,168,163,144,floor,1
10.798300,-2.761400,50.776199,169,163,144,floor,1
10.800000,-2.773500,50.775902,166,163,148,floor,1
10.806400,-2.770200,50.776901,167,165,150,floor,1
10.813400,-2.769300,50.777302,167,166,147,floor,1
10.819500,-2.773600,50.778400,166,170,150,floor,1
10.825900,-2.774500,50.780102,170,169,147,floor,1
10.832300,-2.779800,50.781300,169,169,150,floor,1
10.832200,-2.785200,50.780899,169,169,150,floor,1
10.840000,-2.786000,50.782700,161,164,142,floor,1
10.845700,-2.790100,50.783100,170,173,153,floor,1
10.850200,-2.790300,50.782700,171,173,154,floor,1
10.856400,-2.790100,50.784302,174,176,159,floor,1
10.858800,-2.806600,50.784401,173,177,158,floor,1
10.868400,-2.796800,50.785599,178,184,161,floor,1
10.871500,-2.803300,50.785999,183,185,166,floor,1
10.878200,-2.806700,50.786701,182,185,163,floor,1
10.884800,-2.806700,50.787899,185,188,166,floor,1
10.886700,-2.805700,50.788502,184,187,166,floor,1
10.888000,-2.816600,50.788502,185,188,169,floor,1
10.896000,-2.813500,50.789902,188,192,170,floor,1
10.906500,-2.824400,50.790798,175,156,142,floor,1
10.913400,-2.821300,50.790699,196,198,180,floor,1
10.914100,-2.829900,50.792301,193,195,170,floor,1
10.923900,-2.826700,50.793499,189,194,169,floor,1
10.933800,-2.826700,50.794701,182,187,165,floor,1
10.944300,-2.816100,50.821301,111,116,112,floor,1
10.944400,-2.819400,50.820801,117,119,119,floor,1
10.950600,-2.829200,50.823502,43,46,63,floor,1
10.954400,-2.826000,50.821899,58,60,89,floor,1
10.961900,-2.835800,50.811001,60,60,82,floor,1
10.966800,-2.832800,50.812599,172,175,164,floor,1
10.969900,-2.835300,50.813202,199,207,187,floor,1
10.976400,-2.836400,50.814602,184,191,173,floor,1
10.981500,-2.837700,50.815102,183,192,169,floor,1
10.986400,-2.846300,50.816299,184,190,171,floor,1
10.993100,-2.839800,50.816299,183,189,171,floor,1
10.996000,-2.849600,50.817299,175,180,165,floor,1
11.006700,-2.846400,50.818501,179,186,168,floor,1
11.013100,-2.846500,50.818901,179,183,164,floor,1
11.015900,-2.851000,50.818501,159,170,154,floor,1
11.019700,-2.849800,50.820400,173,181,163,floor,1
11.026100,-2.849900,50.820900,172,181,162,floor,1
11.028400,-2.865000,50.820301,167,180,161,floor,1
11.036700,-2.860100,50.821999,170,185,166,floor,1
11.042200,-2.865300,50.822102,174,185,163,floor,1
11.052000,-2.856600,50.825401,174,181,160,floor,1
11.054200,-2.869300,50.823399,163,177,161,floor,1
11.062000,-2.863300,50.825401,177,184,166,floor,1
11.067000,-2.862800,50.825600,170,181,165,floor,1
11.065300,-2.873200,50.825901,177,184,169,floor,1
11.074000,-2.867100,50.826199,179,190,175,floor,1
11.078300,-2.873300,50.827599,175,183,173,floor,1
11.088500,-2.869300,50.829102,182,191,174,floor,1
11.091000,-2.873400,50.830898,175,184,169,floor,1
11.097600,-2.866900,50.830898,180,189,171,floor,1
11.105700,-2.868800,50.832500,180,190,175,floor,1
11.109400,-2.869400,50.832802,179,195,176,floor,1
11.116800,-2.871200,50.833099,181,191,176,floor,1
11.122200,-2.874900,50.834099,163,175,159,floor,1
11.126900,-2.873700,50.835400,176,183,169,floor,1
11.131500,-2.875200,50.834702,165,175,162,floor,1
11.136500,-2.877000,50.837399,175,182,167,floor,1
11.146300,-2.877100,50.838902,175,183,163,floor,1
11.146400,-2.880400,50.838402,176,185,164,floor,1
11.153000,-2.877200,50.839001,180,188,169,floor,1
11.163100,-2.873500,50.852001,184,193,182,floor,1
11.170200,-2.873700,50.850498,57,74,75,floor,1
11.192300,-2.888000,50.832901,65,78,84,floor,1
11.197500,-2.898500,50.831402,149,153,144,floor,1
11.203100,-2.894000,50.834099,57,67,62,floor,1
11.208900,-2.888200,50.834900,175,186,161,floor,1
11.217100,-2.890100,50.834202,188,192,175,floor,1
11.222900,-2.895200,50.835300,187,192,176,floor,1
11.229000,-2.892700,50.837601,181,194,174,floor,1
11.231000,-2.900200,50.835800,186,191,174,floor,1
11.240100,-2.892000,50.838299,181,188,173,floor,1
11.247600,-2.889900,50.839199,179,189,173,floor,1
11.251400,-2.895200,50.841000,180,189,170,floor,1
11.258000,-2.892000,50.841702,181,191,172,floor,1
11.260500,-2.897100,50.838100,191,193,165,floor,1
11.267900,-2.895400,50.843601,180,190,171,floor,1
11.271100,-2.892100,50.844299,180,190,171,floor,1
11.281000,-2.890900,50.844398,184,186,167,floor,1
11.282200,-2.901600,50.844898,177,188,173,floor,1
11.292000,-2.893200,50.845600,181,186,163,floor,1
11.297600,-2.902300,50.847198,181,185,171,floor,1
11.301700,-2.891800,50.846802,177,189,173,floor,1
11.307400,-2.892500,50.848801,183,187,174,floor,1
11.313700,-2.895200,50.848499,180,183,167,floor,1
11.319600,-2.889800,50.850399,183,182,163,floor,1
11.322400,-2.889600,50.851501,176,183,169,floor,1
11.330600,-2.899400,50.851501,180,184,172,floor,1
11.337100,-2.892900,50.852200,181,185,172,floor,1
11.353200,-2.889700,50.855499,180,186,169,floor,1
11.355400,-2.893700,50.855099,175,188,172,floor,1
11.365700,-2.884200,50.856899,178,185,166,floor,1
11.371600,-2.890200,50.858101,177,183,165,floor,1
11.371400,-2.884200,50.858299,177,183,165,floor,1
11.378200,-2.883800,50.858200,178,186,171,floor,1
11.378100,-2.737100,51.155499,143,121,116,floor,1
11.393000,-2.886900,50.860001,179,184,165,floor,1
11.399800,-2.890200,50.860802,178,183,165,floor,1
11.399900,-2.883600,50.860500,179,184,165,floor,1
11.395400,-2.731700,51.162800,165,135,129,floor,1
11.413000,-2.880400,50.862400,180,183,170,floor,1
11.820100,-2.694000,50.941399,114,97,100,floor,1
11.820100,-2.687900,50.941399,112,104,105,floor,1
11.830600,-2.692500,50.943401,110,101,101,floor,1
11.832300,-2.687600,50.943401,112,104,107,floor,1
11.843000,-2.685000,50.942299,116,109,108,floor,1
11.850500,-2.683900,50.931000,115,114,113,floor,1
11.857400,-2.682600,50.926201,122,120,123,floor,1
11.856900,-2.675400,50.925598,127,128,128,floor,1
11.862400,-2.670500,50.926102,127,131,127,floor,1
11.864700,-2.666800,50.926800,129,131,125,floor,1
11.873600,-2.670300,50.927700,128,130,127,floor,1
11.871900,-2.658200,50.927399,133,135,133,floor,1
11.878000,-2.660600,50.928799,132,134,131,floor,1
11.881700,-2.650900,50.929199,133,136,137,floor,1
11.883800,-2.648500,50.929699,135,138,136,floor,1
11.888800,-2.646100,50.929901,133,138,133,floor,1
11.890800,-2.640100,50.930199,140,141,136,floor,1
11.893100,-2.637700,50.931000,140,142,137,floor,1
11.909200,-2.637600,50.932800,140,141,141,floor,1
11.906200,-2.624600,50.932899,144,145,141,floor,1
11.909700,-2.622200,50.933201,144,145,141,floor,1
11.912900,-2.618700,50.933399,145,148,140,floor,1
11.920900,-2.618700,50.935001,144,145,143,floor,1
11.927700,-2.618700,50.935398,146,149,143,floor,1
11.926300,-2.609400,50.935699,146,150,144,floor,1
11.929300,-2.601100,50.935501,148,151,146,floor,1
11.933900,-2.600000,50.937000,149,152,147,floor,1
11.938800,-2.597700,50.937302,150,153,148,floor,1
11.940900,-2.589600,50.937801,151,154,146,floor,1
11.943100,-2.587300,50.938301,148,156,146,floor,1
11.946400,-2.582700,50.938702,150,155,149,floor,1
11.952600,-2.578100,50.940201,151,157,151,floor,1
11.952900,-2.577000,50.940399,151,155,148,floor,1
11.957700,-2.570100,50.940800,156,160,152,floor,1
11.962800,-2.562100,50.941101,161,167,160,floor,1
11.968400,-2.557600,50.942299,162,167,160,floor,1
11.976800,-2.556700,50.943100,162,168,163,floor,1
11.973700,-2.550800,50.942902,165,169,166,floor,1
11.975300,-2.546300,50.943001,164,168,165,floor,1
11.981300,-2.544200,50.944599,164,169,164,floor,1
11.984800,-2.535100,50.944901,167,177,165,floor,1
11.984800,-2.534000,50.945000,168,177,164,floor,1
11.993300,-2.521700,50.945801,182,193,179,floor,1
11.997200,-2.521800,50.944801,182,192,178,floor,1
12.001600,-2.517400,50.946499,185,195,183,floor,1
12.001800,-2.512900,50.946701,186,198,181,floor,1
12.003700,-2.508400,50.947201,186,196,179,floor,1
12.008200,-2.501700,50.947102,188,197,184,floor,1
12.012400,-2.496300,50.948502,186,197,183,floor,1
12.019100,-2.494400,50.949402,185,195,180,floor,1
12.017500,-2.488600,50.949501,187,198,180,floor,1
12.019900,-2.484200,50.948799,187,197,182,floor,1
12.024000,-2.478800,50.950001,189,197,184,floor,1
12.026200,-2.474400,50.950802,190,198,184,floor,1
12.027700,-2.472200,50.950901,189,198,181,floor,1
12.033800,-2.468100,50.952900,171,180,157,floor,1
12.034500,-2.460500,50.957100,174,178,158,floor,1
12.035000,-2.458300,50.957699,177,182,160,floor,1
12.037800,-2.454000,50.957500,171,176,155,floor,1
12.041000,-2.445200,50.957802,164,172,149,floor,1
12.043300,-2.443000,50.957100,158,167,144,floor,1
12.054200,-2.442400,50.954601,180,190,170,floor,1
12.052200,-2.433200,50.953899,169,179,155,floor,1
12.051900,-2.430900,50.953701,176,184,167,floor,1
12.058500,-2.425800,50.954601,187,194,178,floor,1
12.057100,-2.421200,50.954601,185,194,177,floor,1
12.063400,-2.420600,50.955101,187,196,176,floor,1
12.063900,-2.409400,50.955700,188,197,180,floor,1
12.066900,-2.407400,50.955898,185,198,182,floor,1
12.068000,-2.401800,50.955601,187,197,179,floor,1
12.078200,-2.402800,50.957600,188,199,184,floor,1
12.073300,-2.393400,50.956699,186,199,179,floor,1
12.077900,-2.387000,50.957100,188,200,184,floor,1
12.078300,-2.382600,50.957600,186,200,178,floor,1
12.083200,-2.380900,50.958401,186,201,181,floor,1
12.082100,-2.376200,50.957100,187,201,182,floor,1
12.086000,-2.367700,50.958302,186,200,180,floor,1
12.087700,-2.364500,50.958599,190,203,182,floor,1
12.089300,-2.361300,50.958801,188,199,183,floor,1
12.093700,-2.355000,50.959099,188,201,181,floor,1
10.547700,-2.327100,50.907398,98,61,69,floor,1
10.800800,-2.221300,51.464199,203,201,175,floor,1
10.465500,-2.373400,50.729000,196,173,132,floor,1
10.474100,-2.377500,50.730099,198,169,134,floor,1
10.464600,-2.385200,50.729198,200,171,135,floor,1
10.475100,-2.391300,50.730000,198,169,134,floor,1
10.474800,-2.397700,50.730099,200,170,135,floor,1
10.483400,-2.406200,50.731201,199,170,138,floor,1
10.478600,-2.411100,50.730701,199,168,134,floor,1
10.487900,-2.412100,50.731800,198,170,133,floor,1
10.499700,-2.432300,50.733601,195,171,134,floor,1
10.504500,-2.433900,50.734100,192,170,132,floor,1
10.505300,-2.438100,50.734001,197,169,132,floor,1
10.505200,-2.447900,50.734100,195,167,132,floor,1
10.513700,-2.449200,50.735298,197,172,136,floor,1
10.513400,-2.457900,50.735401,198,168,137,floor,1
10.518300,-2.458500,50.735901,195,170,137,floor,1
10.523100,-2.467800,50.736401,197,167,141,floor,1
10.531500,-2.478000,50.737701,193,168,139,floor,1
10.527500,-2.486000,50.737000,194,166,132,floor,1
10.537000,-2.486300,50.738201,194,167,143,floor,1
10.540000,-2.491600,50.738998,195,166,138,floor,1
10.532200,-2.505200,50.737701,190,165,133,floor,1
10.546000,-2.504300,50.739498,190,165,133,floor,1
10.545900,-2.515300,50.739498,188,164,133,floor,1
10.554000,-2.521400,50.740700,186,163,135,floor,1
10.557900,-2.524400,50.741501,187,166,133,floor,1
10.558500,-2.531000,50.741501,184,161,136,floor,1
10.571500,-2.538100,50.743401,185,163,138,floor,1
10.576500,-2.542300,50.743900,185,165,140,floor,1
10.581100,-2.546600,50.744598,182,164,140,floor,1
10.580900,-2.548800,50.744598,181,163,140,floor,1
10.581400,-2.560000,50.744598,176,160,139,floor,1
10.586100,-2.562000,50.745300,175,161,140,floor,1
10.591700,-2.580900,50.745899,166,152,124,floor,1
10.606200,-2.578300,50.747700,167,154,123,floor,1
10.605400,-2.583900,50.747799,166,155,128,floor,1
10.610200,-2.590600,50.748501,164,157,127,floor,1
10.610300,-2.596300,50.748501,166,156,121,floor,1
10.619600,-2.596100,50.749802,168,155,126,floor,1
10.624800,-2.602900,50.750401,167,157,127,floor,1
10.629300,-2.606200,50.751099,167,157,132,floor,1
10.634400,-2.607300,50.751801,166,156,132,floor,1
10.630500,-2.614200,50.750999,167,158,118,floor,1
10.643500,-2.617600,50.753201,170,157,125,floor,1
10.644400,-2.618700,50.753101,170,158,127,floor,1
10.645000,-2.632600,50.753101,162,157,123,floor,1
10.650300,-2.637200,50.753799,163,157,125,floor,1
10.660300,-2.639600,50.755100,165,156,122,floor,1
10.666000,-2.639600,50.755699,165,158,124,floor,1
10.676500,-2.650200,50.757099,168,156,123,floor,1
10.671700,-2.656000,50.756401,160,152,123,floor,1
10.687600,-2.663300,50.758499,169,155,119,floor,1
10.715000,-2.694400,50.763901,156,152,133,floor,1
10.719000,-2.697900,50.764198,153,146,133,floor,1
10.727700,-2.694300,50.765701,158,153,136,floor,1
10.731700,-2.701200,50.767101,155,147,136,floor,1
10.736800,-2.705200,50.767101,161,152,136,floor,1
10.738100,-2.707800,50.767502,155,147,137,floor,1
10.746200,-2.705100,50.768700,159,155,136,floor,1
10.751300,-2.711100,50.768398,158,152,140,floor,1
10.755100,-2.712800,50.768700,170,167,137,floor,1
10.758300,-2.721300,50.769699,161,158,140,floor,1
10.763700,-2.723300,50.770000,172,168,134,floor,1
10.771900,-2.724800,50.771000,172,170,134,floor,1
10.774000,-2.726500,50.772598,163,162,140,floor,1
10.779900,-2.728200,50.771999,172,168,135,floor,1
10.787100,-2.734200,50.773201,163,163,147,floor,1
10.790100,-2.737400,50.774799,164,163,149,floor,1
10.798200,-2.739700,50.776001,167,164,144,floor,1
10.797000,-2.747300,50.774502,165,165,150,floor,1
10.803500,-2.747400,50.775501,166,166,150,floor,1
10.809000,-2.751200,50.778900,164,145,124,floor,1
10.813300,-2.750400,50.777302,168,165,146,floor,1
10.821000,-2.757100,50.780399,167,157,134,floor,1
10.826000,-2.755600,50.780499,169,167,151,floor,1
10.826000,-2.763700,50.780399,169,168,150,floor,1
10.835000,-2.763600,50.780701,169,170,152,floor,1
10.841100,-2.766100,50.782200,170,172,151,floor,1
10.844500,-2.766100,50.783401,170,172,151,floor,1
10.849100,-2.770500,50.783001,172,175,158,floor,1
10.856100,-2.776700,50.783699,174,176,159,floor,1
10.856400,-2.787400,50.784401,174,177,159,floor,1
10.862000,-2.780400,50.784901,178,181,165,floor,1
10.868400,-2.781800,50.785198,184,185,166,floor,1
10.877100,-2.787100,50.786098,185,188,166,floor,1
10.882300,-2.786300,50.789001,181,185,160,floor,1
10.883500,-2.792300,50.787102,187,189,167,floor,1
10.891200,-2.790300,50.789299,186,192,167,floor,1
10.897500,-2.793700,50.790298,189,195,168,floor,1
10.898800,-2.800100,50.790100,190,194,173,floor,1
10.906700,-2.798100,50.792702,188,193,173,floor,1
10.910600,-2.801000,50.791500,193,183,167,floor,1
10.916400,-2.802400,50.791801,195,199,176,floor,1
10.922500,-2.804600,50.793598,183,183,168,floor,1
10.924000,-2.810200,50.793499,189,195,172,floor,1
10.940100,-2.801200,50.818401,36,50,61,floor,1
10.941000,-2.804600,50.817402,42,56,62,floor,1
10.947000,-2.809500,50.824402,31,35,50,floor,1
10.952400,-2.808700,50.820099,69,69,93,floor,1
10.964500,-2.825700,50.813099,45,54,67,floor,1
10.966800,-2.830100,50.812599,176,176,167,floor,1
10.975300,-2.824600,50.813099,185,193,169,floor,1
10.986500,-2.833100,50.816200,184,190,171,floor,1
10.991800,-2.833300,50.817699,194,207,191,floor,1
10.998700,-2.829400,50.816502,176,184,164,floor,1
11.004500,-2.829200,50.816898,174,184,167,floor,1
11.016800,-2.831600,50.820202,174,187,166,floor,1
11.023600,-2.834100,50.820499,169,176,161,floor,1
11.029200,-2.836700,50.821899,175,183,167,floor,1
11.030700,-2.839200,50.820702,179,187,171,floor,1
11.032200,-2.848000,50.821400,167,172,160,floor,1
11.054200,-2.845300,50.823601,159,172,153,floor,1
11.055600,-2.846800,50.824299,177,184,162,floor,1
11.061800,-2.846800,50.826099,174,184,162,floor,1
11.068700,-2.850200,50.826199,174,182,164,floor,1
11.075000,-2.853500,50.827900,173,182,165,floor,1
11.078200,-2.860100,50.828201,173,182,167,floor,1
11.087900,-2.853600,50.830002,173,183,166,floor,1
11.092400,-2.856700,50.829498,166,179,161,floor,1
11.097400,-2.853700,50.831799,173,184,163,floor,1
11.102400,-2.858500,50.830299,176,186,173,floor,1
11.105800,-2.867500,50.830700,168,178,164,floor,1
11.113200,-2.860400,50.834999,173,187,163,floor,1
11.119900,-2.858000,50.834000,173,185,167,floor,1
11.121800,-2.863700,50.834499,180,196,174,floor,1
11.127700,-2.863100,50.833199,174,187,170,floor,1
11.133900,-2.862900,50.835899,173,187,170,floor,1
11.143400,-2.861800,50.837799,173,183,170,floor,1
11.145300,-2.862600,50.837399,178,189,173,floor,1
11.150900,-2.867700,50.838600,181,193,175,floor,1
11.161800,-2.869300,50.838799,175,184,163,floor,1
11.166700,-2.867000,50.851200,143,154,150,floor,1
11.191600,-2.883000,50.829800,128,134,130,floor,1
11.203800,-2.874400,50.832901,42,62,66,floor,1
11.208800,-2.878300,50.835098,178,189,166,floor,1
11.211700,-2.877200,50.834000,183,193,172,floor,1
11.215700,-2.876600,50.835999,133,146,149,floor,1
11.222000,-2.875100,50.836700,187,196,176,floor,1
11.228400,-2.875100,50.838100,188,197,176,floor,1
11.232000,-2.888400,50.837700,187,195,173,floor,1
11.243000,-2.879300,50.838902,180,190,174,floor,1
11.248100,-2.875900,50.838799,182,191,176,floor,1
11.252100,-2.879600,50.839699,180,190,174,floor,1
11.265500,-2.876500,50.841702,180,192,175,floor,1
11.269600,-2.880900,50.841400,182,186,171,floor,1
11.271200,-2.882200,50.843800,183,192,171,floor,1
11.278200,-2.878100,50.843800,184,187,170,floor,1
11.283400,-2.877100,50.844002,180,192,175,floor,1
11.289200,-2.877800,50.845299,182,188,165,floor,1
11.297000,-2.881100,50.846500,178,191,176,floor,1
11.300000,-2.877500,50.846699,180,187,167,floor,1
11.309300,-2.877600,50.848900,180,188,168,floor,1
11.310600,-2.882600,50.848202,184,187,170,floor,1
11.319500,-2.878300,50.850101,179,191,176,floor,1
11.324700,-2.871100,50.860199,182,182,162,floor,1
11.327100,-2.876100,50.851700,183,188,171,floor,1
11.334100,-2.877900,50.853500,179,187,169,floor,1
11.338000,-2.875400,50.852200,180,191,174,floor,1
11.346900,-2.879200,50.853298,177,190,173,floor,1
11.353600,-2.878200,50.855598,179,186,167,floor,1
11.356500,-2.873100,50.855999,183,186,174,floor,1
11.365200,-2.872400,50.857800,179,186,168,floor,1
11.366500,-2.883200,50.857300,181,185,167,floor,1
11.371400,-2.878300,50.858398,178,186,166,floor,1
11.377800,-2.872500,50.859402,179,186,165,floor,1
11.382800,-2.873300,50.859001,179,188,174,floor,1
11.392900,-2.876800,50.860500,181,186,166,floor,1
11.384200,-2.720900,51.160599,145,124,120,floor,1
11.389600,-2.720900,51.160599,160,133,130,floor,1
11.801000,-2.688400,50.939602,108,100,101,floor,1
11.806500,-2.685800,50.939800,112,104,103,floor,1
11.821500,-2.685500,50.941101,113,108,107,floor,1
11.829100,-2.684200,50.933300,116,112,109,floor,1
11.833000,-2.679500,50.921700,125,126,122,floor,1
11.841100,-2.678100,50.923000,126,126,124,floor,1
11.841800,-2.674400,50.923801,126,130,124,floor,1
11.846700,-2.667100,50.923698,131,131,127,floor,1
11.848600,-2.662200,50.923901,133,134,130,floor,1
11.852700,-2.658500,50.924599,134,135,133,floor,1
11.854500,-2.658500,50.924702,134,135,133,floor,1
11.860700,-2.651100,50.925999,135,136,131,floor,1
11.866000,-2.654700,50.926498,134,135,130,floor,1
11.866400,-2.645100,50.926899,134,137,137,floor,1
11.873800,-2.643800,50.927799,135,138,139,floor,1
11.879600,-2.642600,50.928600,135,138,138,floor,1
11.879600,-2.637800,50.928600,139,143,141,floor,1
11.883800,-2.630600,50.929600,141,144,140,floor,1
11.887600,-2.629400,50.930199,142,145,140,floor,1
11.890800,-2.624600,50.930302,144,145,143,floor,1
11.900600,-2.624600,50.932098,145,145,141,floor,1
11.898800,-2.616300,50.931801,144,148,147,floor,1
11.905800,-2.621100,50.932400,145,146,139,floor,1
11.906400,-2.614000,50.933102,146,147,147,floor,1
11.911300,-2.609300,50.933201,146,149,144,floor,1
11.913500,-2.602200,50.933899,146,152,148,floor,1
11.915600,-2.596300,50.934399,150,154,149,floor,1
11.917600,-2.595100,50.934700,149,152,152,floor,1
11.925000,-2.591700,50.936001,150,155,148,floor,1
11.926700,-2.584700,50.936100,151,155,151,floor,1
11.929800,-2.581200,50.935902,151,157,153,floor,1
11.936200,-2.583700,50.937698,151,155,152,floor,1
11.937400,-2.572000,50.937302,156,158,156,floor,1
11.942700,-2.569700,50.937901,158,159,158,floor,1
11.946900,-2.565200,50.939098,160,164,160,floor,1
11.950500,-2.561800,50.939602,162,166,164,floor,1
11.959100,-2.562000,50.940498,160,166,159,floor,1
11.952800,-2.553700,50.940300,165,172,164,floor,1
11.958100,-2.551600,50.941101,164,172,163,floor,1
11.963000,-2.544700,50.941299,161,169,163,floor,1
11.965000,-2.544800,50.941700,162,171,163,floor,1
11.971600,-2.541500,50.942299,165,172,163,floor,1
11.971800,-2.531200,50.942402,171,179,170,floor,1
11.979700,-2.525700,50.944401,179,189,178,floor,1
11.983000,-2.524700,50.944698,180,189,178,floor,1
11.986300,-2.519100,50.944901,185,192,178,floor,1
11.986700,-2.512200,50.945400,186,197,183,floor,1
11.991300,-2.507800,50.945202,185,195,179,floor,1
11.993400,-2.502200,50.945801,185,196,182,floor,1
11.996600,-2.497700,50.945801,187,195,184,floor,1
12.002900,-2.498100,50.948002,186,195,182,floor,1
12.002000,-2.491200,50.946899,186,197,180,floor,1
12.002400,-2.486700,50.947399,187,197,181,floor,1
12.009900,-2.487000,50.947399,187,196,180,floor,1
12.010500,-2.478000,50.948101,186,197,180,floor,1
12.012200,-2.474600,50.948200,189,198,181,floor,1
12.015400,-2.465900,50.952000,200,208,186,floor,1
12.018900,-2.461700,50.954300,183,190,168,floor,1
12.021000,-2.458400,50.954899,176,182,158,floor,1
12.022600,-2.456300,50.955101,175,182,158,floor,1
12.025900,-2.452000,50.955601,176,181,159,floor,1
12.029600,-2.445400,50.956402,172,181,158,floor,1
12.029700,-2.442100,50.956501,172,181,158,floor,1
12.036500,-2.435800,50.957600,169,176,150,floor,1
12.036600,-2.430200,50.957699,171,176,155,floor,1
12.043600,-2.429500,50.957401,159,167,153,floor,1
12.040100,-2.421400,50.958401,167,173,150,floor,1
12.046700,-2.418300,50.956001,146,152,141,floor,1
12.046600,-2.411600,50.957500,153,156,149,floor,1
12.050300,-2.411600,50.953400,166,174,157,floor,1
12.055600,-2.408700,50.954399,185,194,176,floor,1
12.059000,-2.405600,50.955002,187,196,174,floor,1
12.056400,-2.398500,50.953602,186,195,177,floor,1
12.059200,-2.393200,50.955200,187,197,175,floor,1
12.063500,-2.390100,50.955101,186,198,180,floor,1
12.065000,-2.382400,50.955200,185,198,177,floor,1
12.066600,-2.380300,50.955399,185,198,181,floor,1
12.073500,-2.375400,50.956902,191,197,186,floor,1
12.070100,-2.370500,50.956200,188,198,184,floor,1
12.074400,-2.363000,50.956100,188,200,183,floor,1
12.075100,-2.358600,50.957001,188,200,185,floor,1
12.076500,-2.356500,50.957100,189,202,185,floor,1
10.809800,-2.222500,51.459900,194,191,163,floor,1
10.578700,-2.328600,50.942200,111,74,73,floor,1
10.477200,-2.379200,50.730801,198,169,136,floor,1
10.491400,-2.380400,50.732300,199,169,141,floor,1
10.495700,-2.387400,50.732800,199,172,136,floor,1
10.494600,-2.391900,50.733002,197,171,137,floor,1
10.499600,-2.397700,50.733501,200,169,139,floor,1
10.495900,-2.403600,50.732800,199,170,139,floor,1
10.500000,-2.407400,50.733501,198,171,136,floor,1
10.508500,-2.408500,50.734699,198,170,139,floor,1
10.509500,-2.419300,50.734600,197,169,135,floor,1
10.513500,-2.423200,50.735298,197,172,134,floor,1
10.514100,-2.428500,50.735199,194,172,136,floor,1
10.518600,-2.430200,50.735802,196,169,137,floor,1
10.522200,-2.439600,50.736401,199,172,141,floor,1
10.527000,-2.442400,50.736900,197,173,139,floor,1
10.522000,-2.449400,50.736500,198,170,136,floor,1
10.526400,-2.456700,50.737099,197,170,138,floor,1
10.531500,-2.459500,50.737598,195,170,138,floor,1
10.536400,-2.460100,50.738201,195,171,139,floor,1
10.544900,-2.472500,50.739498,195,166,138,floor,1
10.536600,-2.479800,50.738201,195,168,136,floor,1
10.540400,-2.486000,50.738899,194,167,144,floor,1
10.553200,-2.488400,50.740700,198,168,139,floor,1
10.558200,-2.491300,50.741402,198,167,138,floor,1
10.558300,-2.497900,50.741402,192,167,134,floor,1
10.562200,-2.498800,50.742100,192,168,135,floor,1
10.566700,-2.502900,50.742699,190,168,136,floor,1
10.571700,-2.510300,50.743301,184,166,136,floor,1
10.572200,-2.513700,50.743198,186,167,132,floor,1
10.572400,-2.520300,50.743198,187,166,133,floor,1
10.571700,-2.525900,50.743301,187,166,137,floor,1
10.581100,-2.531000,50.744499,185,165,139,floor,1
10.590900,-2.537200,50.745800,184,166,141,floor,1
10.595200,-2.541500,50.746498,183,165,136,floor,1
10.590900,-2.549500,50.745800,182,165,138,floor,1
10.605300,-2.551200,50.747700,183,166,143,floor,1
10.605500,-2.555700,50.747700,180,166,144,floor,1
10.610500,-2.558900,50.748299,179,167,138,floor,1
10.605600,-2.572600,50.747799,167,156,127,floor,1
10.614100,-2.573500,50.749100,170,157,131,floor,1
10.615200,-2.579200,50.749001,167,155,127,floor,1
10.625000,-2.574300,50.750301,168,156,129,floor,1
10.624800,-2.582400,50.750301,167,157,122,floor,1
10.629200,-2.586800,50.751099,169,158,123,floor,1
10.633600,-2.594800,50.751801,167,157,128,floor,1
10.638700,-2.594600,50.752499,168,159,130,floor,1
10.638800,-2.602700,50.752499,167,158,129,floor,1
10.648700,-2.600300,50.753799,168,158,130,floor,1
10.654800,-2.607100,50.754398,169,161,136,floor,1
10.653500,-2.609500,50.754601,168,160,132,floor,1
10.659600,-2.611700,50.755100,167,160,129,floor,1
10.664800,-2.621000,50.755798,171,159,128,floor,1
10.661000,-2.630300,50.755001,165,160,124,floor,1
10.670500,-2.625700,50.756401,166,161,132,floor,1
10.676200,-2.630300,50.757099,171,160,130,floor,1
10.680400,-2.633800,50.757900,173,157,131,floor,1
10.680500,-2.639700,50.757900,166,160,125,floor,1
10.686300,-2.648000,50.758598,166,153,124,floor,1
10.687100,-2.652700,50.758499,160,158,117,floor,1
10.737900,-2.697000,50.766201,166,162,144,floor,1
10.751000,-2.693100,50.768200,174,170,149,floor,1
10.751100,-2.698500,50.768299,172,168,143,floor,1
10.761600,-2.702200,50.770699,163,160,142,floor,1
10.768600,-2.701700,50.771000,171,168,137,floor,1
10.770500,-2.704600,50.772301,162,163,145,floor,1
10.768600,-2.714200,50.771000,172,167,135,floor,1
10.780200,-2.715600,50.774101,163,164,141,floor,1
10.785800,-2.715500,50.773399,164,164,143,floor,1
10.782900,-2.723700,50.773602,164,163,142,floor,1
10.791700,-2.726300,50.773602,165,164,143,floor,1
10.796900,-2.727700,50.775002,164,166,146,floor,1
10.798200,-2.731600,50.776100,166,165,145,floor,1
10.807100,-2.739600,50.776299,167,165,146,floor,1
10.817100,-2.736800,50.779301,168,168,147,floor,1
10.821200,-2.745500,50.780201,168,158,135,floor,1
10.827500,-2.745600,50.781300,168,161,135,floor,1
10.828900,-2.752800,50.780300,169,169,153,floor,1
10.832600,-2.754000,50.780499,171,172,155,floor,1
10.842300,-2.754000,50.782700,171,173,155,floor,1
10.851400,-2.763000,50.785198,166,169,143,floor,1
10.855700,-2.757400,50.783001,174,177,161,floor,1
10.859300,-2.771200,50.784599,178,178,160,floor,1
10.866000,-2.768400,50.786400,181,182,163,floor,1
10.877200,-2.768200,50.786598,186,187,169,floor,1
10.883500,-2.773500,50.787300,186,189,169,floor,1
10.891300,-2.780500,50.789200,187,191,168,floor,1
10.892700,-2.789500,50.788799,187,191,169,floor,1
10.901600,-2.789300,50.789902,193,196,172,floor,1
10.907900,-2.786500,50.791199,195,200,176,floor,1
10.910800,-2.791800,50.791401,194,199,175,floor,1
10.919500,-2.792400,50.793701,192,198,176,floor,1
10.924000,-2.793800,50.793598,190,196,171,floor,1
10.926100,-2.796800,50.794601,190,198,170,floor,1
10.933600,-2.800400,50.795502,181,188,162,floor,1
10.940400,-2.794400,50.822800,55,65,81,floor,1
10.950300,-2.786700,50.824902,48,64,81,floor,1
10.955100,-2.795400,50.819801,73,73,101,floor,1
10.955000,-2.800800,50.819401,72,73,100,floor,1
10.964700,-2.802000,50.813000,45,57,70,floor,1
10.966500,-2.800200,50.813999,107,110,112,floor,1
10.973200,-2.802200,50.813702,165,170,163,floor,1
10.976600,-2.809100,50.814899,192,199,183,floor,1
10.999300,-2.816900,50.817902,179,187,168,floor,1
11.004700,-2.813300,50.817799,184,195,175,floor,1
11.006600,-2.823400,50.818802,170,181,163,floor,1
11.015800,-2.816900,50.818699,159,175,155,floor,1
11.016200,-2.823500,50.820301,175,182,168,floor,1
11.023700,-2.823900,50.820499,165,175,161,floor,1
11.032300,-2.823600,50.822899,175,183,164,floor,1
11.032400,-2.830200,50.822498,172,181,161,floor,1
11.042200,-2.828400,50.822300,174,183,166,floor,1
11.052100,-2.833600,50.825001,174,182,162,floor,1
11.058400,-2.833700,50.826000,175,184,167,floor,1
11.066900,-2.832000,50.825901,166,178,159,floor,1
11.075000,-2.837100,50.827900,175,183,172,floor,1
11.079300,-2.840700,50.826900,180,187,171,floor,1
11.084800,-2.840500,50.829498,176,186,171,floor,1
11.091200,-2.843800,50.830601,174,184,169,floor,1
11.091200,-2.848300,50.829399,172,186,168,floor,1
11.099500,-2.840200,50.830002,173,188,171,floor,1
11.108500,-2.840200,50.834202,178,196,175,floor,1
11.113300,-2.840600,50.834900,178,188,169,floor,1
11.114000,-2.845100,50.832901,176,188,172,floor,1
11.123600,-2.847300,50.835602,173,186,168,floor,1
11.126200,-2.854300,50.835098,166,177,164,floor,1
11.131400,-2.844600,50.837002,178,191,177,floor,1
11.138800,-2.847800,50.837399,163,178,166,floor,1
11.143700,-2.847900,50.837502,165,180,166,floor,1
11.149700,-2.854100,50.839298,179,188,165,floor,1
11.156300,-2.848300,50.839699,173,185,171,floor,1
11.162300,-2.849100,50.840900,186,196,174,floor,1
11.165600,-2.847100,50.855202,139,148,144,floor,1
11.171700,-2.856600,50.844200,45,49,55,floor,1
11.197500,-2.864600,50.831799,151,159,144,floor,1
11.202400,-2.861700,50.833801,164,173,152,floor,1
11.209400,-2.864800,50.835098,87,100,110,floor,1
11.212400,-2.860800,50.834499,187,194,178,floor,1
11.220100,-2.861400,50.835300,188,196,176,floor,1
11.223000,-2.861300,50.835800,187,195,174,floor,1
11.228500,-2.861200,50.836700,187,195,175,floor,1
11.234100,-2.863700,50.836498,185,192,172,floor,1
11.240000,-2.873900,50.837799,184,191,169,floor,1
11.248400,-2.872100,50.840199,186,194,173,floor,1
11.254700,-2.865500,50.841099,184,194,173,floor,1
11.257900,-2.865500,50.842300,184,194,172,floor,1
11.265600,-2.862500,50.841599,182,195,179,floor,1
11.271300,-2.862300,50.843601,184,194,172,floor,1
11.275400,-2.865200,50.843300,182,187,173,floor,1
11.278200,-2.862400,50.843300,184,194,170,floor,1
11.286400,-2.870100,50.845001,183,186,171,floor,1
11.289400,-2.863600,50.841801,188,193,177,floor,1
11.297500,-2.862600,50.847698,183,192,170,floor,1
11.301100,-2.862600,50.847198,183,192,170,floor,1
11.308400,-2.866900,50.848202,183,188,167,floor,1
11.310900,-2.872100,50.847900,183,185,167,floor,1
11.319500,-2.861500,50.850399,183,185,161,floor,1
11.324600,-2.863500,50.859901,182,183,159,floor,1
11.327300,-2.862900,50.851200,183,192,170,floor,1
11.333600,-2.859600,50.853001,182,191,169,floor,1
11.340900,-2.860400,50.853500,184,188,166,floor,1
11.346800,-2.868600,50.853401,183,190,178,floor,1
11.364900,-2.869200,50.856201,182,189,175,floor,1
11.373900,-2.858900,50.857399,182,189,177,floor,1
11.380100,-2.856800,50.858101,184,186,173,floor,1
11.386200,-2.863500,50.860100,183,186,170,floor,1
11.393000,-2.853600,50.860100,183,187,168,floor,1
11.399700,-2.853700,50.861401,181,189,170,floor,1
11.403300,-2.853700,50.861000,180,188,167,floor,1
11.409100,-2.863700,50.863300,181,185,166,floor,1
11.778300,-2.692700,50.936100,108,95,95,floor,1
11.784400,-2.690100,50.936901,111,98,98,floor,1
11.786700,-2.686300,50.937500,110,103,95,floor,1
11.791200,-2.687400,50.938400,111,102,99,floor,1
11.804700,-2.683700,50.924198,115,116,115,floor,1
11.809900,-2.680000,50.919201,126,125,121,floor,1
11.809800,-2.676300,50.919102,127,128,121,floor,1
11.816100,-2.672500,50.920101,129,130,125,floor,1
11.826000,-2.674800,50.921501,129,129,126,floor,1
11.824000,-2.669900,50.921200,131,131,131,floor,1
11.829300,-2.666200,50.921398,132,131,132,floor,1
11.831600,-2.663700,50.921902,133,132,134,floor,1
11.837300,-2.655100,50.922600,134,132,134,floor,1
11.841200,-2.657500,50.923100,133,134,135,floor,1
11.845100,-2.648900,50.923801,134,137,137,floor,1
11.849400,-2.647600,50.924702,134,139,135,floor,1
11.852900,-2.647600,50.924801,135,137,135,floor,1
11.853800,-2.640300,50.925701,136,139,136,floor,1
11.859400,-2.635500,50.926399,142,144,140,floor,1
11.863200,-2.631800,50.926701,144,144,140,floor,1
11.865200,-2.629400,50.927101,144,144,140,floor,1
11.872500,-2.627000,50.927898,144,145,143,floor,1
11.873100,-2.621000,50.928600,145,147,145,floor,1
11.878600,-2.616200,50.929298,146,148,146,floor,1
11.882400,-2.615100,50.929798,146,148,146,floor,1
11.883800,-2.611500,50.929600,146,149,147,floor,1
11.890300,-2.606700,50.931301,144,153,147,floor,1
11.895800,-2.603200,50.931999,146,154,149,floor,1
11.897700,-2.597300,50.932301,150,154,147,floor,1
11.901300,-2.593800,50.932701,149,154,147,floor,1
11.908600,-2.596200,50.933601,149,154,142,floor,1
11.906900,-2.587900,50.933601,151,157,150,floor,1
11.911000,-2.582100,50.934502,151,157,146,floor,1
11.915500,-2.579800,50.934200,151,158,145,floor,1
11.919100,-2.576300,50.934502,150,158,148,floor,1
11.921000,-2.576300,50.935001,151,158,148,floor,1
11.922800,-2.570500,50.935200,153,159,155,floor,1
11.927000,-2.567000,50.936199,157,164,154,floor,1
11.930500,-2.561200,50.936600,161,165,158,floor,1
11.937800,-2.560300,50.937698,161,168,162,floor,1
11.937700,-2.554400,50.937500,162,170,162,floor,1
11.943600,-2.549900,50.938702,164,171,163,floor,1
11.945800,-2.545300,50.939400,165,171,163,floor,1
11.952400,-2.546700,50.939899,163,169,164,floor,1
11.950700,-2.536200,50.939800,168,175,167,floor,1
11.954500,-2.534000,50.940399,171,175,167,floor,1
11.961900,-2.531900,50.941799,175,180,172,floor,1
11.959500,-2.526000,50.940899,178,188,175,floor,1
11.965000,-2.519300,50.941700,185,193,179,floor,1
11.966900,-2.519400,50.942101,184,192,178,floor,1
11.972000,-2.513800,50.942600,188,198,183,floor,1
11.981100,-2.513100,50.944302,187,197,182,floor,1
11.977800,-2.503700,50.944000,186,194,182,floor,1
11.979300,-2.501500,50.943901,189,195,183,floor,1
11.986400,-2.496100,50.944901,187,196,183,floor,1
11.990000,-2.492800,50.945499,188,196,180,floor,1
11.997000,-2.494300,50.946201,187,196,184,floor,1
11.991900,-2.483700,50.945801,186,196,177,floor,1
11.994000,-2.477000,50.946400,188,199,179,floor,1
11.997300,-2.476000,50.946499,187,198,183,floor,1
12.002300,-2.469400,50.947201,167,174,158,floor,1
12.009400,-2.467700,50.950100,168,173,156,floor,1
12.003700,-2.458400,50.952000,170,176,154,floor,1
12.011100,-2.456800,50.955502,147,150,127,floor,1
12.014100,-2.458100,50.955502,173,178,155,floor,1
12.012100,-2.445200,50.953098,175,180,158,floor,1
12.013500,-2.445300,50.952999,175,180,157,floor,1
12.018900,-2.436900,50.957600,177,180,159,floor,1
12.020300,-2.432400,50.957500,180,180,159,floor,1
12.023700,-2.428100,50.957901,152,152,139,floor,1
12.022500,-2.426900,50.958302,178,178,165,floor,1
12.024800,-2.421400,50.957600,146,147,133,floor,1
12.030000,-2.414800,50.956799,173,180,160,floor,1
12.038700,-2.414500,50.958500,170,176,157,floor,1
12.039900,-2.410000,50.958199,167,172,152,floor,1
12.040900,-2.404400,50.957600,160,168,151,floor,1
12.039600,-2.398600,50.957802,164,172,149,floor,1
12.044900,-2.393300,50.957100,156,163,144,floor,1
12.045400,-2.387700,50.957699,155,164,147,floor,1
12.046400,-2.386500,50.955502,139,148,130,floor,1
12.056000,-2.386100,50.954899,185,198,179,floor,1
12.054200,-2.379100,50.954300,180,189,173,floor,1
12.054300,-2.372300,50.954399,184,196,178,floor,1
12.058800,-2.370400,50.954700,186,198,183,floor,1
12.065500,-2.365500,50.955700,188,198,185,floor,1
12.062200,-2.357200,50.955299,186,199,182,floor,1
12.066700,-2.353100,50.955502,188,200,186,floor,1
10.814100,-2.221400,51.466400,201,200,174,floor,1
10.503000,-2.365700,50.734001,200,172,141,floor,1
10.591500,-2.327300,50.940201,40,32,56,floor,1
10.495200,-2.378800,50.732800,200,172,141,floor,1
10.507900,-2.381400,50.734699,199,172,141,floor,1
10.507000,-2.387000,50.734798,197,173,138,floor,1
10.502600,-2.395200,50.734200,203,170,141,floor,1
10.511800,-2.394000,50.735401,200,170,141,floor,1
10.517600,-2.399800,50.735802,197,170,133,floor,1
10.518000,-2.405200,50.735699,199,172,137,floor,1
10.525300,-2.406500,50.737000,198,172,138,floor,1
10.522400,-2.418900,50.736401,199,171,135,floor,1
10.530300,-2.422300,50.737598,198,173,136,floor,1
10.535300,-2.426200,50.738201,201,170,141,floor,1
10.536000,-2.430500,50.738098,197,173,135,floor,1
10.540600,-2.433300,50.738701,194,170,135,floor,1
10.540500,-2.443200,50.738800,197,173,138,floor,1
10.540600,-2.445400,50.738800,196,169,147,floor,1
10.549000,-2.449000,50.739899,198,170,143,floor,1
10.545500,-2.454900,50.739300,195,172,140,floor,1
10.548600,-2.462300,50.740002,196,172,139,floor,1
10.558100,-2.463600,50.741299,199,170,142,floor,1
10.558500,-2.466900,50.741199,197,170,142,floor,1
10.558800,-2.476900,50.741199,196,168,143,floor,1
10.558500,-2.480200,50.741299,195,170,145,floor,1
10.572500,-2.482500,50.743099,196,167,142,floor,1
10.572000,-2.487000,50.743099,196,166,136,floor,1
10.576300,-2.492200,50.743801,193,170,137,floor,1
10.576100,-2.496700,50.743801,192,168,138,floor,1
10.576800,-2.504500,50.743801,191,165,141,floor,1
10.584200,-2.509600,50.745300,190,168,140,floor,1
10.585700,-2.511700,50.745201,190,168,135,floor,1
10.590100,-2.514800,50.745800,188,167,137,floor,1
10.589600,-2.521600,50.745899,190,167,138,floor,1
10.599700,-2.522100,50.747101,189,165,138,floor,1
10.605400,-2.527500,50.747601,187,168,139,floor,1
10.599600,-2.535700,50.747200,185,166,137,floor,1
10.608900,-2.535200,50.748402,185,166,136,floor,1
10.606100,-2.544400,50.747601,183,168,140,floor,1
10.614600,-2.549700,50.748901,184,166,144,floor,1
10.619500,-2.549500,50.749599,186,167,146,floor,1
10.619500,-2.558600,50.749699,181,166,140,floor,1
10.624000,-2.567600,50.750401,173,161,131,floor,1
10.633900,-2.571800,50.751701,170,158,135,floor,1
10.638700,-2.570600,50.752399,171,159,137,floor,1
10.638400,-2.577500,50.752399,165,158,131,floor,1
10.644100,-2.579600,50.752998,167,159,124,floor,1
10.654300,-2.584000,50.754398,169,161,131,floor,1
10.659900,-2.594300,50.755001,166,162,134,floor,1
10.664300,-2.597700,50.755798,171,161,133,floor,1
10.664400,-2.598900,50.755699,173,161,130,floor,1
10.665500,-2.605900,50.755699,168,160,132,floor,1
10.670000,-2.615200,50.756401,171,162,132,floor,1
10.681500,-2.612700,50.757702,169,164,134,floor,1
10.680400,-2.617400,50.757801,168,160,136,floor,1
10.686300,-2.624500,50.758499,168,163,133,floor,1
10.771700,-2.694400,50.770802,173,170,136,floor,1
10.779600,-2.696600,50.772598,163,164,144,floor,1
10.789200,-2.701900,50.774899,166,164,145,floor,1
10.793600,-2.701400,50.775002,163,166,153,floor,1
10.798200,-2.709900,50.776299,165,165,145,floor,1
10.803200,-2.710900,50.777802,153,127,114,floor,1
10.809200,-2.710900,50.778400,160,141,125,floor,1
10.819500,-2.717900,50.778900,169,170,155,floor,1
10.820700,-2.722500,50.780998,167,156,134,floor,1
10.822800,-2.727800,50.778301,168,169,156,floor,1
10.833800,-2.728300,50.782001,163,163,137,floor,1
10.838200,-2.728400,50.782299,171,171,153,floor,1
10.839600,-2.734100,50.783401,164,164,139,floor,1
10.842600,-2.737700,50.781300,170,173,154,floor,1
10.845800,-2.740900,50.782799,171,174,155,floor,1
10.853300,-2.747100,50.783798,174,176,154,floor,1
10.859300,-2.741600,50.784599,177,179,160,floor,1
10.865300,-2.744200,50.784801,181,185,165,floor,1
10.870100,-2.745800,50.787800,176,177,150,floor,1
10.878200,-2.757500,50.786800,186,187,167,floor,1
10.882300,-2.757400,50.789101,179,183,164,floor,1
10.888400,-2.757500,50.790199,184,187,162,floor,1
10.888400,-2.769000,50.790298,184,187,166,floor,1
10.894600,-2.770700,50.789299,191,191,171,floor,1
10.904100,-2.764200,50.791500,193,194,173,floor,1
10.907900,-2.767500,50.790600,194,195,174,floor,1
10.910700,-2.778400,50.791401,194,199,176,floor,1
10.916700,-2.775600,50.792900,194,199,176,floor,1
10.922700,-2.775500,50.793098,192,197,173,floor,1
10.925700,-2.786100,50.793598,193,196,171,floor,1
10.939600,-2.774300,50.819000,41,53,68,floor,1
10.946400,-2.774300,50.820099,102,103,100,floor,1
10.951500,-2.773700,50.820202,45,54,68,floor,1
10.955700,-2.774100,50.821499,71,73,105,floor,1
10.957900,-2.779500,50.819801,69,72,101,floor,1
10.960600,-2.791800,50.812599,56,59,80,floor,1
10.970200,-2.784800,50.814602,194,207,183,floor,1
10.966800,-2.798200,50.812801,184,190,179,floor,1
10.976100,-2.797000,50.816101,186,194,173,floor,1
10.982800,-2.793800,50.816799,187,195,174,floor,1
10.990000,-2.793900,50.815899,186,194,172,floor,1
10.996200,-2.797200,50.817101,182,190,168,floor,1
10.998700,-2.799500,50.816799,169,176,163,floor,1
11.003400,-2.797200,50.818100,174,184,161,floor,1
11.010300,-2.800000,50.818802,177,186,166,floor,1
11.015800,-2.806700,50.818901,171,181,164,floor,1
11.016500,-2.810400,50.819500,183,192,175,floor,1
11.027800,-2.807000,50.821201,168,183,165,floor,1
11.029000,-2.807200,50.822800,180,188,168,floor,1
11.036500,-2.815300,50.821899,182,190,172,floor,1
11.042200,-2.813800,50.824100,179,185,166,floor,1
11.045600,-2.817200,50.824600,175,182,161,floor,1
11.054300,-2.814500,50.823700,163,175,160,floor,1
11.056500,-2.820200,50.824001,176,186,166,floor,1
11.061800,-2.817300,50.826302,173,186,162,floor,1
11.065000,-2.825200,50.825001,173,185,165,floor,1
11.075000,-2.820600,50.828201,170,182,165,floor,1
11.074200,-2.825000,50.827400,175,184,168,floor,1
11.084900,-2.824100,50.828999,175,182,169,floor,1
11.088500,-2.827300,50.829399,174,186,172,floor,1
11.094300,-2.827400,50.831001,172,186,171,floor,1
11.097400,-2.828500,50.831100,178,194,172,floor,1
11.104700,-2.826200,50.832001,166,179,164,floor,1
11.108600,-2.828500,50.834099,177,196,171,floor,1
11.113600,-2.830800,50.834099,174,188,170,floor,1
11.122100,-2.830100,50.834499,169,180,169,floor,1
11.125600,-2.836900,50.835098,176,186,171,floor,1
11.134300,-2.830400,50.837200,171,184,166,floor,1
11.134600,-2.833900,50.836800,173,186,168,floor,1
11.142700,-2.831000,50.839401,175,187,172,floor,1
11.146300,-2.834300,50.839100,176,188,175,floor,1
11.152000,-2.837800,50.839199,174,185,168,floor,1
11.156000,-2.844300,50.840302,178,193,173,floor,1
11.164700,-2.840900,50.846500,185,198,183,floor,1
11.171200,-2.827400,50.858700,37,46,66,floor,1
11.194700,-2.846400,50.831501,146,152,140,floor,1
11.200400,-2.846200,50.832600,158,165,150,floor,1
11.203300,-2.847200,50.833801,63,65,58,floor,1
11.208800,-2.848500,50.835201,182,191,168,floor,1
11.217300,-2.848400,50.835499,190,197,181,floor,1
11.221000,-2.847100,50.835800,186,194,178,floor,1
11.228300,-2.855300,50.838402,189,198,177,floor,1
11.234200,-2.855900,50.836800,186,193,173,floor,1
11.237100,-2.853200,50.837101,186,193,173,floor,1
11.245300,-2.850400,50.839001,184,191,171,floor,1
11.250700,-2.850300,50.839001,184,191,169,floor,1
11.251400,-2.855500,50.841400,185,196,174,floor,1
11.260500,-2.855300,50.841599,182,197,178,floor,1
11.264300,-2.857700,50.841099,184,188,171,floor,1
11.269400,-2.848500,50.842899,184,198,182,floor,1
11.277600,-2.852500,50.840401,192,201,175,floor,1
11.280800,-2.852100,50.844101,182,190,170,floor,1
11.291100,-2.853900,50.846298,183,191,170,floor,1
11.299700,-2.851800,50.845699,182,191,166,floor,1
11.301400,-2.849500,50.847301,183,197,181,floor,1
11.310800,-2.856600,50.847698,183,188,167,floor,1
11.316300,-2.848300,50.849899,184,192,167,floor,1
11.324700,-2.842900,50.860699,181,187,163,floor,1
11.329600,-2.858000,50.848400,113,100,78,floor,1
11.334000,-2.846400,50.851700,185,192,177,floor,1
11.340700,-2.848500,50.853802,184,189,166,floor,1
11.343200,-2.847300,50.852299,182,193,180,floor,1
11.350300,-2.849800,50.854401,183,191,172,floor,1
11.356500,-2.846600,50.855900,184,191,173,floor,1
11.379900,-2.846800,50.858700,184,187,172,floor,1
11.383300,-2.846800,50.858898,184,188,170,floor,1
11.389400,-2.840200,50.860600,183,188,171,floor,1
11.391900,-2.845200,50.860298,182,192,179,floor,1
11.401100,-2.845400,50.861698,182,190,178,floor,1
11.403500,-2.843300,50.862701,180,188,168,floor,1
11.409500,-2.840500,50.862099,181,190,171,floor,1
11.413000,-2.837200,50.862701,182,190,170,floor,1
11.759500,-2.687000,50.933399,103,94,93,floor,1
11.768300,-2.686700,50.935101,105,96,98,floor,1
11.774000,-2.689100,50.935600,111,93,96,floor,1
11.780100,-2.685300,50.934502,111,101,99,floor,1
11.793900,-2.684000,50.923901,121,120,118,floor,1
11.794100,-2.677900,50.917099,128,129,123,floor,1
11.801600,-2.677800,50.917702,127,127,122,floor,1
11.800200,-2.669100,50.917999,130,129,129,floor,1
11.804500,-2.665300,50.918701,133,131,129,floor,1
11.806500,-2.662800,50.918999,133,131,128,floor,1
11.813400,-2.662700,50.919102,132,132,129,floor,1
11.820200,-2.655300,50.920799,134,137,131,floor,1
11.824500,-2.647900,50.921600,131,137,134,floor,1
11.830000,-2.647800,50.922100,134,138,134,floor,1
11.831500,-2.642900,50.921700,134,139,135,floor,1
11.841000,-2.642900,50.922901,134,140,138,floor,1
11.843900,-2.640400,50.924099,137,142,135,floor,1
11.842100,-2.634300,50.924000,144,146,140,floor,1
11.853400,-2.637900,50.925201,140,142,140,floor,1
11.851700,-2.627000,50.925201,145,145,141,floor,1
11.857700,-2.622200,50.926300,147,148,142,floor,1
11.859300,-2.623400,50.926300,146,147,143,floor,1
11.861000,-2.616200,50.926201,146,149,143,floor,1
11.869300,-2.615000,50.928101,147,150,144,floor,1
11.874400,-2.613800,50.928299,146,148,146,floor,1
11.874900,-2.605400,50.928799,147,153,143,floor,1
11.880100,-2.606700,50.929100,145,151,144,floor,1
11.882000,-2.595900,50.929298,150,154,147,floor,1
11.884300,-2.594700,50.930099,150,154,150,floor,1
11.893000,-2.592500,50.930901,150,155,149,floor,1
11.897200,-2.592500,50.931702,149,154,149,floor,1
11.897400,-2.586600,50.931999,149,157,154,floor,1
11.899400,-2.579500,50.932301,150,157,154,floor,1
11.903200,-2.573600,50.932999,152,159,148,floor,1
11.906700,-2.572500,50.933300,154,159,149,floor,1
11.907100,-2.569000,50.933701,156,161,156,floor,1
11.910600,-2.564300,50.933998,158,165,158,floor,1
11.915200,-2.559700,50.933800,159,169,157,floor,1
11.919100,-2.555100,50.934502,161,171,159,floor,1
11.923000,-2.554000,50.935299,163,171,162,floor,1
11.930500,-2.550700,50.936600,165,171,164,floor,1
11.933900,-2.541400,50.936798,165,170,163,floor,1
11.944800,-2.543000,50.938400,165,171,164,floor,1
11.941500,-2.534700,50.938301,167,179,168,floor,1
11.942000,-2.530000,50.938801,175,185,172,floor,1
11.943600,-2.525400,50.938702,180,190,175,floor,1
11.946700,-2.522000,50.938801,183,192,183,floor,1
11.954600,-2.521200,50.940399,180,194,181,floor,1
11.954800,-2.510700,50.940701,185,197,183,floor,1
11.958500,-2.508600,50.941399,185,195,180,floor,1
11.960000,-2.505100,50.941399,187,196,178,floor,1
11.968900,-2.507900,50.942699,188,197,185,floor,1
11.965800,-2.498500,50.942600,188,195,182,floor,1
11.970800,-2.490600,50.943001,186,196,178,floor,1
11.973000,-2.487300,50.943501,185,197,178,floor,1
11.977700,-2.480600,50.943901,186,195,179,floor,1
11.982700,-2.477400,50.944199,187,197,176,floor,1
11.985200,-2.471800,50.945301,185,194,174,floor,1
11.986800,-2.465200,50.948700,224,227,214,floor,1
11.989600,-2.462000,50.950100,178,182,161,floor,1
11.991000,-2.456300,50.950001,170,180,155,floor,1
11.994900,-2.456600,50.950901,171,181,157,floor,1
12.001800,-2.455900,50.951500,169,177,155,floor,1
12.000100,-2.445500,50.951401,175,180,157,floor,1
12.000000,-2.441000,50.953098,170,175,154,floor,1
12.004200,-2.435600,50.954201,186,186,164,floor,1
12.007900,-2.430200,50.955101,171,176,147,floor,1
12.009000,-2.425700,50.954700,170,176,152,floor,1
12.012600,-2.419100,50.955399,169,171,150,floor,1
12.020000,-2.416400,50.957100,175,181,165,floor,1
12.023800,-2.411000,50.957901,138,143,130,floor,1
12.028400,-2.409000,50.956600,169,176,156,floor,1
12.024700,-2.403100,50.957401,146,153,130,floor,1
12.024500,-2.397300,50.957199,142,149,123,floor,1
12.029100,-2.392000,50.957401,171,178,161,floor,1
12.030500,-2.387600,50.957199,173,180,166,floor,1
12.035400,-2.385800,50.957901,171,176,163,floor,1
12.045300,-2.384300,50.957500,151,162,141,floor,1
12.037100,-2.374500,50.958099,169,175,153,floor,1
12.040700,-2.371400,50.957298,162,170,155,floor,1
12.045800,-2.368300,50.956402,152,160,146,floor,1
12.044700,-2.362600,50.956799,159,163,153,floor,1
12.052200,-2.358400,50.953701,175,185,170,floor,1
12.054200,-2.354100,50.954201,183,193,179,floor,1
10.832900,-2.217500,51.477200,194,184,170,floor,1
10.827800,-2.223100,51.461800,192,192,167,floor,1
10.516700,-2.371400,50.735802,199,171,142,floor,1
10.516000,-2.373700,50.735901,199,170,142,floor,1
10.525800,-2.374500,50.736801,199,169,146,floor,1
10.521000,-2.385100,50.736401,197,171,140,floor,1
10.530700,-2.387100,50.737400,197,172,141,floor,1
10.521000,-2.396100,50.736401,199,171,134,floor,1
10.534900,-2.400900,50.738201,197,172,137,floor,1
10.539400,-2.411400,50.738800,197,171,137,floor,1
10.544000,-2.414200,50.739399,197,169,139,floor,1
10.548400,-2.417000,50.739899,196,173,137,floor,1
10.547800,-2.423700,50.740002,200,171,141,floor,1
10.553100,-2.428700,50.740501,197,175,137,floor,1
10.548600,-2.439100,50.739899,197,173,140,floor,1
10.562500,-2.442100,50.741901,196,170,144,floor,1
10.563100,-2.445400,50.741798,197,170,142,floor,1
10.557600,-2.454800,50.741299,195,172,142,floor,1
10.563200,-2.458700,50.741798,197,170,138,floor,1
10.566900,-2.462900,50.742500,197,168,137,floor,1
10.575500,-2.462100,50.743801,195,168,137,floor,1
10.584800,-2.479200,50.745098,196,173,137,floor,1
10.590500,-2.482200,50.745602,193,171,134,floor,1
10.594400,-2.487500,50.746399,195,170,139,floor,1
10.590200,-2.504700,50.745800,189,167,143,floor,1
10.599400,-2.504100,50.747101,190,169,143,floor,1
10.600100,-2.507400,50.747002,190,169,140,floor,1
10.605000,-2.512800,50.747601,192,167,138,floor,1
10.608500,-2.516000,50.748402,192,169,143,floor,1
10.614700,-2.529200,50.748901,188,168,136,floor,1
10.623000,-2.524300,50.750301,187,168,140,floor,1
10.618800,-2.534700,50.749699,186,169,140,floor,1
10.627600,-2.538900,50.751099,185,169,145,floor,1
10.633700,-2.538600,50.751598,187,170,146,floor,1
10.637600,-2.541900,50.752399,188,170,146,floor,1
10.638900,-2.553300,50.752300,185,168,146,floor,1
10.638200,-2.559100,50.752399,181,168,140,floor,1
10.643800,-2.560000,50.752998,180,168,140,floor,1
10.647800,-2.562200,50.753799,179,166,143,floor,1
10.647900,-2.574900,50.753799,169,160,135,floor,1
10.658000,-2.567700,50.755100,178,162,139,floor,1
10.663200,-2.572200,50.755798,172,162,134,floor,1
10.664800,-2.580300,50.755600,170,161,134,floor,1
10.669400,-2.582500,50.756302,172,161,134,floor,1
10.675300,-2.585900,50.757000,169,162,138,floor,1
10.675600,-2.595200,50.757000,171,164,135,floor,1
10.700000,-2.610200,50.760601,168,164,142,floor,1
10.700100,-2.611400,50.760601,169,164,140,floor,1
10.706500,-2.616100,50.761299,170,163,135,floor,1
10.706300,-2.623300,50.761398,169,164,133,floor,1
10.710600,-2.626800,50.762199,167,165,138,floor,1
10.802200,-2.697300,50.775799,175,171,145,floor,1
10.807300,-2.699000,50.777199,165,166,145,floor,1
10.819500,-2.704300,50.778500,166,169,148,floor,1
10.827500,-2.705200,50.781200,165,161,137,floor,1
10.826200,-2.714700,50.779202,169,170,155,floor,1
10.831800,-2.720400,50.780399,168,168,150,floor,1
10.839200,-2.714700,50.781300,171,173,160,floor,1
10.842500,-2.718000,50.782001,172,174,161,floor,1
10.845600,-2.722600,50.783798,165,166,140,floor,1
10.857500,-2.722600,50.786499,169,171,145,floor,1
10.858900,-2.727900,50.784500,179,184,160,floor,1
10.865400,-2.727900,50.785000,182,185,165,floor,1
10.865500,-2.730700,50.785500,183,183,166,floor,1
10.871800,-2.731300,50.786301,186,187,171,floor,1
10.877300,-2.736000,50.786999,186,191,170,floor,1
10.886300,-2.741200,50.787701,185,191,167,floor,1
10.893100,-2.746500,50.790100,189,194,172,floor,1
10.894700,-2.745900,50.791000,187,190,163,floor,1
10.895900,-2.754500,50.790001,192,194,173,floor,1
10.907700,-2.754400,50.791302,194,195,175,floor,1
10.906800,-2.763400,50.792500,189,193,170,floor,1
10.913400,-2.763400,50.792801,190,195,173,floor,1
10.919400,-2.763400,50.793900,191,196,175,floor,1
10.928600,-2.759300,50.794701,186,192,167,floor,1
10.940700,-2.750700,50.822899,163,171,159,floor,1
10.939100,-2.757400,50.819599,46,54,72,floor,1
10.944900,-2.760600,50.819199,94,103,98,floor,1
10.950700,-2.757300,50.823601,47,61,72,floor,1
10.955000,-2.761000,50.819698,66,71,99,floor,1
10.958100,-2.771500,50.820499,71,73,104,floor,1
10.964300,-2.771600,50.814098,120,123,130,floor,1
10.969900,-2.776900,50.813702,197,208,187,floor,1
10.973200,-2.770800,50.814899,197,205,183,floor,1
10.976600,-2.782000,50.815102,199,199,186,floor,1
10.984400,-2.776600,50.815800,187,199,176,floor,1
10.989700,-2.780700,50.817200,188,195,182,floor,1
10.992700,-2.780700,50.817902,188,196,181,floor,1
10.999500,-2.787300,50.817299,186,195,172,floor,1
11.011500,-2.789600,50.818501,167,177,161,floor,1
11.011900,-2.793000,50.818100,168,178,163,floor,1
11.028100,-2.791700,50.821800,189,197,179,floor,1
11.032400,-2.794100,50.822800,179,190,165,floor,1
11.036100,-2.793600,50.822601,167,178,159,floor,1
11.039600,-2.802000,50.822899,174,189,165,floor,1
11.044800,-2.799400,50.821999,174,189,164,floor,1
11.049100,-2.797300,50.824200,165,181,163,floor,1
11.055300,-2.800800,50.825500,175,185,171,floor,1
11.056600,-2.812200,50.824299,180,192,173,floor,1
11.065000,-2.807400,50.827301,177,188,171,floor,1
11.071400,-2.806700,50.827301,173,186,168,floor,1
11.079000,-2.804900,50.828201,175,184,168,floor,1
11.079400,-2.817000,50.827599,176,186,168,floor,1
11.088300,-2.808600,50.829102,172,183,167,floor,1
11.094200,-2.807600,50.831200,179,187,175,floor,1
11.096400,-2.812200,50.830799,164,178,163,floor,1
11.104100,-2.814300,50.833302,179,189,173,floor,1
11.107000,-2.814300,50.834599,178,191,172,floor,1
11.114500,-2.816900,50.835499,179,198,172,floor,1
11.120000,-2.813500,50.834801,180,192,175,floor,1
11.123600,-2.821000,50.835602,172,187,171,floor,1
11.126700,-2.824300,50.836399,173,186,172,floor,1
11.135100,-2.816600,50.836399,166,181,164,floor,1
11.139300,-2.818400,50.836399,175,187,171,floor,1
11.145600,-2.823400,50.838699,176,189,171,floor,1
11.152500,-2.821200,50.840900,182,192,176,floor,1
11.156000,-2.821200,50.840599,186,196,181,floor,1
11.158500,-2.829000,50.841202,184,200,178,floor,1
11.163500,-2.824300,50.851002,184,194,189,floor,1
11.192400,-2.831900,50.832600,78,86,90,floor,1
11.197400,-2.835900,50.831600,157,160,148,floor,1
11.208800,-2.832000,50.835499,183,191,170,floor,1
11.211800,-2.835300,50.835999,188,196,175,floor,1
11.220000,-2.832800,50.835201,192,198,180,floor,1
11.222800,-2.835300,50.835499,191,197,179,floor,1
11.230400,-2.833400,50.836800,188,198,183,floor,1
11.235100,-2.835500,50.839298,189,198,177,floor,1
11.238200,-2.838800,50.839802,187,197,178,floor,1
11.245100,-2.842200,50.839802,186,197,175,floor,1
11.248300,-2.842200,50.840801,186,197,175,floor,1
11.253600,-2.842400,50.840401,185,191,169,floor,1
11.261700,-2.837100,50.841099,187,191,172,floor,1
11.267000,-2.839500,50.841702,185,190,171,floor,1
11.271100,-2.842400,50.844398,186,195,179,floor,1
11.275600,-2.841900,50.844299,182,191,170,floor,1
11.283700,-2.839100,50.844898,184,191,169,floor,1
11.286300,-2.833900,50.845402,186,191,169,floor,1
11.294200,-2.842700,50.846600,185,195,179,floor,1
11.299800,-2.836200,50.846500,185,189,172,floor,1
11.304400,-2.839500,50.847698,186,195,176,floor,1
11.308000,-2.838700,50.847301,184,191,166,floor,1
11.313800,-2.836200,50.849800,186,196,172,floor,1
11.319200,-2.833200,50.849701,180,191,167,floor,1
11.322500,-2.836600,50.851398,184,192,169,floor,1
11.329800,-2.846800,50.848900,112,100,78,floor,1
11.333600,-2.836400,50.851501,180,196,179,floor,1
11.340200,-2.833100,50.853401,188,190,173,floor,1
11.346900,-2.833200,50.854500,187,190,174,floor,1
11.354000,-2.831000,50.854801,187,189,167,floor,1
11.360100,-2.830000,50.855801,185,191,176,floor,1
11.373300,-2.830200,50.857399,184,190,175,floor,1
11.384800,-2.831300,50.859501,182,190,170,floor,1
11.389500,-2.833600,50.860401,183,191,171,floor,1
11.392000,-2.827400,50.860401,182,194,180,floor,1
11.396400,-2.827000,50.860901,183,191,171,floor,1
11.389700,-2.694100,51.159401,142,121,107,floor,1
11.410500,-2.827900,50.862801,185,192,180,floor,1
11.415700,-2.825700,50.864399,183,190,169,floor,1
11.419400,-2.823900,50.863800,181,188,174,floor,1
11.734500,-2.688800,50.930199,112,99,101,floor,1
11.738600,-2.687500,50.930698,110,100,100,floor,1
11.744000,-2.686100,50.930698,108,101,101,floor,1
11.749000,-2.686000,50.931900,107,103,101,floor,1
11.756800,-2.683700,50.915100,120,119,121,floor,1
11.760700,-2.683600,50.915501,122,117,117,floor,1
11.762800,-2.682300,50.912300,127,123,121,floor,1
11.770300,-2.683400,50.916199,122,119,119,floor,1
11.775300,-2.675800,50.914200,129,130,130,floor,1
11.774900,-2.672100,50.913799,129,130,127,floor,1
11.781600,-2.672000,50.915001,127,131,128,floor,1
11.785400,-2.666900,50.915401,132,132,129,floor,1
11.789800,-2.660600,50.916302,135,133,134,floor,1
11.796000,-2.664200,50.917301,132,131,132,floor,1
11.802200,-2.664100,50.918201,132,131,132,floor,1
11.800300,-2.651800,50.918098,136,136,134,floor,1
11.805000,-2.648000,50.919201,137,136,134,floor,1
11.806900,-2.646800,50.919399,137,137,134,floor,1
11.814100,-2.644300,50.919701,136,140,132,floor,1
11.820400,-2.641800,50.921001,136,142,137,floor,1
11.824200,-2.641700,50.921299,136,141,134,floor,1
11.826100,-2.636900,50.921501,140,145,142,floor,1
11.832400,-2.633100,50.922699,141,145,138,floor,1
11.832200,-2.630700,50.922501,141,146,141,floor,1
11.836100,-2.621000,50.923100,144,146,143,floor,1
11.837800,-2.619700,50.923000,146,148,144,floor,1
11.845600,-2.619800,50.924198,145,148,141,floor,1
11.846100,-2.612500,50.924702,147,149,145,floor,1
11.852500,-2.608900,50.925900,147,153,149,floor,1
11.859800,-2.610100,50.926701,146,154,149,floor,1
11.862900,-2.605300,50.926399,146,153,151,floor,1
11.862000,-2.596900,50.927200,151,154,150,floor,1
11.871200,-2.604200,50.928299,148,154,150,floor,1
11.869300,-2.589700,50.928101,154,157,149,floor,1
11.871400,-2.589800,50.928398,153,156,152,floor,1
11.883800,-2.592300,50.929501,146,153,148,floor,1
11.883000,-2.582800,50.930302,152,158,151,floor,1
11.882600,-2.579200,50.929901,151,157,150,floor,1
11.886800,-2.574500,50.931000,155,160,154,floor,1
11.888700,-2.569700,50.931198,157,161,158,floor,1
11.895700,-2.565100,50.931900,161,165,155,floor,1
11.899100,-2.561600,50.931900,163,168,155,floor,1
11.903400,-2.553400,50.933201,163,171,157,floor,1
11.905200,-2.553500,50.933399,162,171,155,floor,1
11.910500,-2.547700,50.933800,163,172,158,floor,1
11.915800,-2.543200,50.934399,163,172,164,floor,1
11.917900,-2.542000,50.934898,164,172,164,floor,1
11.921400,-2.535100,50.935200,170,179,165,floor,1
11.924700,-2.535200,50.935501,170,177,164,floor,1
11.928800,-2.530600,50.936401,174,185,166,floor,1
11.930100,-2.523600,50.936001,181,192,175,floor,1
11.930800,-2.521300,50.936798,182,193,177,floor,1
11.935800,-2.518000,50.937099,186,196,183,floor,1
11.940100,-2.513500,50.938400,184,195,179,floor,1
11.943100,-2.507800,50.938099,188,196,179,floor,1
11.950700,-2.509300,50.939701,187,196,180,floor,1
11.948800,-2.499900,50.939301,188,196,183,floor,1
11.950300,-2.498800,50.939201,187,197,179,floor,1
11.958300,-2.493400,50.941101,186,194,181,floor,1
11.958100,-2.491100,50.940899,188,196,182,floor,1
11.965800,-2.488000,50.942402,188,198,179,floor,1
11.963800,-2.478600,50.941898,187,195,182,floor,1
11.968000,-2.476600,50.943199,187,195,181,floor,1
11.975400,-2.475800,50.942902,188,196,177,floor,1
11.973000,-2.468700,50.943501,176,184,166,floor,1
11.979200,-2.465800,50.947102,215,223,203,floor,1
11.978200,-2.458900,50.947701,176,184,164,floor,1
11.980100,-2.456700,50.948101,175,182,162,floor,1
11.984100,-2.452400,50.949100,174,179,153,floor,1
11.984100,-2.445500,50.949100,172,180,157,floor,1
11.986300,-2.444500,50.949799,173,179,157,floor,1
11.989900,-2.440100,50.950500,173,179,158,floor,1
11.995300,-2.435000,50.952999,174,179,158,floor,1
11.992900,-2.429000,50.952000,176,180,158,floor,1
11.999300,-2.427300,50.953999,174,179,156,floor,1
11.999200,-2.420300,50.953899,170,176,160,floor,1
12.000900,-2.418200,50.953999,160,162,146,floor,1
12.007700,-2.413000,50.954800,173,176,152,floor,1
12.005700,-2.407100,50.954201,172,177,150,floor,1
12.009200,-2.405100,50.954899,173,178,154,floor,1
12.010300,-2.397200,50.956100,173,178,152,floor,1
12.014800,-2.394200,50.956001,169,175,151,floor,1
12.017300,-2.388700,50.957199,178,183,168,floor,1
12.019200,-2.386700,50.957699,173,179,161,floor,1
12.020200,-2.381000,50.957199,172,177,156,floor,1
12.020600,-2.378700,50.957600,173,180,158,floor,1
12.024600,-2.374300,50.955399,173,179,156,floor,1
12.033400,-2.370700,50.957298,173,178,158,floor,1
12.030000,-2.364600,50.956600,174,181,163,floor,1
12.032200,-2.360300,50.957401,173,179,158,floor,1
12.034700,-2.357100,50.957001,170,176,158,floor,1
10.590700,-2.328900,50.875702,92,62,75,floor,1
10.833800,-2.223300,51.463402,193,193,172,floor,1
10.534000,-2.367900,50.738201,200,170,146,floor,1
10.538100,-2.369500,50.738800,201,170,142,floor,1
10.538200,-2.377200,50.738800,198,170,140,floor,1
10.543300,-2.381000,50.739300,194,173,140,floor,1
10.543400,-2.388800,50.739300,199,173,137,floor,1
10.548200,-2.391500,50.739799,197,172,137,floor,1
10.552300,-2.395400,50.740501,197,173,135,floor,1
10.552100,-2.398800,50.740501,197,173,135,floor,1
10.557700,-2.405900,50.741100,194,174,138,floor,1
10.548400,-2.414800,50.739899,196,171,138,floor,1
10.552700,-2.419800,50.740501,199,170,141,floor,1
10.566100,-2.417200,50.742401,200,169,139,floor,1
10.566700,-2.426100,50.742401,197,173,138,floor,1
10.570800,-2.427900,50.743099,196,171,136,floor,1
10.575800,-2.432900,50.743599,197,170,142,floor,1
10.571800,-2.443400,50.743000,199,171,142,floor,1
10.579900,-2.446000,50.744400,199,171,140,floor,1
10.580900,-2.451500,50.744301,197,171,137,floor,1
10.576000,-2.458700,50.743698,196,170,137,floor,1
10.594500,-2.462700,50.746300,192,170,138,floor,1
10.594500,-2.466000,50.746300,195,171,140,floor,1
10.595700,-2.470500,50.746201,193,171,141,floor,1
10.600000,-2.476900,50.746899,192,171,138,floor,1
10.604600,-2.477700,50.747501,192,172,141,floor,1
10.605300,-2.485600,50.747501,194,170,143,floor,1
10.609800,-2.487500,50.748199,194,172,141,floor,1
10.613700,-2.491800,50.748798,192,172,141,floor,1
10.614400,-2.499700,50.748798,192,170,141,floor,1
10.622500,-2.502600,50.750301,194,170,148,floor,1
10.618500,-2.516500,50.749599,192,169,141,floor,1
10.632600,-2.513400,50.751598,191,170,142,floor,1
10.633100,-2.516800,50.751598,191,169,140,floor,1
10.637800,-2.525700,50.752300,192,171,144,floor,1
10.642300,-2.525500,50.752998,191,170,145,floor,1
10.642800,-2.535900,50.752998,187,168,141,floor,1
10.647600,-2.536800,50.753700,188,170,142,floor,1
10.652600,-2.538900,50.754398,187,170,143,floor,1
10.657500,-2.545600,50.755100,190,172,143,floor,1
10.663000,-2.547700,50.755699,190,172,148,floor,1
10.663700,-2.553500,50.755699,186,170,148,floor,1
10.658800,-2.564100,50.755001,180,164,141,floor,1
10.674500,-2.566000,50.757000,178,164,142,floor,1
10.679000,-2.568200,50.757801,177,164,136,floor,1
10.684100,-2.570400,50.758499,174,167,137,floor,1
10.721200,-2.611300,50.763500,172,167,138,floor,1
10.726600,-2.616000,50.764301,172,166,134,floor,1
10.831100,-2.696600,50.780102,179,178,147,floor,1
10.835800,-2.704900,50.781101,172,173,159,floor,1
10.843900,-2.706800,50.782200,169,174,153,floor,1
10.851600,-2.705300,50.784801,168,170,142,floor,1
10.859000,-2.720100,50.784199,178,180,162,floor,1
10.864100,-2.716900,50.786301,174,174,146,floor,1
10.870000,-2.716900,50.787998,176,175,147,floor,1
10.874400,-2.725200,50.786701,186,187,167,floor,1
10.882300,-2.722800,50.788898,184,186,157,floor,1
10.886300,-2.727800,50.787899,189,192,168,floor,1
10.889300,-2.725100,50.788101,189,193,169,floor,1
10.889700,-2.733100,50.789299,188,192,170,floor,1
10.901700,-2.733000,50.790699,191,197,174,floor,1
10.906800,-2.733500,50.791100,179,149,137,floor,1
10.907900,-2.740900,50.791698,195,200,176,floor,1
10.917300,-2.738000,50.792999,194,199,172,floor,1
10.918600,-2.747200,50.793201,187,187,170,floor,1
10.928500,-2.743300,50.794399,192,198,166,floor,1
10.938200,-2.742900,50.805500,174,177,154,floor,1
10.946000,-2.740200,50.817402,171,175,146,floor,1
10.947200,-2.744200,50.823898,23,35,46,floor,1
10.950700,-2.744200,50.823799,43,56,88,floor,1
10.955500,-2.747600,50.817501,53,68,97,floor,1
10.958200,-2.758200,50.820801,63,70,98,floor,1
10.963000,-2.757600,50.814499,31,39,39,floor,1
10.969800,-2.760900,50.815300,194,204,187,floor,1
10.975500,-2.763500,50.814499,184,198,178,floor,1
10.978300,-2.766100,50.814499,187,197,179,floor,1
10.985300,-2.765200,50.816399,176,186,170,floor,1
10.986400,-2.767600,50.816799,187,196,173,floor,1
10.992800,-2.770900,50.817699,187,195,179,floor,1
10.999300,-2.777500,50.818298,187,195,179,floor,1
11.003100,-2.769000,50.817600,178,188,173,floor,1
11.010300,-2.775400,50.820599,191,203,181,floor,1
11.022700,-2.774300,50.821999,189,198,177,floor,1
11.025700,-2.777600,50.823200,188,198,176,floor,1
11.028700,-2.781400,50.822498,193,206,180,floor,1
11.033500,-2.778400,50.821301,190,197,180,floor,1
11.040800,-2.781400,50.824699,194,208,183,floor,1
11.042300,-2.787600,50.823898,189,199,175,floor,1
11.047800,-2.787300,50.824699,190,205,182,floor,1
11.056500,-2.785900,50.824402,187,195,179,floor,1
11.058400,-2.794300,50.826302,180,191,168,floor,1
11.070100,-2.787500,50.827702,176,186,168,floor,1
11.074100,-2.790900,50.827301,188,197,180,floor,1
11.082600,-2.790700,50.828999,185,193,180,floor,1
11.084500,-2.799200,50.829899,181,193,174,floor,1
11.091900,-2.801800,50.830299,173,181,168,floor,1
11.096800,-2.795700,50.830700,176,189,173,floor,1
11.102600,-2.803400,50.831402,177,188,173,floor,1
11.108300,-2.799400,50.834499,184,198,175,floor,1
11.114600,-2.799500,50.835300,185,199,177,floor,1
11.116900,-2.801200,50.835701,175,189,168,floor,1
11.121900,-2.802500,50.834801,172,185,167,floor,1
11.123800,-2.811200,50.835098,179,189,172,floor,1
11.129800,-2.804600,50.837502,176,190,173,floor,1
11.136400,-2.801300,50.838100,176,189,171,floor,1
11.147400,-2.817000,50.839199,169,179,164,floor,1
11.151100,-2.810200,50.839802,184,198,175,floor,1
11.156700,-2.812700,50.840302,183,197,170,floor,1
11.166500,-2.807800,50.852100,134,142,132,floor,1
11.172200,-2.804500,50.855499,46,58,58,floor,1
11.192600,-2.818700,50.832001,77,90,92,floor,1
11.200800,-2.818700,50.831001,65,84,91,floor,1
11.204000,-2.818700,50.833099,48,69,77,floor,1
11.209900,-2.818000,50.834301,92,101,94,floor,1
11.214500,-2.825100,50.835098,191,197,180,floor,1
11.222100,-2.823900,50.836800,181,194,182,floor,1
11.225300,-2.818900,50.837299,193,201,180,floor,1
11.228200,-2.819600,50.836102,192,196,180,floor,1
11.235200,-2.819000,50.838902,192,200,179,floor,1
11.241500,-2.825600,50.840302,187,199,173,floor,1
11.248200,-2.822400,50.841000,187,198,174,floor,1
11.251900,-2.820000,50.840199,188,197,182,floor,1
11.256800,-2.820200,50.840599,188,197,182,floor,1
11.258500,-2.832000,50.839901,184,192,173,floor,1
11.268000,-2.825900,50.843498,187,196,183,floor,1
11.273800,-2.824100,50.843498,187,198,183,floor,1
11.275300,-2.823800,50.843399,185,192,174,floor,1
11.283400,-2.820900,50.844299,185,197,182,floor,1
11.288000,-2.822800,50.845001,187,194,180,floor,1
11.294200,-2.820900,50.845798,185,189,170,floor,1
11.297000,-2.828600,50.845798,185,190,169,floor,1
11.305500,-2.820600,50.847900,186,190,170,floor,1
11.308200,-2.825700,50.848202,186,189,168,floor,1
11.316000,-2.830700,50.848598,184,189,167,floor,1
11.320200,-2.829600,50.851799,186,195,172,floor,1
11.324000,-2.819800,50.850601,187,196,174,floor,1
11.328800,-2.818600,50.851398,184,198,181,floor,1
11.333600,-2.829300,50.851601,182,196,179,floor,1
11.340200,-2.823200,50.853199,186,193,171,floor,1
11.347000,-2.823300,50.854301,186,191,172,floor,1
11.356700,-2.826700,50.855301,187,190,174,floor,1
11.369700,-2.816800,50.857700,185,191,174,floor,1
11.374600,-2.816300,50.857101,184,196,180,floor,1
11.383600,-2.827200,50.858601,182,194,180,floor,1
11.384300,-2.819500,50.860199,183,191,169,floor,1
11.399700,-2.823700,50.861401,184,192,172,floor,1
11.402800,-2.817100,50.862499,182,191,170,floor,1
11.406200,-2.817100,50.862000,185,195,180,floor,1
11.412900,-2.817200,50.863098,182,191,173,floor,1
11.419100,-2.810600,50.864700,187,192,172,floor,1
11.718500,-2.696900,50.927299,114,100,99,floor,1
11.724100,-2.691600,50.929199,115,98,101,floor,1
11.725600,-2.687800,50.928600,114,100,102,floor,1
11.734900,-2.685100,50.927101,112,108,105,floor,1
11.750600,-2.683800,50.916100,119,116,116,floor,1
11.752200,-2.676300,50.910599,127,128,127,floor,1
11.754100,-2.672500,50.910702,130,130,131,floor,1
11.759000,-2.668600,50.912102,131,132,132,floor,1
11.763100,-2.664800,50.912498,131,134,134,floor,1
11.772800,-2.667100,50.913399,132,131,132,floor,1
11.775700,-2.659600,50.914600,133,136,129,floor,1
11.777600,-2.654600,50.914700,135,137,132,floor,1
11.785500,-2.659400,50.915401,134,135,130,floor,1
11.783700,-2.649500,50.915298,136,137,136,floor,1
11.796900,-2.645700,50.918098,136,137,134,floor,1
11.798200,-2.637000,50.917599,142,144,141,floor,1
11.802200,-2.637000,50.918098,142,144,138,floor,1
11.806600,-2.635700,50.918999,144,146,138,floor,1
11.808100,-2.629500,50.918800,145,149,137,floor,1
11.814100,-2.627100,50.919701,144,151,139,floor,1
11.818300,-2.622100,50.920502,144,149,144,floor,1
11.824900,-2.627100,50.922001,145,148,141,floor,1
11.827900,-2.616000,50.921600,144,149,145,floor,1
11.831000,-2.608700,50.922901,148,153,140,floor,1
11.834000,-2.606300,50.922600,148,154,144,floor,1
11.840500,-2.602700,50.924000,148,154,148,floor,1
11.845800,-2.606400,50.924301,148,153,147,floor,1
11.847900,-2.595500,50.924702,150,155,149,floor,1
11.847900,-2.594300,50.924702,152,155,147,floor,1
11.854200,-2.589500,50.925900,150,155,148,floor,1
11.859400,-2.587200,50.926300,151,156,153,floor,1
11.858000,-2.583500,50.926498,153,156,152,floor,1
11.865600,-2.577600,50.927399,154,156,154,floor,1
11.871500,-2.572900,50.928501,154,160,151,floor,1
11.873500,-2.570600,50.928799,157,162,154,floor,1
11.879400,-2.565900,50.930000,158,167,157,floor,1
11.884200,-2.564800,50.929901,160,167,157,floor,1
11.884500,-2.560100,50.930099,160,169,157,floor,1
11.886600,-2.554200,50.930599,164,171,159,floor,1
11.892100,-2.549500,50.931400,167,171,160,floor,1
11.897400,-2.549700,50.931801,165,171,159,floor,1
11.899700,-2.543800,50.932499,165,171,160,floor,1
11.903000,-2.541500,50.932701,167,173,163,floor,1
11.907300,-2.537000,50.933800,168,177,161,floor,1
11.908500,-2.529900,50.933300,176,186,169,floor,1
11.910900,-2.526400,50.934200,175,190,169,floor,1
11.921800,-2.528100,50.935699,178,187,171,floor,1
11.923000,-2.523300,50.935200,180,192,176,floor,1
11.924700,-2.523400,50.935501,181,192,176,floor,1
11.922900,-2.513900,50.935101,187,196,180,floor,1
11.928600,-2.508300,50.936100,187,197,179,floor,1
11.930500,-2.506000,50.936501,187,196,182,floor,1
11.939400,-2.504100,50.937599,188,196,183,floor,1
11.936700,-2.499300,50.938000,186,196,181,floor,1
11.936300,-2.494600,50.937500,186,196,177,floor,1
11.945700,-2.495100,50.939201,186,194,181,floor,1
11.946800,-2.484600,50.938801,188,197,177,floor,1
11.949400,-2.480100,50.939800,187,197,181,floor,1
11.953200,-2.476800,50.940399,187,197,180,floor,1
11.951400,-2.474400,50.940300,186,197,182,floor,1
11.959700,-2.471300,50.941002,188,195,182,floor,1
11.958500,-2.464300,50.941299,186,197,177,floor,1
11.961600,-2.459800,50.941101,185,196,178,floor,1
11.964300,-2.456500,50.942402,188,197,179,floor,1
11.968400,-2.454400,50.941898,185,192,171,floor,1
11.974500,-2.452700,50.945202,173,181,158,floor,1
11.978100,-2.448400,50.947498,175,182,163,floor,1
11.978300,-2.440400,50.947701,174,183,165,floor,1
11.975600,-2.436600,50.946301,172,182,163,floor,1
11.984600,-2.434000,50.949600,174,181,158,floor,1
11.981100,-2.426700,50.949100,171,181,157,floor,1
11.985100,-2.424800,50.950100,173,181,161,floor,1
11.986500,-2.416800,50.950001,173,179,159,floor,1
11.995700,-2.418900,50.953400,173,177,158,floor,1
11.993200,-2.409400,50.952400,174,180,161,floor,1
11.996100,-2.405100,50.953899,175,181,160,floor,1
11.994600,-2.401500,50.953800,174,182,159,floor,1
11.999300,-2.397300,50.953899,170,175,157,floor,1
12.000800,-2.390500,50.953800,144,149,127,floor,1
12.003100,-2.386100,50.954601,176,180,167,floor,1
12.003200,-2.385000,50.954700,173,177,165,floor,1
12.006500,-2.381700,50.953300,129,133,117,floor,1
12.013000,-2.376700,50.955700,164,171,148,floor,1
12.017100,-2.374700,50.955299,167,175,150,floor,1
12.015900,-2.366500,50.953899,175,182,165,floor,1
12.019800,-2.362300,50.954899,173,180,163,floor,1
12.019500,-2.358800,50.954498,172,178,159,floor,1
10.613500,-2.325200,50.905201,100,65,79,floor,1
10.614600,-2.329700,50.905201,88,63,42,floor,1
10.546800,-2.364900,50.739899,200,171,143,floor,1
10.555800,-2.378200,50.741199,197,172,141,floor,1
10.560500,-2.382000,50.741901,197,172,137,floor,1
10.565200,-2.383700,50.742401,196,171,137,floor,1
10.569500,-2.401100,50.743099,196,172,137,floor,1
10.574200,-2.401600,50.743698,196,172,140,floor,1
10.575100,-2.408300,50.743599,195,172,139,floor,1
10.580000,-2.411100,50.744301,194,168,144,floor,1
10.571000,-2.421100,50.743000,198,171,139,floor,1
10.585300,-2.422900,50.744900,194,173,146,floor,1
10.585000,-2.429700,50.744999,196,170,142,floor,1
10.581000,-2.439100,50.744202,196,169,140,floor,1
10.595200,-2.437700,50.746101,197,171,146,floor,1
10.590300,-2.449500,50.745602,196,171,138,floor,1
10.599800,-2.447500,50.746799,193,171,138,floor,1
10.604900,-2.450400,50.747398,193,171,141,floor,1
10.609100,-2.456800,50.748100,194,169,138,floor,1
10.614400,-2.468900,50.748699,193,171,148,floor,1
10.618100,-2.478900,50.749500,192,173,143,floor,1
10.624600,-2.477200,50.750000,192,172,143,floor,1
10.623500,-2.486500,50.750198,193,174,142,floor,1
10.637400,-2.498100,50.752300,192,174,147,floor,1
10.676900,-2.480500,50.841999,199,185,156,floor,1
10.642900,-2.512800,50.752899,190,170,141,floor,1
10.647500,-2.513700,50.753700,190,171,142,floor,1
10.652600,-2.516900,50.754299,193,171,148,floor,1
10.657300,-2.524700,50.755001,192,169,144,floor,1
10.658200,-2.528200,50.754902,191,171,148,floor,1
10.662700,-2.530300,50.755699,192,171,148,floor,1
10.668200,-2.533500,50.756302,192,173,146,floor,1
10.663100,-2.543100,50.755699,190,174,146,floor,1
10.668100,-2.545200,50.756302,189,173,146,floor,1
10.678800,-2.543500,50.757702,190,175,149,floor,1
10.684500,-2.549200,50.758400,187,175,151,floor,1
10.683800,-2.552800,50.758499,185,172,150,floor,1
10.689000,-2.554900,50.759102,186,174,149,floor,1
10.863700,-2.705300,50.786999,173,172,144,floor,1
10.874300,-2.701100,50.786598,187,187,168,floor,1
10.875100,-2.714900,50.787201,185,189,168,floor,1
10.882400,-2.705400,50.788700,185,185,158,floor,1
10.884900,-2.714900,50.787899,187,191,169,floor,1
10.897700,-2.715000,50.790199,193,195,173,floor,1
10.901500,-2.714200,50.790401,195,198,176,floor,1
10.904300,-2.719600,50.790199,195,198,175,floor,1
10.913100,-2.722900,50.793301,192,197,177,floor,1
10.919600,-2.732800,50.792599,194,201,177,floor,1
10.925300,-2.728700,50.794800,196,199,182,floor,1
10.940200,-2.718000,50.825298,171,178,163,floor,1
10.938200,-2.732300,50.805599,172,179,155,floor,1
10.944200,-2.724600,50.822300,83,93,89,floor,1
10.972700,-2.739700,50.814400,184,193,173,floor,1
10.978400,-2.742200,50.815102,186,196,176,floor,1
10.979600,-2.754400,50.816299,187,194,168,floor,1
10.984400,-2.758100,50.815800,188,197,179,floor,1
10.990200,-2.748400,50.816399,173,189,166,floor,1
10.993100,-2.752600,50.817501,190,199,178,floor,1
10.998300,-2.755300,50.817600,180,186,172,floor,1
11.005500,-2.752100,50.819801,184,188,175,floor,1
11.010700,-2.755500,50.819599,179,189,174,floor,1
11.012800,-2.767700,50.820400,187,199,176,floor,1
11.021700,-2.758100,50.823299,194,208,192,floor,1
11.019600,-2.771000,50.821301,188,201,177,floor,1
11.032100,-2.761200,50.823898,190,200,177,floor,1
11.034000,-2.765200,50.822800,188,201,177,floor,1
11.042100,-2.767800,50.822601,191,201,178,floor,1
11.047700,-2.767700,50.822701,192,202,179,floor,1
11.051200,-2.770200,50.825100,189,201,180,floor,1
11.053300,-2.770100,50.824902,181,192,175,floor,1
11.062100,-2.773700,50.826199,177,188,170,floor,1
11.070300,-2.784100,50.827599,180,187,171,floor,1
11.074300,-2.775100,50.828098,190,200,184,floor,1
11.076700,-2.788200,50.827599,187,195,180,floor,1
11.084600,-2.778000,50.830502,186,197,171,floor,1
11.092200,-2.781200,50.830200,180,190,173,floor,1
11.097300,-2.784600,50.832500,188,197,179,floor,1
11.100400,-2.781300,50.834000,186,196,177,floor,1
11.102800,-2.785100,50.832401,183,197,181,floor,1
11.111400,-2.784900,50.834099,186,194,183,floor,1
11.114100,-2.787400,50.834099,185,195,181,floor,1
11.123300,-2.784800,50.836800,183,194,178,floor,1
11.125400,-2.787300,50.835201,183,195,180,floor,1
11.136400,-2.794800,50.837898,179,193,172,floor,1
11.139400,-2.788000,50.838402,187,206,182,floor,1
11.148000,-2.792000,50.838699,183,193,177,floor,1
11.152600,-2.791600,50.840698,185,195,178,floor,1
11.164500,-2.789700,50.846699,187,198,184,floor,1
11.169300,-2.791400,50.853901,47,61,61,floor,1
11.195700,-2.808800,50.833000,136,145,136,floor,1
11.203000,-2.804500,50.833000,168,171,159,floor,1
11.206000,-2.804500,50.833599,180,185,169,floor,1
11.211400,-2.804400,50.834000,191,196,178,floor,1
11.215600,-2.808900,50.835602,191,200,182,floor,1
11.221200,-2.805300,50.835899,185,198,176,floor,1
11.228400,-2.805700,50.838299,193,202,183,floor,1
11.231100,-2.806600,50.837200,191,196,178,floor,1
11.235300,-2.809100,50.838501,192,200,179,floor,1
11.245000,-2.805800,50.840000,190,197,177,floor,1
11.245200,-2.811500,50.839199,188,193,173,floor,1
11.250600,-2.819200,50.839199,187,192,175,floor,1
11.259800,-2.812500,50.842300,186,200,171,floor,1
11.268000,-2.809300,50.843800,189,197,182,floor,1
11.280600,-2.808200,50.844002,185,192,169,floor,1
11.283500,-2.813400,50.841400,198,207,180,floor,1
11.288900,-2.813200,50.845100,186,191,171,floor,1
11.293900,-2.812800,50.847599,188,197,179,floor,1
11.301200,-2.807300,50.847698,189,199,180,floor,1
11.304400,-2.806300,50.847801,188,197,179,floor,1
11.308800,-2.807100,50.849602,188,196,176,floor,1
11.313400,-2.812800,50.848598,185,188,168,floor,1
11.320600,-2.807800,50.849602,186,198,182,floor,1
11.325600,-2.799100,50.864601,186,189,167,floor,1
11.328500,-2.807200,50.852100,188,195,171,floor,1
11.333800,-2.816500,50.852402,187,194,173,floor,1
11.340700,-2.807300,50.853802,188,193,170,floor,1
11.351100,-2.805000,50.854401,186,198,179,floor,1
11.353300,-2.810000,50.855499,189,193,173,floor,1
11.359700,-2.807500,50.856300,187,190,172,floor,1
11.365200,-2.805400,50.856300,186,197,181,floor,1
11.370000,-2.802000,50.856701,186,198,182,floor,1
11.378200,-2.813500,50.858700,185,193,171,floor,1
11.379900,-2.813600,50.858601,185,192,174,floor,1
11.392000,-2.802500,50.860500,185,197,181,floor,1
11.396600,-2.801900,50.862400,184,192,172,floor,1
11.399900,-2.807200,50.860901,187,192,171,floor,1
11.406300,-2.799300,50.862000,185,198,181,floor,1
11.416000,-2.803900,50.864101,187,192,172,floor,1
11.422500,-2.802100,50.865501,185,191,172,floor,1
11.691300,-2.688700,50.924500,114,104,103,floor,1
11.698100,-2.686000,50.923901,112,109,105,floor,1
11.708300,-2.687000,50.926399,115,104,101,floor,1
11.719200,-2.683300,50.908798,121,120,116,floor,1
11.725200,-2.678100,50.907398,128,127,127,floor,1
11.735900,-2.681700,50.908901,126,125,124,floor,1
11.735700,-2.671500,50.908699,131,130,130,floor,1
11.738000,-2.666400,50.909199,132,134,128,floor,1
11.741500,-2.665100,50.909000,133,136,128,floor,1
11.746000,-2.662500,50.909801,133,135,131,floor,1
11.752800,-2.658600,50.911201,134,135,132,floor,1
11.755100,-2.656100,50.911701,136,137,133,floor,1
11.757200,-2.654800,50.911999,136,138,133,floor,1
11.761800,-2.651000,50.911201,135,141,134,floor,1
11.773200,-2.653400,50.913700,135,137,133,floor,1
11.771500,-2.648300,50.913700,136,139,135,floor,1
11.773500,-2.642100,50.914001,138,143,138,floor,1
11.781900,-2.639500,50.915199,140,142,140,floor,1
11.784100,-2.634600,50.915699,142,148,141,floor,1
11.786200,-2.630800,50.916100,146,149,140,floor,1
11.790000,-2.630800,50.916401,144,150,140,floor,1
11.791700,-2.627100,50.916302,144,149,142,floor,1
11.798700,-2.622100,50.918098,146,149,142,floor,1
11.800800,-2.622100,50.918499,147,150,143,floor,1
11.805400,-2.614700,50.919399,146,152,149,floor,1
11.809400,-2.612300,50.920101,146,152,146,floor,1
11.814400,-2.611100,50.919899,148,153,147,floor,1
11.814200,-2.607400,50.919701,148,153,146,floor,1
11.822900,-2.607400,50.921700,149,152,148,floor,1
11.826500,-2.601400,50.921799,151,153,151,floor,1
11.832700,-2.600200,50.922901,151,153,147,floor,1
11.831800,-2.594100,50.921902,151,156,153,floor,1
11.836200,-2.589300,50.923100,153,156,148,floor,1
11.836600,-2.586800,50.923500,153,156,148,floor,1
11.841900,-2.583300,50.923599,156,157,153,floor,1
11.845800,-2.580900,50.924301,156,157,155,floor,1
11.847900,-2.576100,50.924599,156,159,156,floor,1
11.851900,-2.572500,50.925201,155,159,156,floor,1
11.856500,-2.569000,50.926601,158,161,156,floor,1
11.862100,-2.569100,50.927200,158,161,155,floor,1
11.863200,-2.563100,50.926601,163,167,155,floor,1
11.869200,-2.560900,50.927898,163,167,156,floor,1
11.873400,-2.553800,50.928699,165,172,165,floor,1
11.875700,-2.550200,50.929501,168,173,162,floor,1
11.881800,-2.545700,50.930698,169,172,160,floor,1
11.882900,-2.539700,50.930099,169,175,165,floor,1
11.889600,-2.539900,50.930302,165,171,159,floor,1
11.893400,-2.537600,50.931099,169,176,161,floor,1
11.893500,-2.529300,50.931198,176,183,166,floor,1
11.895400,-2.528200,50.931301,178,185,166,floor,1
11.897700,-2.524700,50.931999,181,191,166,floor,1
11.902800,-2.521300,50.932400,182,194,170,floor,1
11.906800,-2.519100,50.933201,185,196,178,floor,1
11.908400,-2.515600,50.933201,187,197,178,floor,1
11.910700,-2.508600,50.933899,185,197,179,floor,1
11.913700,-2.505200,50.933800,187,197,177,floor,1
11.919600,-2.500700,50.934898,187,198,176,floor,1
11.921700,-2.499700,50.935501,185,196,174,floor,1
11.923100,-2.492700,50.935200,187,196,180,floor,1
11.929000,-2.489400,50.936401,186,197,177,floor,1
11.928700,-2.484700,50.936100,185,195,175,floor,1
11.932300,-2.484900,50.936600,185,194,177,floor,1
11.935700,-2.479200,50.936798,186,196,178,floor,1
11.939600,-2.478300,50.937698,186,195,179,floor,1
11.942200,-2.470200,50.938801,187,196,181,floor,1
11.943800,-2.466800,50.938702,188,197,176,floor,1
11.948300,-2.462400,50.938599,188,197,178,floor,1
11.951300,-2.459100,50.940102,188,196,181,floor,1
11.955000,-2.455900,50.940701,188,197,179,floor,1
11.954900,-2.450000,50.940498,187,197,178,floor,1
11.958600,-2.447900,50.941299,187,198,177,floor,1
11.958600,-2.442100,50.941200,185,199,180,floor,1
11.965500,-2.441400,50.941898,185,197,180,floor,1
11.964600,-2.432100,50.942600,187,198,182,floor,1
11.967800,-2.427600,50.942902,184,198,173,floor,1
11.971400,-2.424400,50.943401,173,186,161,floor,1
11.976000,-2.421500,50.946701,173,183,160,floor,1
11.979100,-2.417300,50.948502,175,183,161,floor,1
11.979100,-2.411500,50.948502,175,184,161,floor,1
11.979500,-2.408000,50.948898,174,183,160,floor,1
11.985000,-2.406200,50.950001,172,180,158,floor,1
11.985400,-2.401600,50.950298,173,179,158,floor,1
11.985300,-2.394700,50.950199,175,182,160,floor,1
11.988700,-2.391500,50.950600,175,181,158,floor,1
11.994100,-2.388700,50.953300,173,178,162,floor,1
11.996100,-2.383100,50.953800,175,181,165,floor,1
11.995900,-2.378500,50.953499,175,180,159,floor,1
12.003200,-2.376900,50.954601,167,172,149,floor,1
11.999000,-2.369300,50.951698,174,182,157,floor,1
12.002800,-2.363900,50.952301,171,178,155,floor,1
12.010700,-2.363700,50.954601,174,180,158,floor,1
12.006000,-2.356200,50.952702,165,172,153,floor,1
10.863100,-2.216200,51.483002,210,213,206,floor,1
10.564700,-2.362300,50.742401,193,173,141,floor,1
10.573700,-2.367800,50.743599,196,170,138,floor,1
10.572600,-2.370200,50.743801,195,170,139,floor,1
10.573700,-2.376900,50.743698,194,172,138,floor,1
10.569800,-2.387500,50.743000,198,172,138,floor,1
10.574800,-2.390300,50.743599,196,171,142,floor,1
10.583900,-2.390300,50.744900,196,169,141,floor,1
10.589100,-2.395300,50.745499,197,169,142,floor,1
10.589900,-2.397400,50.745399,197,169,142,floor,1
10.589300,-2.407700,50.745499,195,172,141,floor,1
10.590600,-2.411000,50.745399,197,171,145,floor,1
10.600000,-2.415600,50.746700,191,172,141,floor,1
10.599900,-2.419000,50.746700,189,171,141,floor,1
10.594100,-2.425300,50.746201,195,170,142,floor,1
10.608400,-2.435200,50.748100,194,169,143,floor,1
10.609500,-2.444200,50.748001,193,171,138,floor,1
10.618000,-2.448000,50.749401,191,170,137,floor,1
10.614300,-2.452900,50.748600,193,170,140,floor,1
10.618500,-2.454900,50.749401,196,168,139,floor,1
10.628300,-2.458500,50.750702,191,172,143,floor,1
10.674200,-2.442000,50.854801,199,188,164,floor,1
10.676900,-2.444100,50.857101,210,195,168,floor,1
10.676800,-2.451200,50.854698,214,192,169,floor,1
10.676800,-2.454700,50.853500,216,193,165,floor,1
10.678300,-2.462800,50.852299,214,193,166,floor,1
10.678400,-2.465100,50.851200,212,193,167,floor,1
10.674600,-2.476000,50.839802,193,181,160,floor,1
10.675700,-2.481700,50.831600,184,171,148,floor,1
10.682100,-2.480100,50.845299,192,176,147,floor,1
10.662100,-2.505800,50.755600,193,173,147,floor,1
10.658400,-2.515400,50.754799,193,171,150,floor,1
10.668100,-2.511300,50.756199,193,174,150,floor,1
10.672900,-2.519200,50.757000,194,173,149,floor,1
10.669100,-2.522900,50.756199,191,172,145,floor,1
10.678200,-2.522500,50.757702,190,173,145,floor,1
10.683200,-2.528100,50.758499,190,174,146,floor,1
10.688500,-2.532500,50.759102,191,174,149,floor,1
10.684100,-2.538600,50.758400,188,174,148,floor,1
10.694200,-2.538200,50.759800,186,173,149,floor,1
10.694400,-2.544100,50.759800,187,175,155,floor,1
10.698800,-2.547500,50.760502,189,176,152,floor,1
10.901400,-2.706200,50.790199,194,198,175,floor,1
10.911000,-2.705200,50.792198,196,199,177,floor,1
10.913200,-2.705500,50.793098,191,196,173,floor,1
10.917300,-2.711800,50.792900,194,198,176,floor,1
10.923200,-2.713600,50.793400,187,187,173,floor,1
10.935500,-2.717100,50.795399,179,178,166,floor,1
10.980700,-2.727900,50.816299,177,182,169,floor,1
10.981300,-2.729000,50.815701,184,197,173,floor,1
10.982000,-2.739500,50.817402,186,196,176,floor,1
10.996300,-2.739300,50.818401,187,197,177,floor,1
11.003700,-2.740600,50.820499,190,205,188,floor,1
11.004900,-2.749800,50.819000,190,199,179,floor,1
11.006400,-2.748000,50.820099,189,197,179,floor,1
11.015600,-2.746400,50.822399,192,206,192,floor,1
11.022100,-2.746500,50.822701,194,208,190,floor,1
11.028100,-2.746800,50.822201,188,201,179,floor,1
11.031300,-2.746800,50.823299,189,201,179,floor,1
11.034000,-2.754700,50.823002,187,202,178,floor,1
11.039700,-2.749300,50.823799,191,199,182,floor,1
11.044900,-2.752800,50.824299,185,194,179,floor,1
11.048700,-2.758100,50.825600,191,201,179,floor,1
11.056700,-2.757000,50.825298,194,202,180,floor,1
11.061600,-2.756600,50.826801,187,194,181,floor,1
11.064800,-2.761400,50.828602,189,203,177,floor,1
11.074300,-2.763700,50.828300,183,194,178,floor,1
11.079400,-2.764500,50.828098,189,202,181,floor,1
11.084700,-2.768200,50.830200,189,204,175,floor,1
11.087500,-2.764900,50.831902,189,205,176,floor,1
11.094000,-2.764900,50.832199,189,206,172,floor,1
11.099600,-2.772100,50.831001,191,201,185,floor,1
11.106900,-2.768200,50.835201,184,201,180,floor,1
11.110000,-2.778100,50.835400,184,196,175,floor,1
11.113300,-2.778200,50.835300,182,195,175,floor,1
11.126700,-2.771700,50.836800,188,197,182,floor,1
11.126800,-2.775000,50.836201,187,196,182,floor,1
11.133100,-2.784900,50.837898,186,196,181,floor,1
11.136800,-2.776600,50.837299,183,196,180,floor,1
11.146100,-2.775100,50.840199,187,195,179,floor,1
11.146200,-2.781700,50.839500,185,194,175,floor,1
11.151500,-2.788100,50.841202,187,207,182,floor,1
11.155900,-2.785000,50.840801,187,197,182,floor,1
11.166100,-2.774900,50.853600,124,134,134,floor,1
11.192500,-2.798800,50.832699,80,101,103,floor,1
11.197400,-2.802100,50.832100,154,157,148,floor,1
11.202800,-2.791600,50.832401,168,176,156,floor,1
11.208900,-2.792400,50.835300,184,195,175,floor,1
11.211900,-2.792400,50.835800,189,199,177,floor,1
11.219900,-2.793900,50.835400,192,198,180,floor,1
11.227800,-2.800500,50.838600,195,206,185,floor,1
11.234400,-2.795100,50.837799,190,200,182,floor,1
11.239500,-2.798700,50.837399,186,193,176,floor,1
11.251500,-2.792700,50.841099,191,198,180,floor,1
11.254700,-2.792700,50.841499,191,198,180,floor,1
11.256200,-2.800900,50.840900,189,192,178,floor,1
11.265900,-2.794900,50.843700,190,198,175,floor,1
11.267000,-2.795600,50.842201,188,192,178,floor,1
11.274400,-2.796100,50.844501,190,197,180,floor,1
11.280800,-2.800400,50.845001,183,194,174,floor,1
11.283400,-2.795300,50.844398,184,192,174,floor,1
11.290900,-2.799600,50.846699,188,197,181,floor,1
11.295400,-2.807900,50.842300,196,207,180,floor,1
11.299700,-2.800100,50.846600,186,192,170,floor,1
11.302900,-2.805200,50.848301,185,191,169,floor,1
11.308200,-2.802500,50.848400,184,190,169,floor,1
11.317500,-2.793200,50.849800,187,196,179,floor,1
11.330700,-2.799900,50.851601,187,197,177,floor,1
11.334100,-2.796700,50.851799,186,196,176,floor,1
11.337300,-2.796700,50.852001,186,195,176,floor,1
11.343200,-2.794200,50.852699,187,199,184,floor,1
11.350300,-2.790100,50.854500,187,193,176,floor,1
11.356000,-2.801600,50.855099,186,198,182,floor,1
11.374300,-2.791400,50.857498,186,198,182,floor,1
11.378500,-2.790000,50.858299,188,192,173,floor,1
11.392900,-2.793800,50.860699,188,194,173,floor,1
11.406100,-2.785100,50.862202,187,197,179,floor,1
11.409500,-2.793900,50.862400,187,192,171,floor,1
11.415500,-2.788800,50.863300,188,197,180,floor,1
11.422700,-2.794100,50.864101,186,191,171,floor,1
11.425300,-2.782000,50.864201,188,197,180,floor,1
11.667500,-2.689300,50.920300,114,104,110,floor,1
11.669800,-2.688000,50.920601,113,104,110,floor,1
11.693000,-2.683800,50.908699,120,120,112,floor,1
11.696700,-2.680000,50.903198,129,129,119,floor,1
11.701800,-2.683700,50.908001,125,120,113,floor,1
11.704000,-2.673400,50.904900,132,130,126,floor,1
11.706000,-2.672100,50.904999,132,132,127,floor,1
11.712500,-2.669400,50.905800,134,133,131,floor,1
11.716700,-2.665500,50.906300,134,136,133,floor,1
11.725500,-2.670500,50.907700,130,131,131,floor,1
11.726300,-2.661500,50.908501,136,137,132,floor,1
11.729800,-2.658900,50.908100,136,137,132,floor,1
11.732100,-2.656400,50.908600,135,136,131,floor,1
11.736700,-2.652500,50.909599,138,137,133,floor,1
11.742800,-2.653700,50.910198,136,137,137,floor,1
11.744600,-2.646100,50.910099,138,140,137,floor,1
11.753000,-2.649800,50.911301,139,140,134,floor,1
11.754700,-2.643500,50.911201,141,144,135,floor,1
11.755100,-2.638500,50.911598,142,145,139,floor,1
11.759100,-2.638400,50.912102,143,145,141,floor,1
11.763400,-2.633400,50.912701,146,148,142,floor,1
11.767700,-2.633400,50.913399,145,148,142,floor,1
11.776200,-2.628400,50.914902,145,149,146,floor,1
11.779600,-2.619600,50.914700,148,150,147,floor,1
11.783200,-2.617100,50.916500,147,151,145,floor,1
11.788300,-2.618400,50.916401,148,151,145,floor,1
11.792500,-2.613400,50.916901,148,151,146,floor,1
11.794700,-2.608500,50.917400,150,152,148,floor,1
11.796600,-2.606000,50.917702,148,154,151,floor,1
11.801600,-2.603600,50.919201,147,153,148,floor,1
11.803500,-2.599900,50.919399,148,155,144,floor,1
11.811100,-2.600000,50.920101,148,153,148,floor,1
11.814700,-2.595100,50.920200,149,154,150,floor,1
11.817000,-2.589000,50.920799,151,157,151,floor,1
11.818500,-2.587800,50.920601,151,157,152,floor,1
11.822800,-2.582900,50.921501,153,157,147,floor,1
11.830700,-2.584300,50.922600,153,155,147,floor,1
11.830800,-2.577000,50.922699,155,157,154,floor,1
11.835900,-2.577100,50.922699,155,156,158,floor,1
11.842500,-2.567500,50.924099,157,163,153,floor,1
11.844700,-2.566300,50.924702,160,165,154,floor,1
11.845900,-2.562700,50.924301,160,166,158,floor,1
11.857900,-2.561800,50.926300,161,166,158,floor,1
11.854400,-2.556800,50.925999,164,169,159,floor,1
11.857500,-2.549600,50.925900,163,171,158,floor,1
11.861600,-2.544900,50.926601,164,172,161,floor,1
11.869300,-2.547600,50.927898,165,170,161,floor,1
11.867600,-2.537900,50.927799,167,175,159,floor,1
11.871400,-2.535700,50.928299,169,177,160,floor,1
11.874900,-2.533400,50.928600,172,179,160,floor,1
11.875600,-2.531000,50.929298,177,184,166,floor,1
11.881100,-2.526400,50.929901,178,188,171,floor,1
11.886500,-2.525400,50.930500,180,191,171,floor,1
11.888300,-2.518300,50.930599,184,195,177,floor,1
11.891800,-2.514900,50.931000,187,198,176,floor,1
11.895800,-2.515100,50.931702,187,198,175,floor,1
11.897000,-2.509100,50.931301,184,197,177,floor,1
11.905400,-2.501300,50.933300,186,199,179,floor,1
11.905400,-2.495300,50.933300,186,196,179,floor,1
11.906800,-2.493000,50.933102,186,198,176,floor,1
11.909600,-2.490800,50.934399,186,197,175,floor,1
11.916000,-2.489900,50.934399,183,195,174,floor,1
11.917400,-2.480500,50.934200,187,196,177,floor,1
11.927400,-2.481100,50.936501,187,198,175,floor,1
11.921500,-2.473600,50.935101,187,196,174,floor,1
11.930700,-2.471800,50.936600,186,196,173,floor,1
11.928700,-2.467000,50.936001,185,198,177,floor,1
11.937900,-2.466400,50.937500,185,194,174,floor,1
11.939900,-2.464200,50.938000,187,195,178,floor,1
11.941400,-2.458400,50.937901,190,196,178,floor,1
11.940100,-2.451300,50.938202,187,198,176,floor,1
11.944300,-2.445700,50.939098,187,197,177,floor,1
11.952800,-2.447500,50.939999,187,198,176,floor,1
11.947200,-2.437700,50.938900,186,197,181,floor,1
11.949600,-2.434300,50.939899,188,197,181,floor,1
11.956900,-2.434900,50.941002,186,197,185,floor,1
11.956500,-2.427800,50.940498,183,197,179,floor,1
11.960100,-2.417600,50.941200,185,198,176,floor,1
11.964100,-2.414400,50.941898,188,200,179,floor,1
11.963900,-2.412100,50.941799,188,200,181,floor,1
11.965800,-2.407600,50.942200,188,199,178,floor,1
11.977200,-2.397300,50.947899,177,182,160,floor,1
11.981400,-2.391900,50.949299,173,179,158,floor,1
11.981400,-2.386100,50.949200,174,181,163,floor,1
11.983200,-2.381600,50.949699,174,180,163,floor,1
11.991100,-2.382500,50.951599,175,181,165,floor,1
11.986200,-2.369100,50.949501,174,183,154,floor,1
11.990000,-2.362500,50.950199,174,180,159,floor,1
11.993800,-2.360600,50.951099,174,178,161,floor,1
10.574000,-2.358700,50.743599,190,169,139,floor,1
10.583000,-2.359700,50.744900,188,167,135,floor,1
10.586800,-2.369400,50.745602,192,168,140,floor,1
10.588900,-2.373700,50.745399,193,169,140,floor,1
10.594200,-2.378700,50.745998,192,168,143,floor,1
10.594500,-2.384300,50.745998,193,166,143,floor,1
10.599300,-2.388300,50.746700,190,169,141,floor,1
10.602900,-2.400400,50.747398,192,168,138,floor,1
10.608400,-2.403200,50.748001,190,166,136,floor,1
10.603800,-2.409400,50.747398,192,168,140,floor,1
10.613500,-2.412900,50.748600,181,167,140,floor,1
10.613700,-2.417500,50.748600,189,170,142,floor,1
10.618100,-2.418100,50.749298,187,163,134,floor,1
10.621700,-2.423500,50.750099,184,168,135,floor,1
10.623400,-2.431400,50.750000,188,165,138,floor,1
10.672000,-2.403400,50.867500,211,194,164,floor,1
10.673400,-2.411500,50.865101,209,193,167,floor,1
10.672000,-2.418700,50.859402,196,183,161,floor,1
10.676200,-2.420600,50.863998,212,195,164,floor,1
10.675700,-2.426500,50.861698,213,194,162,floor,1
10.674800,-2.432500,50.859299,210,194,164,floor,1
10.674900,-2.440800,50.855999,207,192,169,floor,1
10.676800,-2.442900,50.857101,210,195,169,floor,1
10.690700,-2.439800,50.860298,176,173,149,floor,1
10.692600,-2.443400,50.856701,182,177,159,floor,1
10.676000,-2.459400,50.832699,182,177,157,floor,1
10.694800,-2.452900,50.849300,177,175,157,floor,1
10.678400,-2.470900,50.816399,180,173,153,floor,1
10.678300,-2.476800,50.812901,182,176,153,floor,1
10.682100,-2.484700,50.810398,172,161,135,floor,1
10.703800,-2.470100,50.852402,203,187,154,floor,1
10.704600,-2.482300,50.832600,174,170,141,floor,1
10.678300,-2.511800,50.757599,192,174,149,floor,1
10.689000,-2.512400,50.758999,194,176,147,floor,1
10.687900,-2.516000,50.759102,194,174,148,floor,1
10.684100,-2.525700,50.758400,191,172,143,floor,1
10.698300,-2.523800,50.760502,190,176,150,floor,1
10.694400,-2.533400,50.759701,191,174,150,floor,1
10.709700,-2.533900,50.762001,189,176,152,floor,1
10.714400,-2.538500,50.762699,188,176,150,floor,1
10.922500,-2.697900,50.793400,194,199,175,floor,1
10.930800,-2.698700,50.794300,190,194,168,floor,1
10.933800,-2.698700,50.795300,187,192,165,floor,1
10.986200,-2.725000,50.817699,190,195,175,floor,1
10.995700,-2.721700,50.819099,190,197,176,floor,1
10.999200,-2.720800,50.819099,184,194,174,floor,1
11.001700,-2.724800,50.819199,183,188,175,floor,1
11.006300,-2.728300,50.819199,184,188,177,floor,1
11.019400,-2.728400,50.822102,190,198,177,floor,1
11.019400,-2.735000,50.822102,191,199,180,floor,1
11.028900,-2.731700,50.823898,191,199,181,floor,1
11.033800,-2.733600,50.822601,188,199,175,floor,1
11.039000,-2.735100,50.824501,192,201,179,floor,1
11.040300,-2.742500,50.823700,183,194,179,floor,1
11.044600,-2.742600,50.824600,185,195,179,floor,1
11.051300,-2.741200,50.825500,191,201,182,floor,1
11.051600,-2.745000,50.827301,192,202,179,floor,1
11.061600,-2.746300,50.826801,190,194,178,floor,1
11.061700,-2.749700,50.826801,187,193,178,floor,1
11.071600,-2.745100,50.828602,192,202,180,floor,1
11.074800,-2.746200,50.829700,191,205,181,floor,1
11.078500,-2.750100,50.828999,185,194,181,floor,1
11.083600,-2.752600,50.831402,198,212,198,floor,1
11.090100,-2.752700,50.831902,198,215,197,floor,1
11.100600,-2.751800,50.833500,189,204,184,floor,1
11.104200,-2.757400,50.832901,182,196,179,floor,1
11.108100,-2.764400,50.834900,194,211,196,floor,1
11.113400,-2.761800,50.834900,180,196,174,floor,1
11.116900,-2.756000,50.834599,185,198,181,floor,1
11.120200,-2.765100,50.835999,183,197,180,floor,1
11.127100,-2.758700,50.837200,192,210,193,floor,1
11.135200,-2.761500,50.836800,180,191,171,floor,1
11.139700,-2.763500,50.837898,182,190,176,floor,1
11.139800,-2.766100,50.838200,182,191,176,floor,1
11.147900,-2.763400,50.838699,189,196,186,floor,1
11.149500,-2.768500,50.840302,187,196,184,floor,1
11.156700,-2.771000,50.840698,188,195,185,floor,1
11.162400,-2.771600,50.854900,195,203,190,floor,1
11.189400,-2.782300,50.832001,51,60,72,floor,1
11.191800,-2.786600,50.831600,135,143,138,floor,1
11.204000,-2.777000,50.833401,56,63,84,floor,1
11.211600,-2.785700,50.836700,189,198,180,floor,1
11.217000,-2.778300,50.835300,194,199,181,floor,1
11.219900,-2.780900,50.835602,193,199,182,floor,1
11.232000,-2.779300,50.838001,194,203,183,floor,1
11.234700,-2.783000,50.838001,195,205,187,floor,1
11.244400,-2.781400,50.838299,189,200,184,floor,1
11.247700,-2.790800,50.839001,185,193,172,floor,1
11.256400,-2.781600,50.841202,190,200,186,floor,1
11.258600,-2.780200,50.840900,187,193,176,floor,1
11.268000,-2.779600,50.843700,191,198,182,floor,1
11.268100,-2.789500,50.843601,191,198,180,floor,1
11.274600,-2.779600,50.844200,192,198,183,floor,1
11.278400,-2.782100,50.844299,189,201,185,floor,1
11.282800,-2.782200,50.845100,189,201,185,floor,1
11.290500,-2.783400,50.847099,190,198,175,floor,1
11.294100,-2.782200,50.845901,186,192,175,floor,1
11.300900,-2.779800,50.848202,189,199,183,floor,1
11.305500,-2.782000,50.848499,185,192,170,floor,1
11.311000,-2.781900,50.849602,186,191,170,floor,1
11.316000,-2.781800,50.849098,186,190,170,floor,1
11.320400,-2.786600,50.849899,188,200,184,floor,1
11.324400,-2.785600,50.846901,164,152,130,floor,1
11.350200,-2.783500,50.855000,188,194,176,floor,1
11.353500,-2.786800,50.854900,188,194,176,floor,1
11.363700,-2.786900,50.855900,188,193,177,floor,1
11.370000,-2.784200,50.856800,186,198,182,floor,1
11.374100,-2.780800,50.857800,186,198,182,floor,1
11.379000,-2.780900,50.858200,186,198,182,floor,1
11.383100,-2.780400,50.859600,188,193,178,floor,1
11.390800,-2.772400,50.860401,185,193,173,floor,1
11.391800,-2.777600,50.860901,186,198,183,floor,1
11.399500,-2.780600,50.862099,187,193,175,floor,1
11.409300,-2.770700,50.863201,188,193,178,floor,1
11.415200,-2.774600,50.863701,185,197,184,floor,1
11.419500,-2.774100,50.863701,187,191,179,floor,1
11.422700,-2.774100,50.864201,187,191,178,floor,1
11.642800,-2.688600,50.917400,113,103,106,floor,1
11.650200,-2.689700,50.918598,110,100,104,floor,1
11.656600,-2.688300,50.919300,112,102,103,floor,1
11.668600,-2.680600,50.899799,127,124,122,floor,1
11.672200,-2.679200,50.899799,129,129,129,floor,1
11.678800,-2.679100,50.900501,129,129,124,floor,1
11.680700,-2.677800,50.900600,130,129,124,floor,1
11.683500,-2.672500,50.901299,132,133,127,floor,1
11.693900,-2.676200,50.902401,131,130,123,floor,1
11.696700,-2.672300,50.903099,133,132,126,floor,1
11.699200,-2.663200,50.903599,137,134,138,floor,1
11.702400,-2.665700,50.904999,135,136,133,floor,1
11.703700,-2.660600,50.904499,136,134,144,floor,1
11.708000,-2.656700,50.904900,137,135,137,floor,1
11.714900,-2.654000,50.906300,138,138,136,floor,1
11.717400,-2.648900,50.906898,141,139,131,floor,1
11.721700,-2.646300,50.907398,141,142,134,floor,1
11.726300,-2.646200,50.908401,141,141,138,floor,1
11.732400,-2.644900,50.908901,138,140,137,floor,1
11.736300,-2.644900,50.909199,137,140,137,floor,1
11.736500,-2.638600,50.909401,141,147,140,floor,1
11.742300,-2.638500,50.909698,145,148,141,floor,1
11.750800,-2.637200,50.910999,145,148,141,floor,1
11.755600,-2.627100,50.911999,147,149,144,floor,1
11.765300,-2.624600,50.912800,146,151,145,floor,1
11.763700,-2.617100,50.912899,148,153,144,floor,1
11.768800,-2.612100,50.914501,147,152,148,floor,1
11.773800,-2.612100,50.914299,148,154,149,floor,1
11.780200,-2.613400,50.915298,147,152,146,floor,1
11.782900,-2.613400,50.916199,148,153,146,floor,1
11.785500,-2.608400,50.916901,149,154,146,floor,1
11.786800,-2.601000,50.916599,149,154,148,floor,1
11.791400,-2.594800,50.917702,151,156,148,floor,1
11.792900,-2.596100,50.917301,152,157,151,floor,1
11.802900,-2.591300,50.918701,150,158,147,floor,1
11.803400,-2.583900,50.919201,154,158,151,floor,1
11.809000,-2.579000,50.919601,154,158,150,floor,1
11.809400,-2.577800,50.919998,155,160,150,floor,1
11.813300,-2.574200,50.920502,154,158,151,floor,1
11.818500,-2.570600,50.920601,159,164,158,floor,1
11.823500,-2.570700,50.922100,158,163,155,floor,1
11.824900,-2.564600,50.921700,161,166,161,floor,1
11.828600,-2.562200,50.922100,161,167,157,floor,1
11.833900,-2.557500,50.922298,163,169,158,floor,1
11.838600,-2.550300,50.923599,165,171,159,floor,1
11.842100,-2.550400,50.923698,162,169,157,floor,1
11.852400,-2.551900,50.925701,161,172,161,floor,1
11.850000,-2.542100,50.924999,165,173,162,floor,1
11.852300,-2.538600,50.925499,168,176,163,floor,1
11.861700,-2.538900,50.926601,164,175,160,floor,1
11.857800,-2.531500,50.926102,174,181,168,floor,1
11.862600,-2.526900,50.927601,179,188,168,floor,1
11.863900,-2.525700,50.927200,180,190,171,floor,1
11.867800,-2.523500,50.927898,178,190,173,floor,1
11.873800,-2.516500,50.928902,184,196,180,floor,1
11.875000,-2.512900,50.928600,185,196,178,floor,1
11.877400,-2.510700,50.929298,188,197,179,floor,1
11.883400,-2.510900,50.930401,186,197,178,floor,1
11.884400,-2.501400,50.929901,186,195,177,floor,1
11.889000,-2.501600,50.931198,188,196,177,floor,1
11.890400,-2.495700,50.931000,188,195,178,floor,1
11.892100,-2.494600,50.931198,188,195,179,floor,1
11.895200,-2.489900,50.931000,188,197,178,floor,1
11.905600,-2.488200,50.933498,185,198,179,floor,1
11.902500,-2.482000,50.931900,187,198,178,floor,1
11.906700,-2.476300,50.932899,187,197,176,floor,1
11.906800,-2.473900,50.933102,188,197,175,floor,1
11.910600,-2.469400,50.933701,187,194,175,floor,1
11.913900,-2.468400,50.933899,188,197,176,floor,1
11.920200,-2.464100,50.935299,186,198,176,floor,1
11.924600,-2.460800,50.935200,188,198,175,floor,1
11.921200,-2.454600,50.934799,186,195,173,floor,1
11.925000,-2.451300,50.935600,185,195,177,floor,1
11.930900,-2.450600,50.936699,186,198,179,floor,1
11.929300,-2.445800,50.936600,186,198,178,floor,1
11.930900,-2.439900,50.936600,186,197,174,floor,1
11.939800,-2.438300,50.937901,186,198,179,floor,1
11.938100,-2.431000,50.937599,187,197,177,floor,1
11.941700,-2.429000,50.938099,184,196,173,floor,1
11.943600,-2.423200,50.938301,186,199,182,floor,1
11.950500,-2.423800,50.939098,186,199,178,floor,1
11.953000,-2.420500,50.940102,186,199,180,floor,1
11.953200,-2.412300,50.940300,189,197,177,floor,1
11.955000,-2.408900,50.940498,188,196,181,floor,1
11.955200,-2.404300,50.940601,187,198,180,floor,1
11.960100,-2.401200,50.941200,190,199,178,floor,1
11.964000,-2.398000,50.941799,191,198,176,floor,1
11.963100,-2.392000,50.940800,187,196,182,floor,1
11.963900,-2.389800,50.941700,187,199,184,floor,1
11.972100,-2.386000,50.944000,172,178,161,floor,1
11.969200,-2.379700,50.942600,179,187,169,floor,1
11.972000,-2.377700,50.943901,176,183,163,floor,1
11.977400,-2.372800,50.948101,174,182,159,floor,1
11.979900,-2.368400,50.949100,175,183,156,floor,1
11.981000,-2.362700,50.948799,175,182,159,floor,1
11.978900,-2.356600,50.948101,167,177,150,floor,1
11.980500,-2.355500,50.948200,165,175,147,floor,1
10.886600,-2.215000,51.485401,191,190,173,floor,1
10.889400,-2.217600,51.485600,205,211,197,floor,1
10.601700,-2.368500,50.747398,188,163,137,floor,1
10.606100,-2.374800,50.748100,188,163,137,floor,1
10.608200,-2.380300,50.747898,186,165,142,floor,1
10.612100,-2.384400,50.748600,185,165,139,floor,1
10.612500,-2.386600,50.748600,188,164,139,floor,1
10.616600,-2.390700,50.749401,188,164,140,floor,1
10.670300,-2.365800,50.879002,211,193,164,floor,1
10.671800,-2.369200,50.879002,214,195,163,floor,1
10.672800,-2.375000,50.877800,217,197,166,floor,1
10.676000,-2.379300,50.877701,215,196,165,floor,1
10.670900,-2.387000,50.870899,205,192,164,floor,1
10.673900,-2.393700,50.872002,216,192,163,floor,1
10.674400,-2.398400,50.870899,217,196,167,floor,1
10.676200,-2.404100,50.869701,216,197,165,floor,1
10.677000,-2.405200,50.869598,217,200,168,floor,1
10.673200,-2.415000,50.850201,184,176,161,floor,1
10.673600,-2.419600,50.846600,182,176,156,floor,1
10.674300,-2.424300,50.839699,185,175,150,floor,1
10.674800,-2.432400,50.835098,182,175,154,floor,1
10.676300,-2.435800,50.831402,183,176,155,floor,1
10.692600,-2.433800,50.861301,187,178,160,floor,1
10.677500,-2.447500,50.819801,184,174,156,floor,1
10.679400,-2.454300,50.808201,182,173,152,floor,1
10.678500,-2.457900,50.810600,180,171,157,floor,1
10.697100,-2.453500,50.847099,198,191,168,floor,1
10.673700,-2.475700,50.756802,193,178,143,floor,1
10.670100,-2.485400,50.755901,191,178,149,floor,1
10.679200,-2.483500,50.757500,192,176,148,floor,1
10.685200,-2.492600,50.758202,193,177,150,floor,1
10.707400,-2.482000,50.817299,172,168,139,floor,1
10.729000,-2.471700,50.855000,191,176,154,floor,1
10.699100,-2.502300,50.760300,194,175,149,floor,1
10.693800,-2.512100,50.759701,195,176,149,floor,1
10.705100,-2.507900,50.761101,194,176,148,floor,1
10.704100,-2.515100,50.761200,196,176,147,floor,1
10.705200,-2.521000,50.761101,191,176,150,floor,1
10.714500,-2.522900,50.762699,190,175,150,floor,1
11.007600,-2.710100,50.819901,173,184,167,floor,1
11.007800,-2.720700,50.820599,184,195,174,floor,1
11.016700,-2.712700,50.821098,170,186,161,floor,1
11.022900,-2.718400,50.821899,183,188,177,floor,1
11.025500,-2.720500,50.823502,185,196,172,floor,1
11.032000,-2.721900,50.824699,186,198,182,floor,1
11.039700,-2.733500,50.824001,189,199,176,floor,1
11.042000,-2.728500,50.825699,188,199,180,floor,1
11.048500,-2.725300,50.826401,190,198,183,floor,1
11.056900,-2.728000,50.826099,185,199,176,floor,1
11.061500,-2.728600,50.828098,191,201,178,floor,1
11.068700,-2.733100,50.828999,190,201,180,floor,1
11.074000,-2.732900,50.828800,187,195,180,floor,1
11.079700,-2.733000,50.829498,190,201,183,floor,1
11.079700,-2.740900,50.829201,190,202,181,floor,1
11.094400,-2.740600,50.832401,191,202,180,floor,1
11.097200,-2.738700,50.833099,193,202,184,floor,1
11.100500,-2.740500,50.834000,189,202,183,floor,1
11.106900,-2.748500,50.835400,193,204,184,floor,1
11.111300,-2.740400,50.834202,192,200,188,floor,1
11.116900,-2.748600,50.835800,191,203,185,floor,1
11.123400,-2.748700,50.836800,189,202,188,floor,1
11.126700,-2.745400,50.836800,189,201,188,floor,1
11.130500,-2.757900,50.836300,172,190,170,floor,1
11.136900,-2.753100,50.838100,179,190,177,floor,1
11.142500,-2.752000,50.840199,183,191,180,floor,1
11.145400,-2.750400,50.839001,180,190,177,floor,1
11.151000,-2.750300,50.840199,185,194,179,floor,1
11.155800,-2.748800,50.841499,189,198,190,floor,1
11.162100,-2.748600,50.855900,194,203,194,floor,1
11.167300,-2.749800,50.849701,163,175,165,floor,1
11.185900,-2.771000,50.830002,76,84,97,floor,1
11.192400,-2.762500,50.833000,83,94,85,floor,1
11.195600,-2.765800,50.833698,141,148,139,floor,1
11.203300,-2.765200,50.833801,62,65,50,floor,1
11.209100,-2.762700,50.834400,188,199,176,floor,1
11.215800,-2.772600,50.834999,192,201,181,floor,1
11.221500,-2.766900,50.835800,187,196,184,floor,1
11.228000,-2.765400,50.838402,197,206,179,floor,1
11.231800,-2.769400,50.838699,194,203,183,floor,1
11.234500,-2.771300,50.838402,195,205,180,floor,1
11.241900,-2.766200,50.839500,192,200,185,floor,1
11.248100,-2.767500,50.839500,190,200,186,floor,1
11.250600,-2.767400,50.839802,187,194,178,floor,1
11.257900,-2.769600,50.842400,191,199,183,floor,1
11.261600,-2.769600,50.842300,191,199,183,floor,1
11.264800,-2.769600,50.843102,191,199,182,floor,1
11.270000,-2.767900,50.842800,191,200,185,floor,1
11.278000,-2.771600,50.844601,190,198,179,floor,1
11.281200,-2.766400,50.845200,190,201,187,floor,1
11.284600,-2.773100,50.845600,191,199,186,floor,1
11.288900,-2.769400,50.845798,187,192,173,floor,1
11.297800,-2.773200,50.847000,189,199,185,floor,1
11.301800,-2.775600,50.847401,189,200,185,floor,1
11.307400,-2.773200,50.849201,189,198,182,floor,1
11.309000,-2.765900,50.849300,190,199,175,floor,1
11.315800,-2.771500,50.848701,184,189,168,floor,1
11.317800,-2.766700,50.848999,188,196,180,floor,1
11.327300,-2.766700,50.851601,192,194,180,floor,1
11.331500,-2.763200,50.856602,108,91,66,floor,1
11.334400,-2.766100,50.853001,187,194,173,floor,1
11.350300,-2.766900,50.854599,188,195,180,floor,1
11.356300,-2.766200,50.855099,188,200,185,floor,1
11.359100,-2.772100,50.857201,186,194,172,floor,1
11.365300,-2.769900,50.856400,187,199,183,floor,1
11.369900,-2.763000,50.856998,189,201,184,floor,1
11.378300,-2.772300,50.858601,185,194,174,floor,1
11.386600,-2.763900,50.859501,188,193,174,floor,1
11.392900,-2.760600,50.861000,189,193,175,floor,1
11.415700,-2.760700,50.864300,187,190,173,floor,1
11.420400,-2.760500,50.863800,187,199,183,floor,1
11.426100,-2.754200,50.864601,188,193,178,floor,1
11.428600,-2.754900,50.866600,188,192,170,floor,1
11.612200,-2.693400,50.912899,111,98,90,floor,1
11.612000,-2.686800,50.912701,113,103,98,floor,1
11.619000,-2.687900,50.913700,113,102,94,floor,1
11.623500,-2.690400,50.914001,112,99,97,floor,1
11.628800,-2.686400,50.915298,110,104,102,floor,1
11.636000,-2.682600,50.895000,125,124,121,floor,1
11.649600,-2.683600,50.900398,124,122,120,floor,1
11.654800,-2.680900,50.897900,127,128,123,floor,1
11.659000,-2.679500,50.898300,129,128,122,floor,1
11.659400,-2.672900,50.898701,134,133,127,floor,1
11.661400,-2.670300,50.898701,135,134,129,floor,1
11.668200,-2.667600,50.899399,132,137,135,floor,1
11.672200,-2.666200,50.899700,133,138,136,floor,1
11.676400,-2.661000,50.899899,135,139,132,floor,1
11.683600,-2.667300,50.901402,133,137,134,floor,1
11.683700,-2.655700,50.901501,137,140,134,floor,1
11.688400,-2.662100,50.902302,137,139,133,floor,1
11.694000,-2.653000,50.902401,140,140,137,floor,1
11.701200,-2.659300,50.903900,135,135,139,floor,1
11.701300,-2.649000,50.903900,141,141,136,floor,1
11.708600,-2.654100,50.905499,137,137,137,floor,1
11.712900,-2.648900,50.906101,140,139,134,floor,1
11.710500,-2.642500,50.905602,144,144,133,floor,1
11.716500,-2.636100,50.906101,148,148,146,floor,1
11.719800,-2.634800,50.907398,148,149,145,floor,1
11.730700,-2.634800,50.908901,146,148,145,floor,1
11.730200,-2.625900,50.908401,146,152,146,floor,1
11.736600,-2.627100,50.909401,147,150,140,floor,1
11.740200,-2.624600,50.909401,148,150,140,floor,1
11.747000,-2.625900,50.910801,149,150,138,floor,1
11.745000,-2.617000,50.910500,149,154,146,floor,1
11.751600,-2.614500,50.911701,148,154,142,floor,1
11.755500,-2.608200,50.911999,149,154,146,floor,1
11.761600,-2.603200,50.912601,154,157,146,floor,1
11.765800,-2.602100,50.913300,154,157,145,floor,1
11.768300,-2.598300,50.914001,154,156,146,floor,1
11.774600,-2.595900,50.915001,153,156,149,floor,1
11.776400,-2.590900,50.915001,154,156,153,floor,1
11.780400,-2.589700,50.915298,153,157,150,floor,1
11.782600,-2.589700,50.915798,152,156,150,floor,1
11.786900,-2.583600,50.916599,151,158,153,floor,1
11.793600,-2.586200,50.917999,152,158,151,floor,1
11.792600,-2.578700,50.917000,153,160,153,floor,1
11.797200,-2.572600,50.918201,154,161,156,floor,1
11.801700,-2.572700,50.919201,157,160,157,floor,1
11.805100,-2.567800,50.918999,160,164,159,floor,1
11.809400,-2.565500,50.919998,161,165,159,floor,1
11.809800,-2.561800,50.920399,162,168,159,floor,1
11.817200,-2.554600,50.920799,165,171,155,floor,1
11.820300,-2.554700,50.920601,164,171,155,floor,1
11.823300,-2.548600,50.921799,163,170,157,floor,1
11.829000,-2.548800,50.922501,165,168,164,floor,1
11.830600,-2.544000,50.922401,165,172,164,floor,1
11.835100,-2.541700,50.923500,166,174,163,floor,1
11.838200,-2.535700,50.923199,168,177,163,floor,1
11.838400,-2.533200,50.923302,173,182,166,floor,1
11.844300,-2.532200,50.924099,172,182,164,floor,1
11.846300,-2.525000,50.924599,181,190,179,floor,1
11.849800,-2.523900,50.924702,182,192,181,floor,1
11.854500,-2.521700,50.925900,184,195,180,floor,1
11.860100,-2.518300,50.926701,183,195,180,floor,1
11.862000,-2.513600,50.926899,187,198,182,floor,1
11.864100,-2.508800,50.927399,187,197,179,floor,1
11.867800,-2.505400,50.927898,188,197,178,floor,1
11.873200,-2.503200,50.928299,187,198,178,floor,1
11.875000,-2.499700,50.928600,187,196,177,floor,1
11.875600,-2.497300,50.929298,188,198,177,floor,1
11.886600,-2.491900,50.930401,188,195,177,floor,1
11.884400,-2.484600,50.929798,185,198,172,floor,1
11.888800,-2.483600,50.931000,186,200,174,floor,1
11.892000,-2.476600,50.931000,188,198,172,floor,1
11.899700,-2.477100,50.932301,188,198,174,floor,1
11.897600,-2.473300,50.931702,186,195,173,floor,1
11.901300,-2.460400,50.932201,186,198,181,floor,1
11.903500,-2.458200,50.932899,186,198,181,floor,1
11.905300,-2.454800,50.933102,185,197,177,floor,1
11.909800,-2.450400,50.934502,186,198,177,floor,1
11.911100,-2.449200,50.934101,187,198,177,floor,1
11.914100,-2.443400,50.933998,186,198,179,floor,1
11.918500,-2.441400,50.935200,186,198,179,floor,1
11.918900,-2.435500,50.935600,187,199,177,floor,1
11.922200,-2.431000,50.935799,186,198,176,floor,1
11.925300,-2.427700,50.935799,186,198,175,floor,1
11.927800,-2.424400,50.936699,186,198,176,floor,1
11.931700,-2.424700,50.937401,186,199,177,floor,1
11.932900,-2.417600,50.937000,186,201,174,floor,1
11.934700,-2.413000,50.937199,185,198,176,floor,1
11.940000,-2.411100,50.937901,187,201,176,floor,1
11.945100,-2.408000,50.938202,185,198,176,floor,1
11.943400,-2.401900,50.938000,188,202,177,floor,1
11.946000,-2.398700,50.939201,187,199,175,floor,1
11.949600,-2.389600,50.939800,187,199,178,floor,1
11.955200,-2.385400,50.940601,189,200,179,floor,1
11.953300,-2.381700,50.940201,188,201,176,floor,1
11.959800,-2.377500,50.940701,189,199,182,floor,1
11.958400,-2.373900,50.940800,189,199,182,floor,1
11.965800,-2.373500,50.942001,192,199,181,floor,1
11.964000,-2.366300,50.941700,189,200,178,floor,1
11.967500,-2.361900,50.942299,190,202,178,floor,1
11.968700,-2.359600,50.941898,180,188,167,floor,1
11.733500,-2.218900,51.577400,108,135,146,floor,1
10.898100,-2.213600,51.487999,194,200,185,floor,1
10.667100,-2.334300,50.884800,191,177,152,floor,1
10.668400,-2.341200,50.887001,210,191,165,floor,1
10.674400,-2.342700,50.889198,212,193,166,floor,1
10.673600,-2.346400,50.888000,215,195,162,floor,1
10.672300,-2.354900,50.884701,213,197,165,floor,1
10.673900,-2.357000,50.884701,211,197,166,floor,1
10.671800,-2.364400,50.881100,215,198,166,floor,1
10.669400,-2.370700,50.868599,184,175,155,floor,1
10.670500,-2.375200,50.866199,185,175,155,floor,1
10.678100,-2.377800,50.878799,213,195,162,floor,1
10.671700,-2.385700,50.853500,182,173,154,floor,1
10.672800,-2.392600,50.850101,183,174,155,floor,1
10.673700,-2.399600,50.843102,182,175,152,floor,1
10.674300,-2.401800,50.839600,181,174,152,floor,1
10.675800,-2.409900,50.833801,185,175,156,floor,1
10.676600,-2.412200,50.831299,184,173,151,floor,1
10.677200,-2.418000,50.822102,183,173,149,floor,1
10.706700,-2.404200,50.879200,143,132,122,floor,1
10.711400,-2.409600,50.880199,210,195,166,floor,1
10.710300,-2.412100,50.879101,203,188,158,floor,1
10.717000,-2.413800,50.881302,203,193,164,floor,1
10.713800,-2.422600,50.874298,164,145,125,floor,1
10.725000,-2.419000,50.894100,182,175,157,floor,1
10.726700,-2.424900,50.894100,195,184,160,floor,1
10.727300,-2.430900,50.888199,184,175,156,floor,1
10.695300,-2.474100,50.759499,191,174,149,floor,1
10.695400,-2.478800,50.759499,194,174,150,floor,1
10.734400,-2.464100,50.858200,188,174,154,floor,1
10.709200,-2.494500,50.761902,195,176,152,floor,1
11.022200,-2.712600,50.821602,172,188,165,floor,1
11.034000,-2.707200,50.823299,184,194,172,floor,1
11.035600,-2.712100,50.825500,175,190,171,floor,1
11.039700,-2.708400,50.824501,175,181,171,floor,1
11.046500,-2.711800,50.826900,184,200,175,floor,1
11.051700,-2.712000,50.826801,181,187,176,floor,1
11.051400,-2.722800,50.826199,185,196,172,floor,1
11.058100,-2.722000,50.827702,190,199,178,floor,1
11.064600,-2.723400,50.829700,193,209,200,floor,1
11.068500,-2.717400,50.828701,184,197,177,floor,1
11.077600,-2.723500,50.830299,195,210,201,floor,1
11.083100,-2.719800,50.831299,187,200,181,floor,1
11.086200,-2.722800,50.831600,184,197,181,floor,1
11.090800,-2.725500,50.832500,192,203,180,floor,1
11.095400,-2.729800,50.832100,181,199,178,floor,1
11.102800,-2.724800,50.833099,189,198,184,floor,1
11.107000,-2.725600,50.834999,192,202,185,floor,1
11.113300,-2.732200,50.835499,192,202,189,floor,1
11.121900,-2.733700,50.835300,186,197,180,floor,1
11.125400,-2.729800,50.835701,191,197,186,floor,1
11.129800,-2.738800,50.837502,191,201,183,floor,1
11.132400,-2.735400,50.839100,193,212,202,floor,1
11.138600,-2.735500,50.839699,193,212,201,floor,1
11.146200,-2.738900,50.839901,190,198,181,floor,1
11.149200,-2.735600,50.841599,190,200,181,floor,1
11.155600,-2.739000,50.842300,188,199,184,floor,1
11.156700,-2.742400,50.840801,181,195,176,floor,1
11.163700,-2.742100,50.850399,192,201,189,floor,1
11.194600,-2.757900,50.832199,147,157,144,floor,1
11.202400,-2.749400,50.834301,168,177,162,floor,1
11.205800,-2.755100,50.833500,185,190,174,floor,1
11.212700,-2.749300,50.834999,195,203,193,floor,1
11.214100,-2.749800,50.834400,192,197,180,floor,1
11.219100,-2.752800,50.835999,194,206,183,floor,1
11.225200,-2.752200,50.836102,194,199,184,floor,1
11.228400,-2.756200,50.838600,194,204,185,floor,1
11.234100,-2.759900,50.837601,193,198,181,floor,1
11.240000,-2.759600,50.839901,195,204,180,floor,1
11.245000,-2.759600,50.840302,192,201,181,floor,1
11.253200,-2.759700,50.841301,192,201,177,floor,1
11.258000,-2.756400,50.842300,191,201,185,floor,1
11.264000,-2.762100,50.841099,188,192,178,floor,1
11.266000,-2.760800,50.841900,191,201,186,floor,1
11.273800,-2.754000,50.844002,191,200,187,floor,1
11.275100,-2.754100,50.843700,185,191,174,floor,1
11.280200,-2.754100,50.843601,185,192,175,floor,1
11.284700,-2.753200,50.845299,189,200,183,floor,1
11.293100,-2.754300,50.845798,192,201,189,floor,1
11.297500,-2.753300,50.848202,189,200,185,floor,1
11.302500,-2.753700,50.847401,188,191,171,floor,1
11.307400,-2.756700,50.849098,190,195,186,floor,1
11.310300,-2.763300,50.849701,189,197,184,floor,1
11.313800,-2.753400,50.849998,190,195,186,floor,1
11.318900,-2.753500,50.849701,186,187,172,floor,1
11.327200,-2.756800,50.851799,193,195,181,floor,1
11.333400,-2.755100,50.852200,189,200,186,floor,1
11.338500,-2.751700,50.852600,189,200,186,floor,1
11.348200,-2.751900,50.853001,189,200,186,floor,1
11.355900,-2.755600,50.855499,188,199,185,floor,1
11.359600,-2.760400,50.856300,189,193,174,floor,1
11.365500,-2.759300,50.856300,189,201,185,floor,1
11.366800,-2.750500,50.856701,188,196,180,floor,1
11.374400,-2.748900,50.857700,190,200,184,floor,1
11.379300,-2.752500,50.858101,189,201,186,floor,1
11.383600,-2.749100,50.859001,189,200,186,floor,1
11.387900,-2.752700,50.859798,188,200,186,floor,1
11.397500,-2.745800,50.860600,188,200,186,floor,1
11.403100,-2.747400,50.861801,187,195,175,floor,1
11.409200,-2.754000,50.863400,187,195,176,floor,1
11.416400,-2.744100,50.863098,188,196,177,floor,1
11.422700,-2.750800,50.864300,186,193,178,floor,1
11.430700,-2.742800,50.864399,190,197,186,floor,1
11.432500,-2.747600,50.866001,187,193,179,floor,1
11.589400,-2.688600,50.908901,112,102,99,floor,1
11.599400,-2.688400,50.910599,110,102,99,floor,1
11.606700,-2.683300,50.891800,124,123,119,floor,1
11.612300,-2.681900,50.891399,128,127,123,floor,1
11.616100,-2.683100,50.893200,126,123,119,floor,1
11.626300,-2.681500,50.893398,128,126,123,floor,1
11.635700,-2.673400,50.894699,133,133,130,floor,1
11.637800,-2.673400,50.894901,133,133,130,floor,1
11.640700,-2.669400,50.895699,133,133,130,floor,1
11.645500,-2.664000,50.896500,136,136,131,floor,1
11.650100,-2.661300,50.897202,136,136,131,floor,1
11.653000,-2.661300,50.897999,137,136,131,floor,1
11.657100,-2.661200,50.898201,138,137,132,floor,1
11.661200,-2.656000,50.898399,139,139,136,floor,1
11.667600,-2.659800,50.898899,138,138,132,floor,1
11.670000,-2.649300,50.899399,141,141,139,floor,1
11.672200,-2.649300,50.899601,141,141,139,floor,1
11.681200,-2.650500,50.901001,143,142,140,floor,1
11.683400,-2.645300,50.901199,147,147,141,floor,1
11.687900,-2.649200,50.901901,141,141,137,floor,1
11.692600,-2.641400,50.902802,143,143,138,floor,1
11.691400,-2.637500,50.903301,148,148,142,floor,1
11.702000,-2.638700,50.904598,144,146,143,floor,1
11.701700,-2.637500,50.904301,147,148,147,floor,1
11.702400,-2.629700,50.904900,145,151,143,floor,1
11.712700,-2.631000,50.905899,146,150,146,floor,1
11.711100,-2.625900,50.906101,150,153,145,floor,1
11.721900,-2.628400,50.907600,148,150,144,floor,1
11.717800,-2.619500,50.907200,148,154,143,floor,1
11.727700,-2.619500,50.907902,148,154,144,floor,1
11.727800,-2.618200,50.908001,148,154,144,floor,1
11.730800,-2.610600,50.909000,146,158,149,floor,1
11.742800,-2.615700,50.910000,149,154,145,floor,1
11.742900,-2.614500,50.910198,149,155,145,floor,1
11.747100,-2.610700,50.910801,151,157,151,floor,1
11.745200,-2.599300,50.910702,150,159,146,floor,1
11.749900,-2.598100,50.911800,151,158,146,floor,1
11.757200,-2.595700,50.911800,152,155,143,floor,1
11.757700,-2.591900,50.912300,154,157,146,floor,1
11.761700,-2.590700,50.912701,156,158,147,floor,1
11.762000,-2.585700,50.912998,153,159,146,floor,1
11.768300,-2.580800,50.913898,153,160,152,floor,1
11.776400,-2.583400,50.915001,156,159,153,floor,1
11.774800,-2.577100,50.915100,154,158,152,floor,1
11.778100,-2.574700,50.915001,158,162,154,floor,1
11.784800,-2.572300,50.916199,158,159,154,floor,1
11.786700,-2.567400,50.916302,160,165,159,floor,1
11.793600,-2.560200,50.917900,162,168,158,floor,1
11.800900,-2.565300,50.918400,160,166,159,floor,1
11.797500,-2.556500,50.918499,164,169,163,floor,1
11.807500,-2.561700,50.919701,161,167,160,floor,1
11.812700,-2.552000,50.919800,165,173,159,floor,1
11.810700,-2.544500,50.919601,164,173,158,floor,1
11.818600,-2.542300,50.920502,166,174,162,floor,1
11.825700,-2.535300,50.922501,170,178,165,floor,1
11.826900,-2.532800,50.922001,173,181,169,floor,1
11.827200,-2.527900,50.922298,177,186,165,floor,1
11.832400,-2.525700,50.922298,180,190,174,floor,1
11.836400,-2.521000,50.923000,186,195,179,floor,1
11.842500,-2.521200,50.924000,182,192,177,floor,1
11.840700,-2.516200,50.923901,186,197,177,floor,1
11.846400,-2.510400,50.924702,188,198,181,floor,1
11.850500,-2.511800,50.925301,188,199,182,floor,1
11.854000,-2.505900,50.925400,187,197,180,floor,1
11.853600,-2.499800,50.924999,187,197,179,floor,1
11.863800,-2.503900,50.926899,189,198,180,floor,1
11.861600,-2.494200,50.926399,187,199,179,floor,1
11.866000,-2.495600,50.927601,189,198,180,floor,1
11.867500,-2.487200,50.927502,186,197,178,floor,1
11.869400,-2.481300,50.927898,188,197,179,floor,1
11.874900,-2.481600,50.928398,189,197,179,floor,1
11.882500,-2.483200,50.929501,185,197,174,floor,1
11.881300,-2.473600,50.929901,187,197,176,floor,1
11.882900,-2.473700,50.929798,187,197,176,floor,1
11.884500,-2.465300,50.929901,187,196,177,floor,1
11.894100,-2.467200,50.931599,185,198,175,floor,1
11.888600,-2.458400,50.930698,187,196,177,floor,1
11.892200,-2.452600,50.931099,186,198,176,floor,1
11.894600,-2.450500,50.932098,187,197,180,floor,1
11.901800,-2.452100,50.932800,185,198,178,floor,1
11.899700,-2.446000,50.932201,187,196,180,floor,1
11.902000,-2.440200,50.932999,188,197,177,floor,1
11.905200,-2.438000,50.932899,187,196,176,floor,1
11.908700,-2.432300,50.933201,187,200,174,floor,1
11.914600,-2.431600,50.934601,186,198,176,floor,1
11.912200,-2.425400,50.933601,186,199,181,floor,1
11.914500,-2.422000,50.934399,186,197,179,floor,1
11.918100,-2.416300,50.934601,187,199,178,floor,1
11.924200,-2.418100,50.936100,185,199,173,floor,1
11.925200,-2.406200,50.935699,189,199,183,floor,1
11.932900,-2.403400,50.936901,188,198,180,floor,1
11.929300,-2.398300,50.936501,184,199,179,floor,1
11.934900,-2.395300,50.937302,188,199,181,floor,1
11.943900,-2.394900,50.938499,189,196,179,floor,1
11.938500,-2.388500,50.937901,186,198,178,floor,1
11.941800,-2.384000,50.938099,189,202,177,floor,1
11.943900,-2.380700,50.938599,188,200,180,floor,1
11.947300,-2.379800,50.938900,187,200,177,floor,1
11.946100,-2.371500,50.939201,187,199,180,floor,1
11.952400,-2.370800,50.939201,189,202,177,floor,1
11.951600,-2.362600,50.940102,189,201,179,floor,1
11.953000,-2.360300,50.939800,187,202,178,floor,1
11.958100,-2.358500,50.940399,187,202,179,floor,1
11.729700,-2.220200,51.556702,139,147,137,floor,1
10.669900,-2.338500,50.868500,175,168,142,floor,1
10.904900,-2.220600,51.480301,196,197,171,floor,1
10.670400,-2.350400,50.861599,179,170,148,floor,1
10.693100,-2.344700,50.889999,209,189,162,floor,1
10.672300,-2.359500,50.853401,183,170,150,floor,1
10.672000,-2.364300,50.849998,180,170,147,floor,1
10.673400,-2.368800,50.844101,178,172,147,floor,1
10.673800,-2.374700,50.840599,180,171,150,floor,1
10.675600,-2.378000,50.829102,180,172,146,floor,1
10.675800,-2.388600,50.830200,183,170,153,floor,1
10.676400,-2.390900,50.826698,180,170,148,floor,1
10.677000,-2.394300,50.819698,182,170,148,floor,1
10.677700,-2.402500,50.815102,178,170,143,floor,1
10.679800,-2.403400,50.810299,177,168,142,floor,1
10.715300,-2.389900,50.884800,154,138,118,floor,1
10.714200,-2.394900,50.884800,193,181,156,floor,1
10.725100,-2.393600,50.896500,188,184,170,floor,1
10.723700,-2.399800,50.901299,191,186,166,floor,1
10.723600,-2.404600,50.901299,201,190,169,floor,1
10.724200,-2.408200,50.898899,190,185,163,floor,1
10.726000,-2.415300,50.892899,187,181,162,floor,1
10.726000,-2.421300,50.882301,200,191,168,floor,1
10.726700,-2.426100,50.879799,193,184,165,floor,1
10.730100,-2.430600,50.880901,155,137,113,floor,1
10.735100,-2.433700,50.866501,190,173,144,floor,1
10.736200,-2.434800,50.866501,189,174,143,floor,1
10.736600,-2.442100,50.863998,191,181,152,floor,1
10.739000,-2.445500,50.861698,191,180,152,floor,1
10.710900,-2.471600,50.761600,190,171,148,floor,1
10.705800,-2.482800,50.760899,194,175,150,floor,1
10.710600,-2.486000,50.761700,193,177,151,floor,1
11.051900,-2.695800,50.826698,82,97,104,floor,1
11.057200,-2.695000,50.831402,194,200,195,floor,1
11.059900,-2.699100,50.827400,168,178,169,floor,1
11.065900,-2.705400,50.827702,166,182,167,floor,1
11.068500,-2.701600,50.828800,195,208,190,floor,1
11.077500,-2.702400,50.831600,188,202,183,floor,1
11.080100,-2.706800,50.830898,178,191,172,floor,1
11.084200,-2.709000,50.832001,180,192,174,floor,1
11.094300,-2.711800,50.832401,176,185,171,floor,1
11.095400,-2.712600,50.832298,182,193,179,floor,1
11.103800,-2.712400,50.834900,180,195,170,floor,1
11.107100,-2.712400,50.834801,181,197,169,floor,1
11.110000,-2.715700,50.835899,186,200,176,floor,1
11.112500,-2.719800,50.834900,181,198,178,floor,1
11.123100,-2.715800,50.837799,187,197,179,floor,1
11.128300,-2.716700,50.836700,183,194,177,floor,1
11.132900,-2.722400,50.839001,191,201,188,floor,1
11.136800,-2.721800,50.838001,188,197,183,floor,1
11.142700,-2.732200,50.839001,189,198,186,floor,1
11.145200,-2.727000,50.838600,188,197,185,floor,1
11.153600,-2.721600,50.840302,184,195,178,floor,1
11.155700,-2.727400,50.841000,181,194,178,floor,1
11.162800,-2.722400,50.853699,192,202,184,floor,1
11.188700,-2.734600,50.830799,115,123,123,floor,1
11.195500,-2.739400,50.834202,138,147,141,floor,1
11.198900,-2.746100,50.834202,157,164,156,floor,1
11.208900,-2.739500,50.835400,185,194,172,floor,1
11.211500,-2.742000,50.835201,192,197,175,floor,1
11.214300,-2.744600,50.835201,192,197,178,floor,1
11.222100,-2.742900,50.836800,196,206,181,floor,1
11.228400,-2.739600,50.838600,196,205,182,floor,1
11.232100,-2.743000,50.837898,196,205,184,floor,1
11.235000,-2.739700,50.839802,195,204,183,floor,1
11.241800,-2.743000,50.839802,193,204,183,floor,1
11.246400,-2.747900,50.840801,194,203,179,floor,1
11.250500,-2.744100,50.839699,187,194,181,floor,1
11.255500,-2.746700,50.839500,188,194,181,floor,1
11.258000,-2.746400,50.842400,190,202,180,floor,1
11.266200,-2.742100,50.843201,191,200,176,floor,1
11.268000,-2.749800,50.843800,190,201,185,floor,1
11.274500,-2.740000,50.843300,195,200,188,floor,1
11.277800,-2.741200,50.843899,186,194,178,floor,1
11.280300,-2.751500,50.843899,186,192,175,floor,1
11.287900,-2.743300,50.845798,190,201,184,floor,1
11.291100,-2.740000,50.846298,191,202,185,floor,1
11.296700,-2.743500,50.845798,188,191,177,floor,1
11.302500,-2.743400,50.847599,188,192,173,floor,1
11.308000,-2.740800,50.848499,186,190,172,floor,1
11.313100,-2.743300,50.848301,187,191,168,floor,1
11.317400,-2.740200,50.850300,191,198,186,floor,1
11.325600,-2.740200,50.865398,187,191,166,floor,1
11.329100,-2.748000,50.851501,189,200,185,floor,1
11.334700,-2.742500,50.852402,189,196,179,floor,1
11.337200,-2.743600,50.852600,193,196,182,floor,1
11.343800,-2.743700,50.853298,191,196,180,floor,1
11.353700,-2.737100,50.854698,193,196,185,floor,1
11.356600,-2.737900,50.855000,189,201,187,floor,1
11.379900,-2.740600,50.858898,188,196,178,floor,1
11.386300,-2.737300,50.860298,187,197,177,floor,1
11.389400,-2.743900,50.860901,187,197,178,floor,1
11.396300,-2.744000,50.861198,186,197,172,floor,1
11.409700,-2.731200,50.863499,187,195,176,floor,1
11.416100,-2.734200,50.864101,189,194,176,floor,1
11.419100,-2.734200,50.864799,189,194,176,floor,1
11.422600,-2.727600,50.864601,190,192,177,floor,1
11.554400,-2.689500,50.903801,114,102,97,floor,1
11.562000,-2.690700,50.904900,113,98,96,floor,1
11.580800,-2.681200,50.886799,129,130,123,floor,1
11.585900,-2.678400,50.887699,130,133,126,floor,1
11.596200,-2.683500,50.891399,125,124,118,floor,1
11.600500,-2.676700,50.889900,131,132,126,floor,1
11.604000,-2.678000,50.889301,132,131,126,floor,1
11.607200,-2.669900,50.890400,133,134,131,floor,1
11.612400,-2.667200,50.891499,134,135,132,floor,1
11.615200,-2.667100,50.892300,134,135,132,floor,1
11.621700,-2.672300,50.892700,134,134,128,floor,1
11.624500,-2.669600,50.893501,135,135,129,floor,1
11.629000,-2.663000,50.894001,138,137,129,floor,1
11.633600,-2.661600,50.894501,138,138,131,floor,1
11.633800,-2.655000,50.894699,139,142,135,floor,1
11.640300,-2.658800,50.895302,137,139,132,floor,1
11.644700,-2.652200,50.895802,138,139,132,floor,1
11.647600,-2.652200,50.896702,138,140,133,floor,1
11.652900,-2.646900,50.897900,143,144,138,floor,1
11.656700,-2.646800,50.897800,144,145,140,floor,1
11.662000,-2.644200,50.899200,145,146,142,floor,1
11.665800,-2.646700,50.898899,142,142,142,floor,1
11.670600,-2.640200,50.899899,146,148,144,floor,1
11.671300,-2.633700,50.900501,149,153,141,floor,1
11.679300,-2.637600,50.900799,147,149,144,floor,1
11.677100,-2.631100,50.900600,145,149,142,floor,1
11.682200,-2.628500,50.901798,147,152,148,floor,1
11.693100,-2.633600,50.903301,145,150,144,floor,1
11.697700,-2.631000,50.903999,145,152,144,floor,1
11.693700,-2.620700,50.903801,151,153,150,floor,1
11.700000,-2.622000,50.904301,150,153,145,floor,1
11.702300,-2.616900,50.904800,148,153,146,floor,1
11.706700,-2.615600,50.905399,149,155,148,floor,1
11.708600,-2.611800,50.905399,151,159,150,floor,1
11.713500,-2.611800,50.906601,147,159,149,floor,1
11.715900,-2.605400,50.907101,151,156,152,floor,1
11.724500,-2.605500,50.908199,150,157,150,floor,1
11.724000,-2.599100,50.907799,151,159,148,floor,1
11.727000,-2.596600,50.908901,152,160,149,floor,1
11.730900,-2.595400,50.909000,149,162,148,floor,1
11.740700,-2.599300,50.909801,147,158,143,floor,1
11.741200,-2.589200,50.910301,152,160,153,floor,1
11.746100,-2.582900,50.911400,152,157,150,floor,1
11.749300,-2.583000,50.911201,153,158,151,floor,1
11.758000,-2.583100,50.912601,154,161,148,floor,1
11.762500,-2.579400,50.913502,151,163,148,floor,1
11.762500,-2.573200,50.913399,158,164,156,floor,1
11.764100,-2.571900,50.913200,159,164,155,floor,1
11.770600,-2.573300,50.914398,157,164,153,floor,1
11.772300,-2.563300,50.914200,160,171,159,floor,1
11.776500,-2.563400,50.915100,163,169,159,floor,1
11.780700,-2.558600,50.915600,164,171,160,floor,1
11.785000,-2.563600,50.916302,164,168,155,floor,1
11.785000,-2.552400,50.916302,164,174,159,floor,1
11.791300,-2.553900,50.917500,165,171,161,floor,1
11.797000,-2.554000,50.917900,167,169,162,floor,1
11.793500,-2.542800,50.917801,165,176,159,floor,1
11.799500,-2.540500,50.918598,167,176,160,floor,1
11.801000,-2.539300,50.918400,166,176,159,floor,1
11.805200,-2.533200,50.919102,173,184,167,floor,1
11.815400,-2.536100,50.920700,173,179,163,floor,1
11.813000,-2.527400,50.919998,180,189,170,floor,1
11.815600,-2.525000,50.920799,182,192,173,floor,1
11.819200,-2.520200,50.921101,186,195,178,floor,1
11.819100,-2.519000,50.920898,186,195,178,floor,1
11.824600,-2.519200,50.921299,182,198,176,floor,1
11.826600,-2.511900,50.921600,188,197,181,floor,1
11.828500,-2.509600,50.921799,187,197,180,floor,1
11.833300,-2.503700,50.923100,187,198,178,floor,1
11.836500,-2.501400,50.923000,186,196,177,floor,1
11.842400,-2.502900,50.923801,187,197,179,floor,1
11.840600,-2.496700,50.923801,186,197,179,floor,1
11.850800,-2.499700,50.925701,187,197,178,floor,1
11.849900,-2.487400,50.924599,188,198,180,floor,1
11.851900,-2.488800,50.924999,188,198,179,floor,1
11.854100,-2.481600,50.925499,188,197,181,floor,1
11.856000,-2.478100,50.925701,187,196,177,floor,1
11.860000,-2.473400,50.926498,185,196,179,floor,1
11.863500,-2.470000,50.926498,184,194,178,floor,1
11.869600,-2.469200,50.928001,186,195,176,floor,1
11.874800,-2.463500,50.928200,186,199,175,floor,1
11.877000,-2.454000,50.928799,186,199,180,floor,1
11.882900,-2.453200,50.929798,186,198,179,floor,1
11.882700,-2.445900,50.929501,185,195,177,floor,1
11.886700,-2.442600,50.930401,187,196,178,floor,1
11.888800,-2.439200,50.930801,186,198,176,floor,1
11.894000,-2.440800,50.931400,188,198,175,floor,1
11.898100,-2.435100,50.932098,186,198,173,floor,1
11.896100,-2.430100,50.931702,186,197,176,floor,1
11.898000,-2.427900,50.932098,187,196,178,floor,1
11.902400,-2.422100,50.931599,186,195,179,floor,1
11.905100,-2.420000,50.932800,186,196,182,floor,1
11.907200,-2.410600,50.933201,186,197,180,floor,1
11.914900,-2.408900,50.934799,188,198,181,floor,1
11.912800,-2.405100,50.934101,188,197,181,floor,1
11.916300,-2.401800,50.934399,189,197,181,floor,1
11.923600,-2.400100,50.935501,189,198,182,floor,1
11.924500,-2.395500,50.936501,187,199,178,floor,1
11.922300,-2.388100,50.935799,187,199,177,floor,1
11.932700,-2.387900,50.936699,185,197,175,floor,1
11.929200,-2.382800,50.936298,187,199,176,floor,1
11.934800,-2.377400,50.937099,188,201,177,floor,1
11.932900,-2.371200,50.936901,187,200,177,floor,1
11.936400,-2.371600,50.937199,188,200,178,floor,1
11.946900,-2.366700,50.938499,185,201,177,floor,1
11.947400,-2.359700,50.938999,189,200,180,floor,1
11.722500,-2.222500,51.551701,128,140,143,floor,1
10.672700,-2.341600,50.846401,178,167,141,floor,1
10.674100,-2.348500,50.840500,177,168,143,floor,1
10.674600,-2.352000,50.837101,177,169,147,floor,1
10.697800,-2.346400,50.889801,208,188,162,floor,1
10.705600,-2.346500,50.890800,204,187,162,floor,1
10.705200,-2.350200,50.889702,201,185,161,floor,1
10.707100,-2.354800,50.888401,201,186,163,floor,1
10.713600,-2.358700,50.888302,199,187,161,floor,1
10.707400,-2.365600,50.884899,204,190,164,floor,1
10.680100,-2.387900,50.804401,157,146,116,floor,1
10.680300,-2.392600,50.801998,73,34,20,floor,1
10.668200,-2.409100,50.755901,184,167,133,floor,1
10.678700,-2.406700,50.757198,180,165,135,floor,1
10.685100,-2.410700,50.757900,182,165,136,floor,1
10.728100,-2.387100,50.890400,195,181,156,floor,1
10.729900,-2.388100,50.880798,111,77,71,floor,1
10.726400,-2.399400,50.875000,102,78,77,floor,1
10.694600,-2.425200,50.759300,179,165,138,floor,1
10.737100,-2.399900,50.889198,178,167,139,floor,1
10.739300,-2.403500,50.888401,178,166,138,floor,1
10.743900,-2.407900,50.886398,141,133,113,floor,1
10.744700,-2.412700,50.885502,186,177,147,floor,1
10.747800,-2.415700,50.881901,159,149,127,floor,1
10.745700,-2.429000,50.868500,177,163,136,floor,1
10.749500,-2.434800,50.868401,197,182,158,floor,1
10.721300,-2.461200,50.763000,175,168,138,floor,1
10.721700,-2.467200,50.763000,183,168,144,floor,1
10.760000,-2.443600,50.866901,190,179,159,floor,1
11.108400,-2.706500,50.833900,180,191,177,floor,1
11.112400,-2.706000,50.834999,171,188,169,floor,1
11.116500,-2.706100,50.835899,170,186,168,floor,1
11.119800,-2.712000,50.837700,189,204,184,floor,1
11.131100,-2.703700,50.837502,190,200,184,floor,1
11.134100,-2.706200,50.838100,186,196,180,floor,1
11.136000,-2.706000,50.840099,186,201,182,floor,1
11.139300,-2.709300,50.840099,183,197,180,floor,1
11.145300,-2.713900,50.839001,181,190,176,floor,1
11.152500,-2.709300,50.841499,183,198,179,floor,1
11.159700,-2.710100,50.841801,173,191,171,floor,1
11.195600,-2.729500,50.833801,143,159,154,floor,1
11.205700,-2.729600,50.834999,173,189,174,floor,1
11.212100,-2.723100,50.835400,189,200,178,floor,1
11.215700,-2.726400,50.835701,193,203,185,floor,1
11.218900,-2.723100,50.836498,194,204,186,floor,1
11.226600,-2.728700,50.836102,192,202,182,floor,1
11.234500,-2.730200,50.838501,196,205,176,floor,1
11.238600,-2.726500,50.839100,195,204,186,floor,1
11.247600,-2.728700,50.839600,188,194,182,floor,1
11.250600,-2.726000,50.840401,187,193,179,floor,1
11.256800,-2.725700,50.841202,193,202,187,floor,1
11.266000,-2.730400,50.843498,192,201,178,floor,1
11.267800,-2.726600,50.844601,192,203,180,floor,1
11.275000,-2.730900,50.843700,186,194,176,floor,1
11.277900,-2.730500,50.844799,191,200,181,floor,1
11.283400,-2.728200,50.845501,187,194,175,floor,1
11.287900,-2.730100,50.845798,191,202,183,floor,1
11.292700,-2.729800,50.846298,192,202,190,floor,1
11.302300,-2.730600,50.847099,185,192,171,floor,1
11.308900,-2.730600,50.849499,191,199,175,floor,1
11.310900,-2.726500,50.848999,193,202,190,floor,1
11.318900,-2.729900,50.846199,217,212,197,floor,1
11.327300,-2.727000,50.851601,191,198,186,floor,1
11.330400,-2.737000,50.852699,194,197,186,floor,1
11.333800,-2.730300,50.852901,194,197,186,floor,1
11.338400,-2.727000,50.852798,191,202,187,floor,1
11.350300,-2.733800,50.854801,193,196,185,floor,1
11.353300,-2.724900,50.855801,188,196,180,floor,1
11.356400,-2.723700,50.855301,191,202,187,floor,1
11.363400,-2.723900,50.856998,189,196,184,floor,1
11.369100,-2.734600,50.857899,190,201,187,floor,1
11.370000,-2.727300,50.857201,189,196,180,floor,1
11.377700,-2.731000,50.859402,185,193,176,floor,1
11.389600,-2.720700,50.860298,189,199,177,floor,1
11.399700,-2.720800,50.861698,188,197,177,floor,1
11.403000,-2.724100,50.862301,188,196,178,floor,1
11.409800,-2.719300,50.863300,186,194,175,floor,1
11.415700,-2.717600,50.863499,189,200,187,floor,1
11.419500,-2.717600,50.863701,190,193,180,floor,1
11.425600,-2.717600,50.866199,190,194,180,floor,1
11.429300,-2.724300,50.865200,190,192,177,floor,1
11.435800,-2.714400,50.864799,187,199,186,floor,1
11.441500,-2.719500,50.867199,186,194,171,floor,1
11.544300,-2.683400,50.882301,124,123,119,floor,1
11.547500,-2.681900,50.881401,127,127,124,floor,1
11.558700,-2.677600,50.883801,131,130,130,floor,1
11.562700,-2.684200,50.890999,121,118,116,floor,1
11.566100,-2.680100,50.884899,129,129,125,floor,1
11.569100,-2.672000,50.885700,135,136,130,floor,1
11.570900,-2.670600,50.885300,136,139,130,floor,1
11.578200,-2.677200,50.886398,131,132,126,floor,1
11.585600,-2.677000,50.887501,130,133,126,floor,1
11.590900,-2.666200,50.888500,138,138,133,floor,1
11.595400,-2.668800,50.888901,136,136,130,floor,1
11.600100,-2.658000,50.889500,142,143,137,floor,1
11.605400,-2.658000,50.890499,141,142,136,floor,1
11.612300,-2.663200,50.891399,138,138,135,floor,1
11.625100,-2.651100,50.893902,140,144,137,floor,1
11.626400,-2.645800,50.893398,141,147,139,floor,1
11.629200,-2.647100,50.894199,141,145,138,floor,1
11.636700,-2.641700,50.895500,147,150,140,floor,1
11.645200,-2.637700,50.896198,149,149,140,floor,1
11.650100,-2.636400,50.897099,145,152,143,floor,1
11.659000,-2.632400,50.898201,145,153,139,floor,1
11.666600,-2.625900,50.899601,148,154,141,floor,1
11.675300,-2.624600,50.900700,149,152,142,floor,1
11.679800,-2.620700,50.901199,151,154,146,floor,1
11.683900,-2.619400,50.901600,152,154,144,floor,1
11.688000,-2.615600,50.901901,152,155,144,floor,1
11.689000,-2.610400,50.902802,152,158,146,floor,1
11.694100,-2.614300,50.904099,152,155,145,floor,1
11.700100,-2.609100,50.904400,151,156,145,floor,1
11.705000,-2.606600,50.905602,151,159,150,floor,1
11.711200,-2.604100,50.906200,151,157,152,floor,1
11.715900,-2.604200,50.907101,150,157,152,floor,1
11.717700,-2.595200,50.907101,153,160,155,floor,1
11.716300,-2.591400,50.907501,156,164,151,floor,1
11.720100,-2.587600,50.907501,157,165,152,floor,1
11.724200,-2.585100,50.907902,158,165,154,floor,1
11.731600,-2.586500,50.909698,154,159,153,floor,1
11.730900,-2.578900,50.909000,160,167,154,floor,1
11.741300,-2.585400,50.910301,153,158,152,floor,1
11.737900,-2.573900,50.910500,161,169,156,floor,1
11.748200,-2.576600,50.911800,158,164,157,floor,1
11.752100,-2.572900,50.912102,161,166,155,floor,1
11.749400,-2.566600,50.911201,165,170,163,floor,1
11.755800,-2.565400,50.912102,165,169,160,floor,1
11.758300,-2.561700,50.912800,170,173,161,floor,1
11.759600,-2.559200,50.912399,166,170,158,floor,1
11.762700,-2.554300,50.913601,170,174,160,floor,1
11.766200,-2.553200,50.913502,166,171,159,floor,1
11.770800,-2.547000,50.914600,170,175,159,floor,1
11.776200,-2.545900,50.914700,167,175,158,floor,1
11.781000,-2.541100,50.915798,170,176,160,floor,1
11.785400,-2.542500,50.916698,169,175,158,floor,1
11.787400,-2.535100,50.916901,173,181,164,floor,1
11.790600,-2.532700,50.916599,174,183,166,floor,1
11.797600,-2.530500,50.918499,174,182,166,floor,1
11.801100,-2.526900,50.918499,182,189,173,floor,1
11.800300,-2.523100,50.917702,186,193,176,floor,1
11.807600,-2.525900,50.919701,181,190,173,floor,1
11.805600,-2.517200,50.919399,187,197,180,floor,1
11.811300,-2.513800,50.920101,187,197,178,floor,1
11.815000,-2.511400,50.920200,188,198,179,floor,1
11.815400,-2.506500,50.920601,187,198,178,floor,1
11.822800,-2.505700,50.921299,188,198,178,floor,1
11.822400,-2.500700,50.920799,186,197,178,floor,1
11.826800,-2.497200,50.921799,187,198,178,floor,1
11.827500,-2.492400,50.922501,189,198,177,floor,1
11.831000,-2.490100,50.922600,189,197,177,floor,1
11.833300,-2.486500,50.923000,186,198,176,floor,1
11.836600,-2.486700,50.923100,188,198,178,floor,1
11.840700,-2.483300,50.923801,186,198,175,floor,1
11.841800,-2.478400,50.923100,185,198,177,floor,1
11.846700,-2.475100,50.924900,186,199,177,floor,1
11.850100,-2.469200,50.924900,186,198,177,floor,1
11.851600,-2.466800,50.924599,186,195,173,floor,1
11.856100,-2.467100,50.925800,187,198,176,floor,1
11.860300,-2.462600,50.926800,187,196,177,floor,1
11.867400,-2.464200,50.927399,185,198,176,floor,1
11.863900,-2.456700,50.926998,184,196,179,floor,1
11.871200,-2.448700,50.927799,187,198,178,floor,1
11.875300,-2.441800,50.928699,188,197,180,floor,1
11.877100,-2.434600,50.928799,186,197,176,floor,1
11.886600,-2.436600,50.930199,186,197,172,floor,1
11.885200,-2.432900,50.930401,187,197,176,floor,1
11.883900,-2.425400,50.929100,187,198,182,floor,1
11.886300,-2.424500,50.929798,187,197,181,floor,1
11.888800,-2.419900,50.930801,187,196,180,floor,1
11.890600,-2.415200,50.930901,187,198,181,floor,1
11.894000,-2.409500,50.931301,189,197,176,floor,1
11.898300,-2.409900,50.932400,186,196,173,floor,1
11.899900,-2.404000,50.932301,189,196,178,floor,1
11.899800,-2.401600,50.932201,189,196,180,floor,1
11.907000,-2.399800,50.932999,188,198,179,floor,1
11.912700,-2.399100,50.933899,188,198,179,floor,1
11.914800,-2.393400,50.934601,190,202,181,floor,1
11.911000,-2.388200,50.933800,188,198,181,floor,1
11.913100,-2.380000,50.934299,187,196,181,floor,1
11.922500,-2.381000,50.935902,188,200,181,floor,1
11.918500,-2.372200,50.935001,190,199,183,floor,1
11.920400,-2.371200,50.935299,189,201,183,floor,1
11.927600,-2.369500,50.936298,188,200,182,floor,1
11.927700,-2.365900,50.936401,188,200,182,floor,1
11.926100,-2.358600,50.936501,191,199,183,floor,1
11.928200,-2.355300,50.936901,190,200,183,floor,1
11.713600,-2.222700,51.550499,129,141,148,floor,1
10.678000,-2.350200,50.814899,177,164,138,floor,1
10.709000,-2.341200,50.893002,204,188,162,floor,1
10.679900,-2.359400,50.807800,172,162,134,floor,1
10.724200,-2.343800,50.893902,196,185,164,floor,1
10.667900,-2.378400,50.755798,187,166,136,floor,1
10.730400,-2.355200,50.891499,197,187,162,floor,1
10.684400,-2.388200,50.757900,178,167,136,floor,1
10.688500,-2.390100,50.758598,178,165,130,floor,1
10.731500,-2.369700,50.886600,192,184,159,floor,1
10.729900,-2.373500,50.885502,163,158,126,floor,1
10.738600,-2.377300,50.885300,146,128,101,floor,1
10.697400,-2.414200,50.760201,176,158,131,floor,1
10.694700,-2.419300,50.759300,180,163,140,floor,1
10.699800,-2.424700,50.759998,178,164,139,floor,1
10.747300,-2.395600,50.887199,150,143,126,floor,1
10.751000,-2.395500,50.885601,161,154,137,floor,1
10.749600,-2.402700,50.886398,163,155,134,floor,1
10.762000,-2.401700,50.893600,177,168,137,floor,1
10.757800,-2.407700,50.878399,158,150,132,floor,1
10.753700,-2.418200,50.875000,164,155,131,floor,1
10.765500,-2.417600,50.878899,126,121,104,floor,1
10.726900,-2.452200,50.763699,150,136,116,floor,1
10.732300,-2.454200,50.764500,135,120,96,floor,1
10.765700,-2.430700,50.871498,191,176,149,floor,1
11.196900,-2.716300,50.831402,153,163,149,floor,1
11.202200,-2.719700,50.835098,165,180,154,floor,1
11.209000,-2.709800,50.835201,185,197,174,floor,1
11.209100,-2.718400,50.835499,91,96,73,floor,1
11.218800,-2.709900,50.837002,195,207,184,floor,1
11.219500,-2.710900,50.834999,194,199,183,floor,1
11.231900,-2.713200,50.838699,195,205,188,floor,1
11.245000,-2.713100,50.839500,187,197,179,floor,1
11.248400,-2.720000,50.841000,193,203,185,floor,1
11.250500,-2.718300,50.839901,186,194,179,floor,1
11.255800,-2.713100,50.840599,186,195,179,floor,1
11.264000,-2.713000,50.841801,186,195,179,floor,1
11.263900,-2.720700,50.841499,186,195,179,floor,1
11.272100,-2.712800,50.844101,193,202,174,floor,1
11.281400,-2.716800,50.844799,192,203,184,floor,1
11.284600,-2.720100,50.845798,191,203,184,floor,1
11.287500,-2.720100,50.847000,192,203,184,floor,1
11.297900,-2.713600,50.847099,192,202,186,floor,1
11.309200,-2.713000,50.848900,191,200,175,floor,1
11.312900,-2.725400,50.847900,186,191,172,floor,1
11.317400,-2.713700,50.850498,193,201,187,floor,1
11.330600,-2.713800,50.851898,193,199,183,floor,1
11.333800,-2.712800,50.852100,191,202,186,floor,1
11.340400,-2.717100,50.853100,191,198,184,floor,1
11.379400,-2.710000,50.858200,192,202,188,floor,1
11.388600,-2.713600,50.859402,191,202,188,floor,1
11.396900,-2.710200,50.861198,190,202,188,floor,1
11.409500,-2.707600,50.862801,186,198,174,floor,1
11.413100,-2.704300,50.862801,185,197,171,floor,1
11.419400,-2.704300,50.864101,185,197,173,floor,1
11.425900,-2.711000,50.865299,189,195,182,floor,1
11.434900,-2.701700,50.867298,189,195,169,floor,1
11.441500,-2.707600,50.867199,185,194,171,floor,1
11.446000,-2.686100,50.917099,115,110,101,floor,1
11.524600,-2.675500,50.878101,135,135,126,floor,1
11.534900,-2.680800,50.879601,130,129,123,floor,1
11.535700,-2.675300,50.880199,132,131,127,floor,1
11.542700,-2.673800,50.880901,136,135,127,floor,1
11.550500,-2.677800,50.882099,132,131,127,floor,1
11.555100,-2.669500,50.882500,137,138,132,floor,1
11.556500,-2.662700,50.883701,139,144,134,floor,1
11.558900,-2.662600,50.883900,138,143,132,floor,1
11.568500,-2.665200,50.885101,140,142,133,floor,1
11.568600,-2.661100,50.885101,142,143,131,floor,1
11.576600,-2.659700,50.886700,142,142,136,floor,1
11.581100,-2.652900,50.886902,144,145,141,floor,1
11.585200,-2.654200,50.887100,143,144,139,floor,1
11.590200,-2.652800,50.887798,142,143,138,floor,1
11.596200,-2.650100,50.889500,144,149,136,floor,1
11.596200,-2.648700,50.889400,144,150,136,floor,1
11.600400,-2.644700,50.889702,144,149,139,floor,1
11.604500,-2.646000,50.889702,143,147,137,floor,1
11.617500,-2.635200,50.892502,149,154,146,floor,1
11.622800,-2.636500,50.893600,151,153,145,floor,1
11.627000,-2.637800,50.893902,148,151,145,floor,1
11.634000,-2.639100,50.894901,147,150,144,floor,1
11.634900,-2.631200,50.895599,150,156,148,floor,1
11.637200,-2.628600,50.896000,151,157,149,floor,1
11.645500,-2.620600,50.896400,150,156,156,floor,1
11.648300,-2.620600,50.897202,151,155,155,floor,1
11.651300,-2.616700,50.898102,154,159,154,floor,1
11.657800,-2.619400,50.898800,151,156,148,floor,1
11.660400,-2.616800,50.899399,151,157,146,floor,1
11.662400,-2.610200,50.899399,155,160,151,floor,1
11.667300,-2.607700,50.900200,159,161,154,floor,1
11.675400,-2.602500,50.900799,160,163,156,floor,1
11.677800,-2.605100,50.901100,160,162,149,floor,1
11.684400,-2.601300,50.902000,158,160,149,floor,1
11.686500,-2.601300,50.902199,157,160,148,floor,1
11.693500,-2.591100,50.903500,164,170,156,floor,1
11.696200,-2.588500,50.904202,164,170,157,floor,1
11.701000,-2.587300,50.905102,165,169,156,floor,1
11.703000,-2.586100,50.905300,164,171,155,floor,1
11.707100,-2.583600,50.905800,162,174,157,floor,1
11.711200,-2.578500,50.906101,160,175,160,floor,1
11.722800,-2.580000,50.908298,160,168,159,floor,1
11.724600,-2.568500,50.908199,166,173,158,floor,1
11.730600,-2.566100,50.908600,158,169,154,floor,1
11.732900,-2.566200,50.909100,160,171,157,floor,1
11.737400,-2.566300,50.910000,164,173,158,floor,1
11.738900,-2.557500,50.909698,164,176,159,floor,1
11.743600,-2.553800,50.910702,164,176,157,floor,1
11.747800,-2.553900,50.911301,165,175,158,floor,1
11.747600,-2.550100,50.911201,168,176,163,floor,1
11.755800,-2.549100,50.912102,165,173,164,floor,1
11.758400,-2.545400,50.912800,170,177,164,floor,1
11.758100,-2.541600,50.912601,172,179,160,floor,1
11.764500,-2.541800,50.913502,167,177,163,floor,1
11.764400,-2.536800,50.913399,175,180,162,floor,1
11.768300,-2.534400,50.913700,176,182,165,floor,1
11.772500,-2.529600,50.914299,178,187,171,floor,1
11.783600,-2.527500,50.916599,180,190,173,floor,1
11.783400,-2.526200,50.916401,181,190,174,floor,1
11.786100,-2.521400,50.917301,186,196,179,floor,1
11.790300,-2.515300,50.916401,190,199,183,floor,1
11.791100,-2.512800,50.917099,188,197,183,floor,1
11.795300,-2.508100,50.917702,190,199,182,floor,1
11.801300,-2.509600,50.918598,189,198,178,floor,1
11.801400,-2.505900,50.918701,189,199,179,floor,1
11.805500,-2.503600,50.919300,187,196,176,floor,1
11.811000,-2.492700,50.919701,188,199,178,floor,1
11.813400,-2.489100,50.920399,188,198,178,floor,1
11.817200,-2.489300,50.920700,187,197,177,floor,1
11.820700,-2.485800,50.920799,187,197,176,floor,1
11.827400,-2.485000,50.922401,187,200,174,floor,1
11.825200,-2.480000,50.921799,189,197,180,floor,1
11.832500,-2.473000,50.922298,186,199,179,floor,1
11.833400,-2.469400,50.923199,187,196,179,floor,1
11.842100,-2.471100,50.923500,186,199,177,floor,1
11.840800,-2.462500,50.923801,185,198,179,floor,1
11.846700,-2.460400,50.924801,186,198,178,floor,1
11.850100,-2.463100,50.924801,187,196,175,floor,1
11.846500,-2.451900,50.924599,186,198,175,floor,1
11.850600,-2.449700,50.925301,187,195,178,floor,1
11.855600,-2.446400,50.925201,186,195,177,floor,1
11.856100,-2.444000,50.925701,186,196,178,floor,1
11.858500,-2.436900,50.926498,186,197,181,floor,1
11.863800,-2.438500,50.926800,186,198,180,floor,1
11.865200,-2.430000,50.926498,187,196,177,floor,1
11.868200,-2.426700,50.928101,186,197,180,floor,1
11.874800,-2.422300,50.928101,187,195,183,floor,1
11.875200,-2.416300,50.928501,187,197,179,floor,1
11.877000,-2.415200,50.928600,188,198,180,floor,1
11.883000,-2.409700,50.929699,187,197,180,floor,1
11.887600,-2.406500,50.931198,189,197,179,floor,1
11.892200,-2.402100,50.931000,189,197,180,floor,1
11.890300,-2.399500,50.930599,188,198,182,floor,1
11.894200,-2.393800,50.931400,187,198,182,floor,1
11.902100,-2.393400,50.932899,189,199,183,floor,1
11.904000,-2.390000,50.933201,188,199,183,floor,1
11.904100,-2.384000,50.933300,187,199,179,floor,1
11.901700,-2.381300,50.932400,189,199,183,floor,1
11.909500,-2.378500,50.933800,190,199,186,floor,1
11.907500,-2.372200,50.933498,190,198,184,floor,1
11.911300,-2.370200,50.934101,188,198,183,floor,1
11.914700,-2.369400,50.934502,188,200,184,floor,1
11.913200,-2.360800,50.934299,187,200,183,floor,1
11.914300,-2.354900,50.933899,186,199,182,floor,1
11.918700,-2.356600,50.935200,186,201,183,floor,1
10.732600,-2.334000,50.898499,200,189,162,floor,1
10.733100,-2.338900,50.897400,200,187,163,floor,1
10.682900,-2.368100,50.757900,185,167,139,floor,1
10.739000,-2.341700,50.897301,195,189,163,floor,1
10.692500,-2.375200,50.759399,178,166,129,floor,1
10.692400,-2.381200,50.759399,176,163,135,floor,1
10.742600,-2.358400,50.892300,199,189,164,floor,1
10.704800,-2.384800,50.772999,107,114,99,floor,1
10.740800,-2.368400,50.887600,191,182,156,floor,1
10.703800,-2.398000,50.773998,104,109,102,floor,1
10.751000,-2.369600,50.888699,192,183,162,floor,1
10.750500,-2.374600,50.887402,170,157,136,floor,1
10.714500,-2.406300,50.762299,158,153,120,floor,1
10.720300,-2.410500,50.762901,156,146,117,floor,1
10.755200,-2.390900,50.885799,161,160,143,floor,1
10.759200,-2.392700,50.891899,177,170,146,floor,1
10.763200,-2.394800,50.885201,134,124,114,floor,1
10.764500,-2.401800,50.883701,106,101,89,floor,1
10.771100,-2.401800,50.884201,179,172,153,floor,1
10.731400,-2.433600,50.764500,120,102,86,floor,1
10.774100,-2.408300,50.883400,230,204,193,floor,1
11.195500,-2.703200,50.834202,143,149,139,floor,1
11.202200,-2.699900,50.835400,166,177,159,floor,1
11.205700,-2.695400,50.834000,178,182,168,floor,1
11.209100,-2.697000,50.834000,124,132,134,floor,1
11.211400,-2.705700,50.835201,187,196,180,floor,1
11.218900,-2.700000,50.836899,195,209,183,floor,1
11.222200,-2.700000,50.836800,195,209,182,floor,1
11.227900,-2.700400,50.836601,199,200,188,floor,1
11.231900,-2.700000,50.839001,195,209,184,floor,1
11.236700,-2.702900,50.837399,193,197,182,floor,1
11.238500,-2.703400,50.839600,193,206,186,floor,1
11.245000,-2.703400,50.840401,192,205,187,floor,1
11.248700,-2.700100,50.840199,191,206,188,floor,1
11.255900,-2.702700,50.841099,187,198,176,floor,1
11.258300,-2.710400,50.840900,186,197,178,floor,1
11.265000,-2.700200,50.842800,189,205,187,floor,1
11.266100,-2.701300,50.842201,195,204,191,floor,1
11.271200,-2.706800,50.844398,189,205,189,floor,1
11.274600,-2.706900,50.844398,189,204,188,floor,1
11.281100,-2.703600,50.845798,190,204,188,floor,1
11.285800,-2.702400,50.845299,191,193,179,floor,1
11.290600,-2.707500,50.842098,203,214,196,floor,1
11.292300,-2.705200,50.846802,193,204,191,floor,1
11.297800,-2.703700,50.847301,190,203,186,floor,1
11.302600,-2.712600,50.848499,190,192,176,floor,1
11.305900,-2.701800,50.848400,193,203,192,floor,1
11.313200,-2.707300,50.848999,189,191,176,floor,1
11.386300,-2.697500,50.860600,189,196,180,floor,1
11.392500,-2.703000,50.860600,191,202,188,floor,1
11.396800,-2.701600,50.861801,187,195,174,floor,1
11.402100,-2.699600,50.861698,190,201,188,floor,1
11.416200,-2.701000,50.863800,185,197,172,floor,1
11.419500,-2.697600,50.863800,187,198,176,floor,1
11.422400,-2.697600,50.865299,186,198,176,floor,1
11.430200,-2.700000,50.865101,189,201,187,floor,1
11.476700,-2.676500,50.871700,145,149,137,floor,1
11.484100,-2.679100,50.872398,135,139,127,floor,1
11.489700,-2.681800,50.873600,132,130,125,floor,1
11.489200,-2.676200,50.873199,139,140,132,floor,1
11.499800,-2.676000,50.874901,137,137,134,floor,1
11.502100,-2.669000,50.875099,142,141,139,floor,1
11.512600,-2.666100,50.876701,142,143,138,floor,1
11.517700,-2.671500,50.877602,139,140,130,floor,1
11.520100,-2.666000,50.877701,140,142,135,floor,1
11.524500,-2.663200,50.877998,144,144,137,floor,1
11.528300,-2.665900,50.879299,141,142,136,floor,1
11.530600,-2.660300,50.879398,144,144,137,floor,1
11.539900,-2.658800,50.880299,143,144,138,floor,1
11.548300,-2.658700,50.882000,141,145,138,floor,1
11.556100,-2.655900,50.883301,144,148,136,floor,1
11.555900,-2.654500,50.883202,143,148,136,floor,1
11.560800,-2.650400,50.883598,142,148,135,floor,1
11.572000,-2.647600,50.886200,146,149,137,floor,1
11.581100,-2.651600,50.886902,144,145,141,floor,1
11.583600,-2.648800,50.887402,144,145,139,floor,1
11.586200,-2.636700,50.887798,153,160,152,floor,1
11.588000,-2.638000,50.887699,152,158,149,floor,1
11.593900,-2.643400,50.889301,145,150,141,floor,1
11.595400,-2.632700,50.888699,157,162,153,floor,1
11.603100,-2.632600,50.890301,155,157,144,floor,1
11.606400,-2.628600,50.891399,159,164,149,floor,1
11.611500,-2.629900,50.892300,153,158,144,floor,1
11.613100,-2.632600,50.891998,150,156,146,floor,1
11.619900,-2.629900,50.892601,150,155,148,floor,1
11.620300,-2.621900,50.893002,157,168,149,floor,1
11.629000,-2.627200,50.894001,152,156,149,floor,1
11.627100,-2.618000,50.894001,160,172,149,floor,1
11.636500,-2.612700,50.895302,166,173,155,floor,1
11.639000,-2.611400,50.895802,166,172,155,floor,1
11.646600,-2.612800,50.897400,160,166,154,floor,1
11.647000,-2.608800,50.897800,165,171,156,floor,1
11.650700,-2.606200,50.897598,165,171,158,floor,1
11.658300,-2.608900,50.899200,161,166,157,floor,1
11.658200,-2.598500,50.899101,166,175,160,floor,1
11.664400,-2.601100,50.899300,163,171,156,floor,1
11.668900,-2.592100,50.899899,168,176,158,floor,1
11.671000,-2.592100,50.900101,166,174,156,floor,1
11.676200,-2.588200,50.901501,166,175,157,floor,1
11.680600,-2.587000,50.901901,166,174,159,floor,1
11.691500,-2.587200,50.903301,164,172,157,floor,1
11.690800,-2.582000,50.902599,166,174,157,floor,1
11.698000,-2.573100,50.904099,168,173,161,floor,1
11.701000,-2.573200,50.905102,168,173,161,floor,1
11.709400,-2.574600,50.906101,163,177,160,floor,1
11.712800,-2.576000,50.905701,162,176,159,floor,1
11.715800,-2.568300,50.906898,167,176,161,floor,1
11.713900,-2.563200,50.906799,168,175,162,floor,1
11.717600,-2.560700,50.906898,167,176,161,floor,1
11.724800,-2.563500,50.908401,164,174,159,floor,1
11.724500,-2.553200,50.908100,170,178,165,floor,1
11.729300,-2.554700,50.909302,167,176,165,floor,1
11.731200,-2.548400,50.909100,171,178,165,floor,1
11.739400,-2.548600,50.910198,170,177,159,floor,1
11.739600,-2.543500,50.910400,173,177,164,floor,1
11.745500,-2.546200,50.910702,169,176,160,floor,1
11.747500,-2.540000,50.910999,174,179,165,floor,1
11.749400,-2.538800,50.911201,174,179,165,floor,1
11.757700,-2.539000,50.912201,172,179,159,floor,1
11.756100,-2.532700,50.912201,178,183,167,floor,1
11.760600,-2.531600,50.913200,179,184,168,floor,1
11.760200,-2.524000,50.912800,188,193,180,floor,1
11.767900,-2.523100,50.913399,185,195,173,floor,1
11.768300,-2.516800,50.913700,189,200,181,floor,1
11.772100,-2.517000,50.913898,190,200,180,floor,1
11.776300,-2.512200,50.914700,191,199,182,floor,1
11.778500,-2.511000,50.915199,191,200,182,floor,1
11.784900,-2.512600,50.916100,190,198,183,floor,1
11.785100,-2.503800,50.916302,190,198,182,floor,1
11.789100,-2.506500,50.916801,190,199,180,floor,1
11.791600,-2.497900,50.917500,190,199,180,floor,1
11.795700,-2.496900,50.918098,190,199,178,floor,1
11.797900,-2.490800,50.918598,188,198,181,floor,1
11.801400,-2.492200,50.918701,188,197,181,floor,1
11.807300,-2.483900,50.919201,188,197,180,floor,1
11.810800,-2.482800,50.919498,189,198,182,floor,1
11.811300,-2.476700,50.919998,187,199,178,floor,1
11.818800,-2.477100,50.920601,190,198,180,floor,1
11.815600,-2.469500,50.920700,186,198,176,floor,1
11.823000,-2.470000,50.921299,188,197,179,floor,1
11.821300,-2.463700,50.921299,184,197,175,floor,1
11.833000,-2.465700,50.922699,186,197,178,floor,1
11.830900,-2.459400,50.922401,185,195,176,floor,1
11.830700,-2.453200,50.922199,186,198,178,floor,1
11.834900,-2.449800,50.923000,183,197,183,floor,1
11.835000,-2.448600,50.923000,184,196,181,floor,1
11.838800,-2.445200,50.923401,186,195,181,floor,1
11.844300,-2.444300,50.923801,187,195,180,floor,1
11.844400,-2.437000,50.923901,186,196,179,floor,1
11.848100,-2.437300,50.924400,186,196,177,floor,1
11.852200,-2.426600,50.925098,187,197,180,floor,1
11.854200,-2.425500,50.925301,185,199,179,floor,1
11.855900,-2.422000,50.925499,187,199,179,floor,1
11.860000,-2.416200,50.926300,186,197,177,floor,1
11.862800,-2.413900,50.925701,187,198,178,floor,1
11.867600,-2.412000,50.927299,188,198,180,floor,1
11.873600,-2.407700,50.928398,189,197,180,floor,1
11.871300,-2.400100,50.927700,184,200,178,floor,1
11.875300,-2.396900,50.928501,186,199,178,floor,1
11.875700,-2.393300,50.928902,186,198,180,floor,1
11.879300,-2.391200,50.929298,188,198,178,floor,1
11.882000,-2.385300,50.928600,188,198,182,floor,1
11.884500,-2.380800,50.929600,186,198,181,floor,1
11.887200,-2.377400,50.930698,188,200,181,floor,1
11.894100,-2.380500,50.931301,188,197,180,floor,1
11.894600,-2.377000,50.931801,189,200,183,floor,1
11.892400,-2.369500,50.931099,189,197,183,floor,1
11.901500,-2.361900,50.932098,188,199,183,floor,1
11.902100,-2.357200,50.932800,186,199,182,floor,1
10.944900,-2.221900,51.483398,197,199,180,floor,1
10.946900,-2.224600,51.478298,187,194,172,floor,1
10.748100,-2.349000,50.895901,198,188,164,floor,1
10.756900,-2.346500,50.898102,202,192,168,floor,1
10.761500,-2.353300,50.896801,199,189,169,floor,1
10.758900,-2.362400,50.893200,198,189,164,floor,1
10.763100,-2.369300,50.890800,193,183,160,floor,1
10.759700,-2.374600,50.888500,190,178,157,floor,1
10.731500,-2.414200,50.764400,109,91,75,floor,1
10.770400,-2.392300,50.887501,193,189,169,floor,1
10.776600,-2.389100,50.889099,194,190,168,floor,1
11.211700,-2.686700,50.836899,194,204,178,floor,1
11.213900,-2.687500,50.834599,196,200,186,floor,1
11.225600,-2.686800,50.836899,198,209,186,floor,1
11.228700,-2.686800,50.837700,197,210,190,floor,1
11.231800,-2.696700,50.839401,195,210,183,floor,1
11.239500,-2.689900,50.838600,191,197,182,floor,1
11.242100,-2.687300,50.838902,190,198,180,floor,1
11.248400,-2.690200,50.841099,193,207,188,floor,1
11.251400,-2.690200,50.841900,191,206,187,floor,1
11.254600,-2.693600,50.842098,191,206,187,floor,1
11.257800,-2.693600,50.843102,191,206,187,floor,1
11.264900,-2.690300,50.843201,190,205,186,floor,1
11.268000,-2.690300,50.844101,190,205,188,floor,1
11.274900,-2.687100,50.843700,188,196,178,floor,1
11.278800,-2.698000,50.844501,194,205,191,floor,1
11.283000,-2.691000,50.845402,191,206,191,floor,1
11.284400,-2.695300,50.845600,191,201,178,floor,1
11.291000,-2.697000,50.846699,192,204,189,floor,1
11.296800,-2.689500,50.847000,189,194,179,floor,1
11.405700,-2.682200,50.862499,196,201,190,floor,1
11.410300,-2.680700,50.862598,195,201,185,floor,1
11.416800,-2.683400,50.864201,198,203,185,floor,1
11.421600,-2.680400,50.864498,191,200,180,floor,1
11.427600,-2.676000,50.865700,194,203,183,floor,1
11.434800,-2.678700,50.866100,195,201,182,floor,1
11.440000,-2.678600,50.866699,193,200,181,floor,1
11.442700,-2.680000,50.867001,189,196,176,floor,1
11.451000,-2.672700,50.868500,186,195,177,floor,1
11.455600,-2.671200,50.868599,184,194,175,floor,1
11.458100,-2.672600,50.868801,183,188,174,floor,1
11.466100,-2.675300,50.870098,175,179,168,floor,1
11.468800,-2.665400,50.870499,183,190,175,floor,1
11.474000,-2.672300,50.871300,172,176,166,floor,1
11.476100,-2.666700,50.871201,176,182,167,floor,1
11.482000,-2.670800,50.872501,167,167,158,floor,1
11.484900,-2.662300,50.873001,178,184,166,floor,1
11.489900,-2.660900,50.873699,175,182,162,floor,1
11.494400,-2.663600,50.873798,163,170,148,floor,1
11.494700,-2.659400,50.874199,173,178,160,floor,1
11.499600,-2.658000,50.874699,170,177,157,floor,1
11.505300,-2.655100,50.875900,171,177,153,floor,1
11.508000,-2.656500,50.876400,166,174,147,floor,1
11.512900,-2.652300,50.876999,170,173,153,floor,1
11.517400,-2.655000,50.877300,164,169,151,floor,1
11.520600,-2.650800,50.878101,169,169,157,floor,1
11.523900,-2.652100,50.879200,163,169,155,floor,1
11.535500,-2.652000,50.880001,154,159,149,floor,1
11.538800,-2.652000,50.881001,154,156,148,floor,1
11.545900,-2.642300,50.881802,161,171,155,floor,1
11.551000,-2.646400,50.882500,155,158,143,floor,1
11.555600,-2.645000,50.882900,156,159,145,floor,1
11.558300,-2.635500,50.883301,167,173,156,floor,1
11.563500,-2.639500,50.884201,162,167,148,floor,1
11.563700,-2.634100,50.884399,168,176,154,floor,1
11.568800,-2.634100,50.885201,165,175,151,floor,1
11.578000,-2.639400,50.886101,153,157,147,floor,1
11.581800,-2.625900,50.887501,169,171,159,floor,1
11.583700,-2.627300,50.887402,166,170,158,floor,1
11.590000,-2.623300,50.887600,168,172,162,floor,1
11.596800,-2.621900,50.889999,167,174,163,floor,1
11.601100,-2.624600,50.890301,165,170,161,floor,1
11.605900,-2.621900,50.890900,165,170,162,floor,1
11.611000,-2.619300,50.891800,166,174,159,floor,1
11.610500,-2.612600,50.891399,167,177,157,floor,1
11.615300,-2.608600,50.892300,169,180,157,floor,1
11.625600,-2.608700,50.894299,167,174,160,floor,1
11.627600,-2.610000,50.894402,167,173,161,floor,1
11.632000,-2.603500,50.894798,168,175,163,floor,1
11.634600,-2.600900,50.895199,168,178,167,floor,1
11.639000,-2.598300,50.895802,169,177,163,floor,1
11.641700,-2.602200,50.896400,167,174,158,floor,1
11.646500,-2.597000,50.897301,170,177,161,floor,1
11.647800,-2.590500,50.896599,170,176,162,floor,1
11.656200,-2.585400,50.898998,170,177,165,floor,1
11.660500,-2.585400,50.899399,171,178,163,floor,1
11.664700,-2.584200,50.899502,170,179,161,floor,1
11.666500,-2.582900,50.899399,170,179,160,floor,1
11.671400,-2.580400,50.900501,170,180,160,floor,1
11.675400,-2.577800,50.900700,171,179,163,floor,1
11.682200,-2.583200,50.901699,167,175,157,floor,1
11.686900,-2.579400,50.902599,167,175,163,floor,1
11.684600,-2.572800,50.902100,171,179,163,floor,1
11.689700,-2.566500,50.903301,171,180,161,floor,1
11.691400,-2.566500,50.903099,171,180,161,floor,1
11.698300,-2.565400,50.904400,170,178,163,floor,1
11.700400,-2.560300,50.904499,172,182,161,floor,1
11.700700,-2.559000,50.904800,171,181,161,floor,1
11.705200,-2.552700,50.905602,172,181,164,floor,1
11.713900,-2.553000,50.906799,167,180,157,floor,1
11.715700,-2.545300,50.906700,172,180,164,floor,1
11.717700,-2.546600,50.906898,170,178,162,floor,1
11.726900,-2.539300,50.908600,172,182,159,floor,1
11.738700,-2.535900,50.909401,174,182,169,floor,1
11.737200,-2.529500,50.909698,180,189,173,floor,1
11.745800,-2.533600,50.910999,175,186,173,floor,1
11.745300,-2.523400,50.910500,187,196,175,floor,1
11.747200,-2.522300,50.910599,188,197,176,floor,1
11.751800,-2.519900,50.911499,190,198,177,floor,1
11.755700,-2.513800,50.911800,190,202,177,floor,1
11.757400,-2.512600,50.911800,189,201,177,floor,1
11.763300,-2.510300,50.912201,188,201,177,floor,1
11.762800,-2.505300,50.913502,191,202,180,floor,1
11.766400,-2.502900,50.913502,189,199,177,floor,1
11.768300,-2.500500,50.913700,190,200,180,floor,1
11.772200,-2.498200,50.913898,188,200,178,floor,1
11.781500,-2.498700,50.916199,189,199,177,floor,1
11.781600,-2.494900,50.916302,191,201,179,floor,1
11.783000,-2.490000,50.915901,190,200,178,floor,1
11.786700,-2.485200,50.916100,188,198,177,floor,1
11.792900,-2.486800,50.916901,190,199,179,floor,1
11.793500,-2.483100,50.917599,189,197,180,floor,1
11.800800,-2.483500,50.918098,188,197,179,floor,1
11.795200,-2.474500,50.917500,188,200,177,floor,1
11.803300,-2.477400,50.918701,187,199,177,floor,1
11.803600,-2.470000,50.918999,187,199,180,floor,1
11.804200,-2.466400,50.919601,187,199,177,floor,1
11.809700,-2.462900,50.919899,185,196,175,floor,1
11.809200,-2.459200,50.919498,189,198,178,floor,1
11.813400,-2.457000,50.920200,187,197,175,floor,1
11.815800,-2.451000,50.920799,186,198,175,floor,1
11.824400,-2.454000,50.920898,186,197,176,floor,1
11.820000,-2.446400,50.921600,186,197,175,floor,1
11.827200,-2.446800,50.922100,187,195,179,floor,1
11.827400,-2.438200,50.922199,187,199,174,floor,1
11.830700,-2.437200,50.922100,186,198,177,floor,1
11.834900,-2.433800,50.922901,186,196,176,floor,1
11.837000,-2.429100,50.923401,187,198,176,floor,1
11.840900,-2.430600,50.923901,187,199,177,floor,1
11.846700,-2.427400,50.924702,186,198,179,floor,1
11.846100,-2.421200,50.924099,187,196,177,floor,1
11.848800,-2.419000,50.925098,185,196,179,floor,1
11.850700,-2.416700,50.925301,185,196,180,floor,1
11.854300,-2.415800,50.925499,186,197,180,floor,1
11.856000,-2.407300,50.925499,187,199,178,floor,1
11.857800,-2.402600,50.925701,187,199,177,floor,1
11.857600,-2.400100,50.925499,187,198,180,floor,1
11.862300,-2.395700,50.926800,187,199,181,floor,1
11.862400,-2.394500,50.926899,187,199,181,floor,1
11.865100,-2.389800,50.926300,185,196,180,floor,1
11.867100,-2.386300,50.926800,189,197,181,floor,1
11.871900,-2.384400,50.928299,187,197,181,floor,1
11.874400,-2.379800,50.929199,188,198,180,floor,1
11.881100,-2.381600,50.929401,187,198,182,floor,1
11.881500,-2.374400,50.929798,185,198,181,floor,1
11.881300,-2.371900,50.929600,186,199,182,floor,1
11.884300,-2.369800,50.929298,187,196,181,floor,1
11.884400,-2.364900,50.929401,188,199,182,floor,1
11.888000,-2.358200,50.931400,190,200,185,floor,1
11.891600,-2.358500,50.931801,188,199,183,floor,1
10.763300,-2.354300,50.896801,202,189,167,floor,1
10.767800,-2.356200,50.896702,203,189,171,floor,1
10.776100,-2.356300,50.897800,201,191,171,floor,1
10.776600,-2.360000,50.896599,198,190,166,floor,1
10.778900,-2.361000,50.896500,198,192,168,floor,1
10.741000,-2.392300,50.765900,93,74,73,floor,1
11.398800,-2.676600,50.860600,195,200,186,floor,1
11.402500,-2.666400,50.861698,197,200,187,floor,1
11.405500,-2.666400,50.862301,197,200,187,floor,1
11.412800,-2.669100,50.862801,194,201,183,floor,1
11.415600,-2.664800,50.863201,192,202,182,floor,1
11.427200,-2.666000,50.865398,193,201,183,floor,1
11.432600,-2.673000,50.866001,192,199,181,floor,1
11.437700,-2.661600,50.866699,189,199,181,floor,1
11.439700,-2.664400,50.866402,189,199,182,floor,1
11.445400,-2.665700,50.867401,187,197,180,floor,1
11.448500,-2.658600,50.868099,186,198,181,floor,1
11.453100,-2.664200,50.868401,183,195,177,floor,1
11.455600,-2.659900,50.868599,186,195,174,floor,1
11.460600,-2.657000,50.869099,186,191,175,floor,1
11.474200,-2.652700,50.871300,185,191,174,floor,1
11.478900,-2.655400,50.871601,186,189,176,floor,1
11.482000,-2.661000,50.872398,181,187,171,floor,1
11.489200,-2.652500,50.873100,181,190,174,floor,1
11.494700,-2.648300,50.874100,181,190,172,floor,1
11.495000,-2.645500,50.874298,182,191,169,floor,1
11.502100,-2.644000,50.875099,179,192,164,floor,1
11.507800,-2.648100,50.876202,173,185,156,floor,1
11.510600,-2.639800,50.876801,184,190,165,floor,1
11.513700,-2.643900,50.877602,178,186,156,floor,1
11.520500,-2.638400,50.877998,180,187,164,floor,1
11.523200,-2.637000,50.878502,180,188,167,floor,1
11.527900,-2.634200,50.878899,180,189,171,floor,1
11.532300,-2.632800,50.879002,177,186,165,floor,1
11.538800,-2.641000,50.881001,166,177,161,floor,1
11.541200,-2.634200,50.881302,176,183,167,floor,1
11.545600,-2.632800,50.881401,173,180,169,floor,1
11.552400,-2.634100,50.883701,170,176,165,floor,1
11.556600,-2.627300,50.883701,176,179,169,floor,1
11.569600,-2.617800,50.886002,175,183,166,floor,1
11.572300,-2.617800,50.886398,175,183,163,floor,1
11.576700,-2.623200,50.886700,170,177,163,floor,1
11.579100,-2.613800,50.887001,171,180,163,floor,1
11.581400,-2.612500,50.887199,173,181,165,floor,1
11.589400,-2.608500,50.888802,175,183,173,floor,1
11.598800,-2.615200,50.889999,171,178,163,floor,1
11.601100,-2.605900,50.890202,173,181,168,floor,1
11.603600,-2.604600,50.890701,172,180,167,floor,1
11.606300,-2.605900,50.891201,171,179,164,floor,1
11.608800,-2.600600,50.891701,174,179,165,floor,1
11.615000,-2.599300,50.891998,175,180,166,floor,1
11.617900,-2.595400,50.892799,174,180,166,floor,1
11.623000,-2.594100,50.893700,174,180,166,floor,1
11.624800,-2.591500,50.893600,176,182,167,floor,1
11.629800,-2.590200,50.894600,175,183,167,floor,1
11.632300,-2.587600,50.895000,174,181,167,floor,1
11.637900,-2.587700,50.896500,173,180,165,floor,1
11.639400,-2.581100,50.896099,175,184,169,floor,1
11.641600,-2.581200,50.896301,175,183,170,floor,1
11.645900,-2.578600,50.896702,176,180,168,floor,1
11.653600,-2.580100,50.898300,174,180,166,floor,1
11.653500,-2.573500,50.898201,177,182,167,floor,1
11.664600,-2.575000,50.899399,173,180,165,floor,1
11.666800,-2.573800,50.899601,175,182,164,floor,1
11.671500,-2.568700,50.900501,173,179,170,floor,1
11.671600,-2.562200,50.900600,175,182,168,floor,1
11.673500,-2.560900,50.900700,176,182,167,floor,1
11.676200,-2.558400,50.901402,175,182,166,floor,1
11.686600,-2.562500,50.902302,170,177,164,floor,1
11.684900,-2.553400,50.902302,175,184,168,floor,1
11.691800,-2.558800,50.903500,173,181,165,floor,1
11.693400,-2.551100,50.903301,175,181,171,floor,1
11.693500,-2.547200,50.903400,176,181,166,floor,1
11.696000,-2.544700,50.903900,176,182,166,floor,1
11.707300,-2.548900,50.905899,172,182,162,floor,1
11.706800,-2.542400,50.905399,176,182,163,floor,1
11.707000,-2.537300,50.905499,178,185,167,floor,1
11.716000,-2.541500,50.907001,173,182,164,floor,1
11.713600,-2.533700,50.906399,178,189,171,floor,1
11.719800,-2.528800,50.907101,181,192,175,floor,1
11.722300,-2.527600,50.907600,184,193,176,floor,1
11.727200,-2.525300,50.908901,186,196,176,floor,1
11.725200,-2.521400,50.908600,190,198,179,floor,1
11.734900,-2.515400,50.909199,192,200,184,floor,1
11.737100,-2.514200,50.909599,190,200,183,floor,1
11.745900,-2.514600,50.910999,192,199,179,floor,1
11.747500,-2.514700,50.910900,193,200,179,floor,1
11.747500,-2.508300,50.910900,189,201,180,floor,1
11.754100,-2.502300,50.911999,192,201,181,floor,1
11.754100,-2.497300,50.911900,191,199,181,floor,1
11.759700,-2.492500,50.912201,191,200,181,floor,1
11.762100,-2.493900,50.912800,191,199,181,floor,1
11.764600,-2.491500,50.913399,189,200,178,floor,1
11.768600,-2.487900,50.913898,191,201,179,floor,1
11.770600,-2.483000,50.914101,189,199,175,floor,1
11.777300,-2.482200,50.915600,187,198,176,floor,1
11.784300,-2.482500,50.915401,188,199,177,floor,1
11.779200,-2.476000,50.915699,188,200,177,floor,1
11.781100,-2.472400,50.915699,188,198,179,floor,1
11.788800,-2.469100,50.916401,188,197,178,floor,1
11.788800,-2.467800,50.916401,188,197,178,floor,1
11.793300,-2.464400,50.917301,186,197,177,floor,1
11.795400,-2.459500,50.917599,188,199,178,floor,1
11.801000,-2.452400,50.918201,186,199,180,floor,1
11.803500,-2.450100,50.918800,185,198,177,floor,1
11.805300,-2.449000,50.918900,185,198,179,floor,1
11.813300,-2.448300,50.920101,185,198,177,floor,1
11.811600,-2.442000,50.920200,187,197,178,floor,1
11.815400,-2.436100,50.920300,188,198,173,floor,1
11.823000,-2.435400,50.921200,188,198,175,floor,1
11.824800,-2.430600,50.921200,186,197,179,floor,1
11.826900,-2.429500,50.921700,186,198,181,floor,1
11.825400,-2.422000,50.921902,187,197,180,floor,1
11.833400,-2.421400,50.923000,188,198,179,floor,1
11.831000,-2.417500,50.922401,186,195,179,floor,1
11.834700,-2.412900,50.922600,188,197,181,floor,1
11.841600,-2.411000,50.924400,187,196,181,floor,1
11.838800,-2.405800,50.923302,185,197,176,floor,1
11.852800,-2.404600,50.925598,187,199,176,floor,1
11.848200,-2.396800,50.924400,186,199,181,floor,1
11.848700,-2.394400,50.924900,186,199,181,floor,1
11.850000,-2.390800,50.924500,183,198,178,floor,1
11.854700,-2.382700,50.925701,188,198,178,floor,1
11.863900,-2.384800,50.926701,189,198,181,floor,1
11.861600,-2.377200,50.925999,185,199,178,floor,1
11.875000,-2.371200,50.928101,186,198,183,floor,1
11.873500,-2.363800,50.928101,187,197,181,floor,1
11.877200,-2.364200,50.928699,188,199,182,floor,1
11.873900,-2.355300,50.928501,186,199,182,floor,1
11.405100,-2.663500,50.862000,195,202,186,floor,1
11.411400,-2.659100,50.863499,193,200,187,floor,1
11.411300,-2.651900,50.863300,192,201,188,floor,1
11.417800,-2.656100,50.863098,192,199,186,floor,1
11.423500,-2.656100,50.864101,191,199,186,floor,1
11.432300,-2.648800,50.865700,193,200,181,floor,1
11.439800,-2.654500,50.866501,189,200,186,floor,1
11.443300,-2.645900,50.867500,189,198,185,floor,1
11.446100,-2.655800,50.868000,187,201,183,floor,1
11.450600,-2.650100,50.868000,184,197,181,floor,1
11.453900,-2.643000,50.868999,189,199,185,floor,1
11.458600,-2.654300,50.869202,186,197,179,floor,1
11.463500,-2.641500,50.869701,184,195,182,floor,1
11.466400,-2.641500,50.870399,184,195,182,floor,1
11.472000,-2.644300,50.871300,186,192,181,floor,1
11.477300,-2.638600,50.872200,186,194,178,floor,1
11.484500,-2.642800,50.872700,183,191,175,floor,1
11.491700,-2.637200,50.873402,184,196,166,floor,1
11.500800,-2.635700,50.875702,184,191,169,floor,1
11.506200,-2.631500,50.876598,181,193,174,floor,1
11.515000,-2.632900,50.876900,181,190,173,floor,1
11.518300,-2.626000,50.877998,181,191,180,floor,1
11.520600,-2.624600,50.877998,185,192,183,floor,1
11.525900,-2.630100,50.879101,182,189,177,floor,1
11.532900,-2.628700,50.879501,183,186,168,floor,1
11.536100,-2.627300,50.880501,183,186,169,floor,1
11.538700,-2.617700,50.880798,183,193,180,floor,1
11.541500,-2.616400,50.881599,183,194,180,floor,1
11.544300,-2.620500,50.882198,182,189,171,floor,1
11.551900,-2.619100,50.883202,178,187,170,floor,1
11.551900,-2.616400,50.883202,181,190,171,floor,1
11.557200,-2.609700,50.884201,183,190,176,floor,1
11.561400,-2.608300,50.883999,183,190,173,floor,1
11.563900,-2.607000,50.884499,183,190,173,floor,1
11.569500,-2.615100,50.885899,176,183,169,floor,1
11.572700,-2.603000,50.886799,182,188,173,floor,1
11.576700,-2.603000,50.886600,182,186,172,floor,1
11.579800,-2.604400,50.887600,178,186,169,floor,1
11.584400,-2.600400,50.888000,181,188,172,floor,1
11.588800,-2.605800,50.888302,176,184,173,floor,1
11.591900,-2.600400,50.889198,176,187,171,floor,1
11.597000,-2.591100,50.890099,181,190,171,floor,1
11.600900,-2.592500,50.890099,178,189,172,floor,1
11.606400,-2.587200,50.891300,177,190,173,floor,1
11.612800,-2.591300,50.891602,176,184,171,floor,1
11.612700,-2.583300,50.891499,176,190,172,floor,1
11.615400,-2.586100,50.892399,175,185,172,floor,1
11.627300,-2.584900,50.894100,176,183,169,floor,1
11.627600,-2.575600,50.894299,179,186,172,floor,1
11.629900,-2.575700,50.894600,180,186,170,floor,1
11.634700,-2.574500,50.895302,178,186,169,floor,1
11.637400,-2.570600,50.896000,178,186,171,floor,1
11.643800,-2.574600,50.896400,175,182,168,floor,1
11.646200,-2.569400,50.896900,178,188,167,floor,1
11.651600,-2.568200,50.898300,176,183,165,floor,1
11.648500,-2.561600,50.897202,181,187,172,floor,1
11.655400,-2.559100,50.898201,178,185,171,floor,1
11.662500,-2.555400,50.899300,181,185,169,floor,1
11.665300,-2.552900,50.900101,181,186,166,floor,1
11.667200,-2.550300,50.900002,180,185,167,floor,1
11.669600,-2.547800,50.900501,178,185,168,floor,1
11.675700,-2.547900,50.900902,177,185,164,floor,1
11.680500,-2.544200,50.901699,176,186,166,floor,1
11.684200,-2.544300,50.901699,177,185,165,floor,1
11.687200,-2.543100,50.902802,177,185,164,floor,1
11.689500,-2.538000,50.903000,179,188,170,floor,1
11.695900,-2.538300,50.903900,179,188,172,floor,1
11.698200,-2.531900,50.904202,181,190,174,floor,1
11.704800,-2.524400,50.905201,189,200,182,floor,1
11.707300,-2.520600,50.905800,193,203,183,floor,1
11.711400,-2.518200,50.906101,194,202,182,floor,1
11.716300,-2.513300,50.907200,194,203,183,floor,1
11.722700,-2.516200,50.907902,194,201,183,floor,1
11.725200,-2.509900,50.908600,193,200,186,floor,1
11.727100,-2.504900,50.908699,193,201,183,floor,1
11.733300,-2.507700,50.909401,191,201,185,floor,1
11.738900,-2.509200,50.909599,193,203,184,floor,1
11.735100,-2.500200,50.909401,192,202,180,floor,1
11.739300,-2.497800,50.910000,191,202,180,floor,1
11.745300,-2.494300,50.910400,191,202,183,floor,1
11.745800,-2.493100,50.910801,190,203,182,floor,1
11.751200,-2.489500,50.910900,190,200,178,floor,1
11.756000,-2.489800,50.912102,191,199,177,floor,1
11.755800,-2.484700,50.911900,189,201,179,floor,1
11.759400,-2.479900,50.911900,191,202,183,floor,1
11.760400,-2.474900,50.912800,189,200,181,floor,1
11.764100,-2.473800,50.912899,189,200,182,floor,1
11.766700,-2.472800,50.913799,188,199,182,floor,1
11.770400,-2.469200,50.913898,190,198,181,floor,1
11.772300,-2.465500,50.913898,190,199,178,floor,1
11.774900,-2.460700,50.914799,189,198,176,floor,1
11.778500,-2.463400,50.915001,190,199,177,floor,1
11.778600,-2.457100,50.915100,189,200,179,floor,1
11.782700,-2.453600,50.915501,187,200,182,floor,1
11.787500,-2.454000,50.916801,186,199,182,floor,1
11.788800,-2.449100,50.916401,188,196,178,floor,1
11.793300,-2.443200,50.917301,185,196,178,floor,1
11.799600,-2.443600,50.918400,187,198,177,floor,1
11.801100,-2.438700,50.918201,187,198,180,floor,1
11.804200,-2.436500,50.919498,186,196,177,floor,1
11.805700,-2.429100,50.919201,187,197,178,floor,1
11.809900,-2.423300,50.919998,187,196,180,floor,1
11.811200,-2.420800,50.919701,187,196,181,floor,1
11.817600,-2.420100,50.920898,186,195,181,floor,1
11.821500,-2.415500,50.921299,184,197,181,floor,1
11.821600,-2.411800,50.921501,186,197,179,floor,1
11.821500,-2.409300,50.921299,187,197,180,floor,1
11.830600,-2.408800,50.922001,187,198,181,floor,1
11.826300,-2.402200,50.921001,188,199,181,floor,1
11.830300,-2.397600,50.921600,186,199,181,floor,1
11.834900,-2.396900,50.922798,186,198,181,floor,1
11.834800,-2.390600,50.922699,186,201,179,floor,1
11.836800,-2.390900,50.923000,185,200,179,floor,1
11.842600,-2.386400,50.923698,186,199,181,floor,1
11.841600,-2.380200,50.924400,189,197,180,floor,1
11.850700,-2.383500,50.925201,187,197,180,floor,1
11.850200,-2.379800,50.924702,187,198,178,floor,1
11.848900,-2.374800,50.925098,187,198,180,floor,1
11.858200,-2.375700,50.925999,185,199,178,floor,1
11.852200,-2.367700,50.924900,187,198,180,floor,1
11.861800,-2.361300,50.926201,186,199,182,floor,1
11.865000,-2.355400,50.926102,187,200,183,floor,1
11.405900,-2.643300,50.862598,189,203,178,floor,1
11.412400,-2.641800,50.862499,192,203,188,floor,1
11.416300,-2.646100,50.863800,193,204,178,floor,1
11.423200,-2.648900,50.863899,195,201,180,floor,1
11.429400,-2.637500,50.865101,192,200,186,floor,1
11.429700,-2.636000,50.865398,192,199,188,floor,1
11.435400,-2.643100,50.866501,193,198,183,floor,1
11.445500,-2.640200,50.867401,191,198,187,floor,1
11.446200,-2.633100,50.868000,190,200,184,floor,1
11.451200,-2.640200,50.868500,190,199,185,floor,1
11.455700,-2.630300,50.868599,187,199,185,floor,1
11.458400,-2.631700,50.868900,186,198,180,floor,1
11.464400,-2.640100,50.870399,184,195,181,floor,1
11.466700,-2.631600,50.870499,185,200,178,floor,1
11.472600,-2.631600,50.871700,186,200,181,floor,1
11.477600,-2.627400,50.872299,186,199,179,floor,1
11.479200,-2.624600,50.871899,186,199,181,floor,1
11.482200,-2.626000,50.872501,184,196,177,floor,1
11.485600,-2.624600,50.873600,184,196,176,floor,1
11.492800,-2.623200,50.874298,185,194,172,floor,1
11.498200,-2.626000,50.875198,184,196,173,floor,1
11.497900,-2.621800,50.875000,185,195,172,floor,1
11.502800,-2.620400,50.875599,185,196,173,floor,1
11.506100,-2.619100,50.876499,184,196,172,floor,1
11.511700,-2.616300,50.877701,185,197,174,floor,1
11.515400,-2.613500,50.877201,186,197,173,floor,1
11.520900,-2.619100,50.878300,185,193,177,floor,1
11.523800,-2.612200,50.879002,187,195,170,floor,1
11.526500,-2.615000,50.879501,186,194,176,floor,1
11.529000,-2.612300,50.879799,186,195,173,floor,1
11.534300,-2.612300,50.880699,187,194,179,floor,1
11.536400,-2.605400,50.880699,188,196,177,floor,1
11.543700,-2.608200,50.881599,182,194,178,floor,1
11.546400,-2.608200,50.882099,182,191,179,floor,1
11.549500,-2.604200,50.882900,185,195,176,floor,1
11.554800,-2.604200,50.883900,185,191,179,floor,1
11.556900,-2.597400,50.883801,187,194,181,floor,1
11.565000,-2.594800,50.885399,185,192,176,floor,1
11.567400,-2.594800,50.885799,184,192,174,floor,1
11.571900,-2.589500,50.886002,182,189,179,floor,1
11.573900,-2.590800,50.886002,184,193,177,floor,1
11.579600,-2.588200,50.887402,182,194,177,floor,1
11.581800,-2.585500,50.887501,182,192,177,floor,1
11.583900,-2.584200,50.887501,183,194,177,floor,1
11.596800,-2.588400,50.889900,180,190,172,floor,1
11.600100,-2.580500,50.890999,185,193,171,floor,1
11.603800,-2.577900,50.890800,183,191,172,floor,1
11.607800,-2.577900,50.890701,183,191,175,floor,1
11.611100,-2.575300,50.891899,184,191,176,floor,1
11.616000,-2.575400,50.892799,183,189,177,floor,1
11.618000,-2.566200,50.892700,182,191,175,floor,1
11.622800,-2.567600,50.893398,180,189,173,floor,1
11.625300,-2.569000,50.893902,180,188,173,floor,1
11.629400,-2.569100,50.894100,180,187,175,floor,1
11.637200,-2.565300,50.895802,181,188,175,floor,1
11.639100,-2.556100,50.895802,182,190,172,floor,1
11.646700,-2.560300,50.897400,181,188,172,floor,1
11.645900,-2.556300,50.896599,181,188,176,floor,1
11.648700,-2.548500,50.897400,181,189,177,floor,1
11.655700,-2.555200,50.898399,182,186,173,floor,1
11.658100,-2.548800,50.898899,178,187,172,floor,1
11.660500,-2.547500,50.899300,179,188,172,floor,1
11.666800,-2.541200,50.899502,179,186,171,floor,1
11.671700,-2.534800,50.900600,183,192,176,floor,1
11.680300,-2.532500,50.901402,184,192,177,floor,1
11.680600,-2.527300,50.901798,190,199,178,floor,1
11.691400,-2.531600,50.903099,183,191,176,floor,1
11.694000,-2.524000,50.903801,191,199,177,floor,1
11.695600,-2.518800,50.903500,194,204,179,floor,1
11.701000,-2.519100,50.904900,195,205,180,floor,1
11.704400,-2.514100,50.904800,195,205,180,floor,1
11.704800,-2.511500,50.905102,195,205,181,floor,1
11.709600,-2.513000,50.906101,195,205,181,floor,1
11.714100,-2.513200,50.906799,195,204,184,floor,1
11.713800,-2.500400,50.906502,193,204,182,floor,1
11.717800,-2.501900,50.906898,192,203,180,floor,1
11.722500,-2.498300,50.907700,192,202,180,floor,1
11.722400,-2.495700,50.907700,193,202,182,floor,1
11.728800,-2.497300,50.908600,193,203,179,floor,1
11.735100,-2.497600,50.909302,191,201,179,floor,1
11.730600,-2.488400,50.908401,193,203,182,floor,1
11.737600,-2.486300,50.909901,190,200,179,floor,1
11.736800,-2.482400,50.909199,189,201,180,floor,1
11.741200,-2.478800,50.909901,190,201,179,floor,1
11.743100,-2.475100,50.910000,188,200,183,floor,1
11.749600,-2.469200,50.911201,187,201,179,floor,1
11.754200,-2.469500,50.911999,188,201,180,floor,1
11.754300,-2.466900,50.912102,188,200,179,floor,1
11.756200,-2.463200,50.912201,189,199,178,floor,1
11.761800,-2.462300,50.912399,188,199,179,floor,1
11.768400,-2.453900,50.913601,185,198,176,floor,1
11.768900,-2.450200,50.914001,186,200,176,floor,1
11.774800,-2.451900,50.914700,187,200,181,floor,1
11.777100,-2.440700,50.915298,187,196,180,floor,1
11.784900,-2.445000,50.915798,187,197,178,floor,1
11.783000,-2.434900,50.915699,188,198,180,floor,1
11.787400,-2.433900,50.916599,187,198,177,floor,1
11.793600,-2.438200,50.917500,188,198,179,floor,1
11.792900,-2.431800,50.916801,186,197,175,floor,1
11.793200,-2.426900,50.917099,185,197,179,floor,1
11.801000,-2.428700,50.918098,186,198,180,floor,1
11.801300,-2.422500,50.918301,187,197,181,floor,1
11.805200,-2.421600,50.918701,187,196,181,floor,1
11.803000,-2.412700,50.918301,186,197,180,floor,1
11.811600,-2.409700,50.920101,188,197,182,floor,1
11.813700,-2.406100,50.920399,188,197,183,floor,1
11.811600,-2.401000,50.920101,188,199,181,floor,1
11.822500,-2.403100,50.920601,188,197,180,floor,1
11.826500,-2.401000,50.921200,188,199,181,floor,1
11.822900,-2.390700,50.920898,185,201,176,floor,1
11.826000,-2.388600,50.922298,184,201,180,floor,1
11.832700,-2.391700,50.922199,187,201,180,floor,1
11.829200,-2.382700,50.922100,186,197,180,floor,1
11.834400,-2.383100,50.922199,187,198,180,floor,1
11.836800,-2.377200,50.922901,187,198,175,floor,1
11.833100,-2.373100,50.922501,185,198,180,floor,1
11.837400,-2.367400,50.923500,186,199,183,floor,1
11.843200,-2.369300,50.924198,186,200,184,floor,1
11.841300,-2.362900,50.924000,188,200,179,floor,1
11.842400,-2.359200,50.923401,186,200,177,floor,1
11.850400,-2.360100,50.924801,186,201,178,floor,1
11.407700,-2.639000,50.862202,191,204,187,floor,1
11.413600,-2.630400,50.863400,194,200,188,floor,1
11.419100,-2.631800,50.864201,197,198,191,floor,1
11.421800,-2.626000,50.864498,189,199,188,floor,1
11.428000,-2.623200,50.865898,190,201,188,floor,1
11.440400,-2.627400,50.866901,186,201,178,floor,1
11.443400,-2.627400,50.867500,187,201,179,floor,1
11.445700,-2.627400,50.867500,188,201,179,floor,1
11.452100,-2.621800,50.869202,190,202,176,floor,1
11.461600,-2.623200,50.869801,189,202,183,floor,1
11.465400,-2.614700,50.871201,188,201,179,floor,1
11.469800,-2.614800,50.871201,189,199,181,floor,1
11.472300,-2.613400,50.871399,191,199,181,floor,1
11.478200,-2.613400,50.872799,190,197,181,floor,1
11.480800,-2.613400,50.873199,190,197,178,floor,1
11.483400,-2.613400,50.873501,190,198,175,floor,1
11.493700,-2.609300,50.874901,188,196,174,floor,1
11.498000,-2.617600,50.875000,184,197,174,floor,1
11.500800,-2.605200,50.875599,190,197,175,floor,1
11.505900,-2.614900,50.876400,186,200,173,floor,1
11.511000,-2.609400,50.877102,185,199,171,floor,1
11.518200,-2.608100,50.877800,185,198,170,floor,1
11.521000,-2.598400,50.878300,187,197,180,floor,1
11.525800,-2.595700,50.878899,185,195,181,floor,1
11.529400,-2.597100,50.880100,187,196,180,floor,1
11.533600,-2.595800,50.880100,185,196,179,floor,1
11.537400,-2.591700,50.881500,186,197,177,floor,1
11.543500,-2.598600,50.881500,188,195,176,floor,1
11.546800,-2.593200,50.882401,186,196,176,floor,1
11.549800,-2.596000,50.883099,186,196,176,floor,1
11.554400,-2.596000,50.883598,184,195,176,floor,1
11.559600,-2.581100,50.884399,182,196,177,floor,1
11.562700,-2.581200,50.885101,182,195,176,floor,1
11.567000,-2.579900,50.885399,184,195,178,floor,1
11.576900,-2.584100,50.886799,184,192,182,floor,1
11.579600,-2.578800,50.887299,184,191,179,floor,1
11.582100,-2.576100,50.887699,186,193,176,floor,1
11.586000,-2.574800,50.887600,183,194,175,floor,1
11.594500,-2.571000,50.889599,183,195,173,floor,1
11.596200,-2.573700,50.889301,183,194,171,floor,1
11.598400,-2.565700,50.889500,182,193,172,floor,1
11.601300,-2.563100,50.890301,185,194,174,floor,1
11.608700,-2.562000,50.891499,184,193,175,floor,1
11.611500,-2.556700,50.892101,185,193,177,floor,1
11.615700,-2.554200,50.892502,184,192,173,floor,1
11.618500,-2.551600,50.893200,184,193,175,floor,1
11.620900,-2.550300,50.893398,184,191,175,floor,1
11.629200,-2.555800,50.893902,182,190,170,floor,1
11.631700,-2.544000,50.894299,182,192,174,floor,1
11.637100,-2.540200,50.895599,181,192,177,floor,1
11.646800,-2.534000,50.897400,184,196,177,floor,1
11.658100,-2.539600,50.898800,183,190,174,floor,1
11.655600,-2.532900,50.898201,186,195,174,floor,1
11.667400,-2.524200,50.900101,192,203,179,floor,1
11.669700,-2.524300,50.900501,192,201,179,floor,1
11.675500,-2.523200,50.900700,194,203,179,floor,1
11.673600,-2.516700,50.900600,194,206,179,floor,1
11.680000,-2.516900,50.901100,194,205,183,floor,1
11.685200,-2.514500,50.902500,194,205,182,floor,1
11.684500,-2.513200,50.901798,193,205,181,floor,1
11.688900,-2.510800,50.902401,195,206,182,floor,1
11.691800,-2.507100,50.903400,195,205,182,floor,1
11.697800,-2.509900,50.903702,193,203,181,floor,1
11.701100,-2.499800,50.904999,193,204,181,floor,1
11.711800,-2.496400,50.906399,194,204,183,floor,1
11.711400,-2.487400,50.905998,194,202,179,floor,1
11.716000,-2.483800,50.906898,194,202,177,floor,1
11.723500,-2.483000,50.908600,193,202,181,floor,1
11.724800,-2.475400,50.908100,191,199,182,floor,1
11.737200,-2.476100,50.909500,189,200,183,floor,1
11.741200,-2.471200,50.909901,189,201,183,floor,1
11.737100,-2.464600,50.909500,190,199,178,floor,1
11.744100,-2.466300,50.910900,188,199,176,floor,1
11.747400,-2.461400,50.910702,189,200,177,floor,1
11.752100,-2.463000,50.911701,189,199,177,floor,1
11.756000,-2.458200,50.911999,188,200,176,floor,1
11.751400,-2.451500,50.910999,188,199,177,floor,1
11.756000,-2.446800,50.911900,190,199,176,floor,1
11.756600,-2.445600,50.912498,190,199,176,floor,1
11.762700,-2.442200,50.913200,188,196,176,floor,1
11.766600,-2.442500,50.913502,189,197,177,floor,1
11.767900,-2.436200,50.913101,186,196,179,floor,1
11.768800,-2.433800,50.914001,187,197,180,floor,1
11.774700,-2.435500,50.914600,187,197,180,floor,1
11.775100,-2.428000,50.915001,187,198,178,floor,1
11.778500,-2.429500,50.915001,187,198,177,floor,1
11.780500,-2.423300,50.914902,185,199,177,floor,1
11.787600,-2.412700,50.916698,188,195,179,floor,1
11.789500,-2.412800,50.917000,189,196,181,floor,1
11.795000,-2.409400,50.917099,187,197,182,floor,1
11.795000,-2.403200,50.917099,185,198,181,floor,1
11.799000,-2.406100,50.917801,187,198,181,floor,1
11.803400,-2.404000,50.918598,188,199,182,floor,1
11.803000,-2.396400,50.918201,186,199,178,floor,1
11.811300,-2.398400,50.919701,186,199,179,floor,1
11.805800,-2.390400,50.919201,187,201,184,floor,1
11.815700,-2.386400,50.920601,185,200,181,floor,1
11.813600,-2.382500,50.920101,189,200,181,floor,1
11.817800,-2.380400,50.920898,189,199,182,floor,1
11.819300,-2.373000,50.920700,188,198,182,floor,1
11.822100,-2.373400,50.921902,188,198,182,floor,1
11.825200,-2.371100,50.921398,186,199,182,floor,1
11.825700,-2.365000,50.921902,186,197,180,floor,1
11.829400,-2.360400,50.922298,186,197,185,floor,1
11.831500,-2.354400,50.922699,187,200,183,floor,1
11.408600,-2.616000,50.862900,194,202,188,floor,1
11.412700,-2.616000,50.862598,195,203,182,floor,1
11.419000,-2.621700,50.864101,192,202,184,floor,1
11.421700,-2.623200,50.864498,191,202,185,floor,1
11.424500,-2.616000,50.864899,191,202,189,floor,1
11.430600,-2.618900,50.866100,190,201,185,floor,1
11.433400,-2.610400,50.866600,188,201,184,floor,1
11.440100,-2.613200,50.866699,189,204,179,floor,1
11.443400,-2.614700,50.867500,190,202,182,floor,1
11.446000,-2.609000,50.867802,186,202,180,floor,1
11.451300,-2.610400,50.868599,190,203,174,floor,1
11.456700,-2.606200,50.869400,191,202,174,floor,1
11.464700,-2.602100,50.870602,192,203,179,floor,1
11.474800,-2.606400,50.871700,190,201,177,floor,1
11.475600,-2.599400,50.872299,190,200,177,floor,1
11.480100,-2.598000,50.872601,191,200,178,floor,1
11.487900,-2.605100,50.873600,191,199,173,floor,1
11.490500,-2.605100,50.874199,190,199,173,floor,1
11.490500,-2.595300,50.874100,190,200,180,floor,1
11.498100,-2.599600,50.875099,188,200,175,floor,1
11.499500,-2.595400,50.876301,191,198,176,floor,1
11.506000,-2.598300,50.876400,188,199,179,floor,1
11.509000,-2.591400,50.877102,190,198,182,floor,1
11.511700,-2.592800,50.877701,190,197,182,floor,1
11.513500,-2.587300,50.877300,188,199,182,floor,1
11.518900,-2.591500,50.878399,187,198,181,floor,1
11.520300,-2.584600,50.877701,188,200,181,floor,1
11.526600,-2.593000,50.879601,185,197,185,floor,1
11.528100,-2.582000,50.878899,189,198,181,floor,1
11.537200,-2.590300,50.881302,187,198,178,floor,1
11.536900,-2.578000,50.881001,188,197,180,floor,1
11.541800,-2.583600,50.881802,189,198,177,floor,1
11.546500,-2.575400,50.882099,188,195,183,floor,1
11.551900,-2.579600,50.883099,185,197,180,floor,1
11.559300,-2.577000,50.883999,187,198,174,floor,1
11.562100,-2.574400,50.884602,185,196,174,floor,1
11.567100,-2.567700,50.885399,184,197,179,floor,1
11.567200,-2.565000,50.885502,182,196,178,floor,1
11.571500,-2.566400,50.885601,185,197,177,floor,1
11.577300,-2.561200,50.887001,183,196,178,floor,1
11.579900,-2.565300,50.887600,185,193,175,floor,1
11.582500,-2.557300,50.888000,183,195,179,floor,1
11.587100,-2.560100,50.888500,186,194,173,floor,1
11.589800,-2.558800,50.889000,186,192,177,floor,1
11.593900,-2.558900,50.889099,185,193,177,floor,1
11.596800,-2.556300,50.889801,184,193,177,floor,1
11.599600,-2.552400,50.890499,183,191,179,floor,1
11.602900,-2.549800,50.889801,184,194,183,floor,1
11.606500,-2.547200,50.891201,181,192,178,floor,1
11.611100,-2.543300,50.891800,184,193,180,floor,1
11.618100,-2.542200,50.892799,182,192,182,floor,1
11.617800,-2.538200,50.892502,184,194,179,floor,1
11.627100,-2.539900,50.893700,182,192,175,floor,1
11.627300,-2.535900,50.893902,186,194,179,floor,1
11.632800,-2.541400,50.895302,181,192,174,floor,1
11.632900,-2.530800,50.895302,192,198,179,floor,1
11.640900,-2.532400,50.895500,185,197,178,floor,1
11.641300,-2.527100,50.895802,193,201,183,floor,1
11.644600,-2.529900,50.896999,188,200,182,floor,1
11.646400,-2.522100,50.896999,195,204,185,floor,1
11.651200,-2.521000,50.897800,195,205,185,floor,1
11.657900,-2.517300,50.898602,196,206,185,floor,1
11.660200,-2.518700,50.898998,194,204,186,floor,1
11.662300,-2.510900,50.899101,194,207,182,floor,1
11.666900,-2.509800,50.899601,193,205,181,floor,1
11.671300,-2.508700,50.900200,194,206,182,floor,1
11.675600,-2.502400,50.900700,195,205,183,floor,1
11.681700,-2.507900,50.900902,194,206,180,floor,1
11.682600,-2.497500,50.901798,192,203,183,floor,1
11.689400,-2.494000,50.902802,194,203,181,floor,1
11.695600,-2.495600,50.903400,194,202,181,floor,1
11.695900,-2.489100,50.903702,193,204,180,floor,1
11.698500,-2.489300,50.904400,193,202,179,floor,1
11.698000,-2.482800,50.903801,192,202,181,floor,1
11.700300,-2.481600,50.904202,191,203,180,floor,1
11.706500,-2.478100,50.904800,192,203,181,floor,1
11.709100,-2.478300,50.905499,192,203,181,floor,1
11.711800,-2.472000,50.906300,190,200,179,floor,1
11.717400,-2.474900,50.906399,192,200,182,floor,1
11.718100,-2.471100,50.907101,191,200,179,floor,1
11.722500,-2.472600,50.907700,191,200,180,floor,1
11.726600,-2.467700,50.908199,190,201,179,floor,1
11.724000,-2.461200,50.907299,190,201,178,floor,1
11.731100,-2.464200,50.908901,189,201,179,floor,1
11.736800,-2.460700,50.909100,189,200,177,floor,1
11.733100,-2.454100,50.909000,189,200,178,floor,1
11.743000,-2.456000,50.909801,191,199,176,floor,1
11.742000,-2.452200,50.910702,187,198,176,floor,1
11.745600,-2.442200,50.910500,190,198,179,floor,1
11.749000,-2.441200,50.910500,188,197,175,floor,1
11.757100,-2.443100,50.912998,189,197,174,floor,1
11.758300,-2.438100,50.912498,188,196,177,floor,1
11.762100,-2.428200,50.912601,188,198,177,floor,1
11.762100,-2.424400,50.912601,187,198,177,floor,1
11.764200,-2.420800,50.912899,187,198,177,floor,1
11.768300,-2.416000,50.913399,187,197,177,floor,1
11.770800,-2.413700,50.914101,187,197,182,floor,1
11.780700,-2.418300,50.915100,187,197,179,floor,1
11.778000,-2.410500,50.914299,188,196,182,floor,1
11.785200,-2.411100,50.916000,187,195,183,floor,1
11.782900,-2.403400,50.915501,187,197,180,floor,1
11.783300,-2.402200,50.915901,186,197,179,floor,1
11.791000,-2.396600,50.916698,187,198,177,floor,1
11.793100,-2.391700,50.916801,188,199,185,floor,1
11.799100,-2.396100,50.917801,185,199,177,floor,1
11.795200,-2.384400,50.917198,188,198,180,floor,1
11.801000,-2.384900,50.917900,187,198,182,floor,1
11.803600,-2.382700,50.918701,188,198,181,floor,1
11.807700,-2.383100,50.919300,189,200,181,floor,1
11.805200,-2.375300,50.918499,188,199,182,floor,1
11.815300,-2.376400,50.919998,188,199,183,floor,1
11.810300,-2.368400,50.920300,189,199,182,floor,1
11.813900,-2.367500,50.920502,185,199,181,floor,1
11.817600,-2.365400,50.920601,186,199,181,floor,1
11.816100,-2.356500,50.920799,186,200,188,floor,1
11.403400,-2.607300,50.862400,194,204,187,floor,1
11.410400,-2.603100,50.862598,193,203,186,floor,1
11.414200,-2.606000,50.863800,194,204,186,floor,1
11.419100,-2.608900,50.864101,193,203,188,floor,1
11.421700,-2.604600,50.864399,193,203,190,floor,1
11.424600,-2.598900,50.864899,191,202,185,floor,1
11.430000,-2.608900,50.865601,189,200,186,floor,1
11.433300,-2.601800,50.866501,190,200,184,floor,1
11.440600,-2.604700,50.867100,187,200,182,floor,1
11.441300,-2.597600,50.867599,189,201,184,floor,1
11.446100,-2.596300,50.867802,187,198,181,floor,1
11.453600,-2.594900,50.868599,191,202,182,floor,1
11.454300,-2.593500,50.869202,191,204,183,floor,1
11.459900,-2.596400,50.870098,191,203,181,floor,1
11.469900,-2.590900,50.871201,191,205,180,floor,1
11.477400,-2.595200,50.872101,191,200,182,floor,1
11.483500,-2.585500,50.873501,193,201,178,floor,1
11.488200,-2.586900,50.873798,192,201,179,floor,1
11.488400,-2.585500,50.874001,193,202,178,floor,1
11.493500,-2.581400,50.874699,193,202,182,floor,1
11.498600,-2.582900,50.875500,191,199,179,floor,1
11.498800,-2.580100,50.875702,193,199,182,floor,1
11.503300,-2.580200,50.875900,190,196,181,floor,1
11.507700,-2.578900,50.875900,189,199,182,floor,1
11.511200,-2.583100,50.877102,190,198,181,floor,1
11.516200,-2.581800,50.877800,189,199,182,floor,1
11.523600,-2.576400,50.878700,188,199,183,floor,1
11.526000,-2.569600,50.879002,188,199,179,floor,1
11.531300,-2.577900,50.879902,187,198,180,floor,1
11.533900,-2.568300,50.880199,189,197,178,floor,1
11.538900,-2.569800,50.881001,189,195,178,floor,1
11.539000,-2.567100,50.881001,188,196,180,floor,1
11.546700,-2.568600,50.882198,189,197,175,floor,1
11.548900,-2.560500,50.882198,187,195,180,floor,1
11.555000,-2.564700,50.883900,188,196,174,floor,1
11.561300,-2.566200,50.883801,183,196,179,floor,1
11.562700,-2.556800,50.884998,188,196,177,floor,1
11.564700,-2.556800,50.885101,188,196,177,floor,1
11.569900,-2.556900,50.886002,186,194,178,floor,1
11.573300,-2.559700,50.887199,184,196,177,floor,1
11.575000,-2.554400,50.886799,186,193,176,floor,1
11.579200,-2.555800,50.886902,183,195,178,floor,1
11.579600,-2.545000,50.887299,186,196,171,floor,1
11.588600,-2.542600,50.888000,186,195,172,floor,1
11.593800,-2.546800,50.889000,185,193,176,floor,1
11.594700,-2.537500,50.889702,189,196,179,floor,1
11.597200,-2.536200,50.890099,189,196,179,floor,1
11.601900,-2.533700,50.890800,191,198,180,floor,1
11.606300,-2.531200,50.890999,191,199,178,floor,1
11.611400,-2.530000,50.891998,192,199,180,floor,1
11.617400,-2.532900,50.892101,189,197,178,floor,1
11.622900,-2.533100,50.893398,189,197,176,floor,1
11.619800,-2.523700,50.892300,196,206,186,floor,1
11.625200,-2.521200,50.893700,198,208,187,floor,1
11.627700,-2.522700,50.894199,196,207,187,floor,1
11.634400,-2.517600,50.894901,197,208,183,floor,1
11.642000,-2.521900,50.896500,195,205,184,floor,1
11.643700,-2.515400,50.896301,197,208,182,floor,1
11.641800,-2.510000,50.896301,195,207,181,floor,1
11.645800,-2.510200,50.896400,196,207,180,floor,1
11.653400,-2.510500,50.897999,194,207,180,floor,1
11.653100,-2.501300,50.897598,193,204,180,floor,1
11.665100,-2.500600,50.899700,194,204,180,floor,1
11.664800,-2.495400,50.899399,194,205,180,floor,1
11.669100,-2.491600,50.899799,194,203,179,floor,1
11.671400,-2.491800,50.900200,194,202,180,floor,1
11.673700,-2.489300,50.900600,196,203,181,floor,1
11.680000,-2.483100,50.901100,192,203,179,floor,1
11.684900,-2.480800,50.902100,194,202,183,floor,1
11.686300,-2.476900,50.901699,193,202,183,floor,1
11.693300,-2.473400,50.903000,191,203,179,floor,1
11.695400,-2.471000,50.903198,188,199,175,floor,1
11.700700,-2.471300,50.904499,189,201,178,floor,1
11.700200,-2.467400,50.904099,192,201,178,floor,1
11.707100,-2.467900,50.905499,190,200,178,floor,1
11.707100,-2.460100,50.905399,190,201,180,floor,1
11.710900,-2.460300,50.905399,190,200,177,floor,1
11.713900,-2.458000,50.906502,188,200,177,floor,1
11.716400,-2.456900,50.907101,187,199,176,floor,1
11.721900,-2.455900,50.907101,187,199,175,floor,1
11.724400,-2.453500,50.907700,187,200,178,floor,1
11.724600,-2.449700,50.907902,187,199,178,floor,1
11.725000,-2.444600,50.908199,190,198,178,floor,1
11.729200,-2.444900,50.908798,190,198,177,floor,1
11.733600,-2.440100,50.909401,187,197,175,floor,1
11.736000,-2.436500,50.909901,187,198,175,floor,1
11.739500,-2.432800,50.909901,188,199,177,floor,1
11.743100,-2.429300,50.909801,187,198,177,floor,1
11.743600,-2.425500,50.910301,186,197,176,floor,1
11.749200,-2.424600,50.910702,188,200,180,floor,1
11.754700,-2.425100,50.912300,187,198,177,floor,1
11.756600,-2.420200,50.912399,189,201,180,floor,1
11.755900,-2.413700,50.911800,188,195,178,floor,1
11.759700,-2.414000,50.911999,189,196,180,floor,1
11.759900,-2.410300,50.912201,187,198,179,floor,1
11.768400,-2.409700,50.913399,184,198,180,floor,1
11.766200,-2.404400,50.912998,187,197,180,floor,1
11.770800,-2.403600,50.914101,187,197,180,floor,1
11.772300,-2.401200,50.913799,188,198,181,floor,1
11.778800,-2.395500,50.915100,187,198,180,floor,1
11.780400,-2.391800,50.914799,187,198,181,floor,1
11.780700,-2.385500,50.915001,187,199,180,floor,1
11.782900,-2.384500,50.915501,188,199,181,floor,1
11.783000,-2.382000,50.915600,189,200,182,floor,1
11.786400,-2.379700,50.915501,188,198,183,floor,1
11.791000,-2.375200,50.916599,188,199,182,floor,1
11.791200,-2.371400,50.916698,188,199,184,floor,1
11.799400,-2.367200,50.917999,189,199,183,floor,1
11.801100,-2.367400,50.918098,189,199,183,floor,1
11.801100,-2.361100,50.917999,189,198,188,floor,1
11.803300,-2.356300,50.918400,189,198,185,floor,1
11.405500,-2.591500,50.862099,193,204,186,floor,1
11.410600,-2.590100,50.862598,192,205,186,floor,1
11.418600,-2.588800,50.863701,192,202,187,floor,1
11.422000,-2.591700,50.864601,192,204,186,floor,1
11.424600,-2.593200,50.864899,191,205,187,floor,1
11.428000,-2.590300,50.865799,192,203,185,floor,1
11.433100,-2.587600,50.866199,190,203,185,floor,1
11.438200,-2.594800,50.866901,190,201,184,floor,1
11.441200,-2.592000,50.867500,189,202,183,floor,1
11.446100,-2.592000,50.867802,190,202,183,floor,1
11.452000,-2.585000,50.868999,193,200,183,floor,1
11.453800,-2.580800,50.868801,192,204,179,floor,1
11.456300,-2.582200,50.868999,194,203,181,floor,1
11.472800,-2.575500,50.871799,194,203,178,floor,1
11.478300,-2.577000,50.872799,191,203,178,floor,1
11.485500,-2.575700,50.873299,191,201,178,floor,1
11.492900,-2.575800,50.874199,193,200,178,floor,1
11.502900,-2.564900,50.875599,187,197,180,floor,1
11.513300,-2.567900,50.877102,189,199,182,floor,1
11.513800,-2.563800,50.877499,191,199,183,floor,1
11.521600,-2.564000,50.878799,191,199,182,floor,1
11.526800,-2.560000,50.879700,189,200,182,floor,1
11.528400,-2.561300,50.879101,189,199,181,floor,1
11.530900,-2.554600,50.879501,189,199,181,floor,1
11.536100,-2.556100,50.880299,188,197,181,floor,1
11.541700,-2.556200,50.881599,185,198,178,floor,1
11.548700,-2.552300,50.882099,184,194,176,floor,1
11.549700,-2.548200,50.882900,187,198,179,floor,1
11.554300,-2.549700,50.883301,187,197,178,floor,1
11.554500,-2.544300,50.883499,188,196,179,floor,1
11.559900,-2.544500,50.884499,187,197,178,floor,1
11.564500,-2.541900,50.884899,186,197,177,floor,1
11.564600,-2.540500,50.884899,185,197,178,floor,1
11.572300,-2.542100,50.886200,187,195,177,floor,1
11.574100,-2.538100,50.886002,187,195,179,floor,1
11.577400,-2.540900,50.887100,188,197,174,floor,1
11.588900,-2.527800,50.888199,194,203,185,floor,1
11.594100,-2.530700,50.889198,193,200,184,floor,1
11.601000,-2.531000,50.889900,193,199,181,floor,1
11.603200,-2.520300,50.890099,199,208,188,floor,1
11.606300,-2.519100,50.890999,199,207,186,floor,1
11.615200,-2.519500,50.891998,199,208,185,floor,1
11.620600,-2.513100,50.893002,200,208,188,floor,1
11.624900,-2.517200,50.893501,197,208,187,floor,1
11.622900,-2.507900,50.893398,198,206,183,floor,1
11.627500,-2.505400,50.894001,196,205,182,floor,1
11.634000,-2.505700,50.894501,196,205,182,floor,1
11.636500,-2.504500,50.895000,196,205,181,floor,1
11.641300,-2.503400,50.895699,197,206,183,floor,1
11.645300,-2.502200,50.895901,196,205,183,floor,1
11.643000,-2.495500,50.895500,195,204,183,floor,1
11.648200,-2.491900,50.896801,193,204,181,floor,1
11.659700,-2.485900,50.898399,193,202,181,floor,1
11.662500,-2.487400,50.899200,193,202,182,floor,1
11.664800,-2.478300,50.899300,193,201,183,floor,1
11.667000,-2.477100,50.899601,193,201,182,floor,1
11.671300,-2.474800,50.900200,193,201,183,floor,1
11.676000,-2.475100,50.901001,193,200,182,floor,1
11.675700,-2.473700,50.900700,193,201,181,floor,1
11.682000,-2.466200,50.901100,190,201,177,floor,1
11.686600,-2.465300,50.902000,189,201,177,floor,1
11.689300,-2.462800,50.902599,191,200,181,floor,1
11.695300,-2.468400,50.903099,191,201,178,floor,1
11.700600,-2.464800,50.904301,190,200,178,floor,1
11.700300,-2.459700,50.904099,189,200,178,floor,1
11.704400,-2.450900,50.904598,190,198,181,floor,1
11.702700,-2.448200,50.904701,191,199,180,floor,1
11.715500,-2.445200,50.906300,191,197,175,floor,1
11.718300,-2.441500,50.907200,189,199,178,floor,1
11.719900,-2.437800,50.906898,188,199,175,floor,1
11.722300,-2.436700,50.907398,189,199,176,floor,1
11.729500,-2.434700,50.909100,186,198,175,floor,1
11.733100,-2.429800,50.908901,187,198,177,floor,1
11.733400,-2.424700,50.909199,187,198,177,floor,1
11.734200,-2.419700,50.909901,186,196,176,floor,1
11.741200,-2.424000,50.909698,186,197,176,floor,1
11.745500,-2.419200,50.910400,187,197,174,floor,1
11.745400,-2.416700,50.910198,186,197,174,floor,1
11.747800,-2.411800,50.910900,185,196,177,floor,1
11.745500,-2.406500,50.910301,188,197,179,floor,1
11.748300,-2.404200,50.911301,187,197,178,floor,1
11.757800,-2.398600,50.911900,187,198,180,floor,1
11.764500,-2.400500,50.913101,187,198,180,floor,1
11.765000,-2.391700,50.913601,188,198,180,floor,1
11.768300,-2.390700,50.913300,189,198,180,floor,1
11.764700,-2.385300,50.913200,189,200,181,floor,1
11.772500,-2.386000,50.913898,186,198,180,floor,1
11.772400,-2.378400,50.913799,188,199,182,floor,1
11.780900,-2.381700,50.915199,187,198,181,floor,1
11.776100,-2.372400,50.914101,185,203,182,floor,1
11.783600,-2.373200,50.916199,185,200,181,floor,1
11.780300,-2.370300,50.914600,185,201,181,floor,1
11.787000,-2.364700,50.916000,187,198,186,floor,1
11.786600,-2.360800,50.915600,189,198,185,floor,1
11.791500,-2.357600,50.917000,190,199,185,floor,1
11.795000,-2.354100,50.916901,189,198,182,floor,1
11.408400,-2.584400,50.862701,193,203,189,floor,1
11.409800,-2.578600,50.862000,193,203,185,floor,1
11.416100,-2.581600,50.863400,192,201,186,floor,1
11.419100,-2.584500,50.864101,193,202,186,floor,1
11.422300,-2.581700,50.864799,190,200,186,floor,1
11.427900,-2.577500,50.865799,192,202,190,floor,1
11.430700,-2.576100,50.866100,193,204,191,floor,1
11.435400,-2.580500,50.866299,192,203,185,floor,1
11.439000,-2.576300,50.867500,191,204,188,floor,1
11.440800,-2.570600,50.867199,190,204,186,floor,1
11.443800,-2.573500,50.867699,192,203,190,floor,1
11.446300,-2.572200,50.867901,192,204,190,floor,1
11.451400,-2.573700,50.868500,192,204,190,floor,1
11.456500,-2.578000,50.869099,193,206,181,floor,1
11.459600,-2.569600,50.869801,190,201,186,floor,1
11.461700,-2.571000,50.869801,190,201,184,floor,1
11.465100,-2.566900,50.870899,194,199,183,floor,1
11.470100,-2.564200,50.871300,194,201,185,floor,1
11.475900,-2.572700,50.872601,194,204,178,floor,1
11.475100,-2.562900,50.871899,193,202,182,floor,1
11.479900,-2.561600,50.872299,194,202,182,floor,1
11.483600,-2.564500,50.873501,191,202,179,floor,1
11.488200,-2.557600,50.873798,192,200,180,floor,1
11.496400,-2.562000,50.875301,194,202,184,floor,1
11.501600,-2.556600,50.876202,193,200,182,floor,1
11.506100,-2.558000,50.876400,189,200,183,floor,1
11.508900,-2.551200,50.876900,192,200,182,floor,1
11.513700,-2.554100,50.877399,189,199,182,floor,1
11.516600,-2.550000,50.877998,189,199,181,floor,1
11.522700,-2.546000,50.877899,188,197,179,floor,1
11.525900,-2.543400,50.878799,188,200,177,floor,1
11.531600,-2.543600,50.880001,187,199,176,floor,1
11.536100,-2.539600,50.880299,186,199,180,floor,1
11.538600,-2.543800,50.880600,189,199,175,floor,1
11.544200,-2.545300,50.881901,186,196,176,floor,1
11.547100,-2.542700,50.882500,189,199,178,floor,1
11.546700,-2.535800,50.882198,189,201,183,floor,1
11.553500,-2.534700,50.882702,187,198,178,floor,1
11.562400,-2.529600,50.884701,191,203,185,floor,1
11.567100,-2.529800,50.885300,190,203,184,floor,1
11.571900,-2.524500,50.885799,197,208,187,floor,1
11.577200,-2.524700,50.886799,196,206,187,floor,1
11.577000,-2.523300,50.886700,198,208,189,floor,1
11.582300,-2.522200,50.887699,199,208,188,floor,1
11.584700,-2.521000,50.888000,197,208,187,floor,1
11.586900,-2.515700,50.888199,198,210,189,floor,1
11.596400,-2.509300,50.889301,196,208,189,floor,1
11.598800,-2.509400,50.889599,197,209,190,floor,1
11.606000,-2.505800,50.890701,197,207,184,floor,1
11.608200,-2.503200,50.890900,197,207,181,floor,1
11.615200,-2.503500,50.891899,198,206,183,floor,1
11.617800,-2.500900,50.892399,199,207,183,floor,1
11.622500,-2.501200,50.892899,197,205,182,floor,1
11.622800,-2.493200,50.893200,198,205,184,floor,1
11.627200,-2.490800,50.893700,196,203,185,floor,1
11.629300,-2.489600,50.893799,195,202,184,floor,1
11.632100,-2.487100,50.894501,196,203,184,floor,1
11.646400,-2.486500,50.896801,193,203,181,floor,1
11.648600,-2.481400,50.897202,192,204,183,floor,1
11.653800,-2.483000,50.898300,193,204,181,floor,1
11.650700,-2.476200,50.897202,191,202,177,floor,1
11.657600,-2.476600,50.898201,192,203,178,floor,1
11.657400,-2.470000,50.897999,192,201,181,floor,1
11.665400,-2.471800,50.899899,193,201,179,floor,1
11.667000,-2.462700,50.899502,190,201,177,floor,1
11.669600,-2.460300,50.900200,190,200,181,floor,1
11.675500,-2.463200,50.900501,191,201,176,floor,1
11.674000,-2.456700,50.900799,188,199,177,floor,1
11.680200,-2.451800,50.901100,187,200,177,floor,1
11.684400,-2.452100,50.901600,188,200,177,floor,1
11.686600,-2.449600,50.902000,190,200,179,floor,1
11.689200,-2.444600,50.902500,189,201,177,floor,1
11.691500,-2.444800,50.902901,188,200,176,floor,1
11.698400,-2.446600,50.904099,188,200,179,floor,1
11.702800,-2.444300,50.904701,188,199,176,floor,1
11.704600,-2.440500,50.904701,188,200,176,floor,1
11.704900,-2.435400,50.904999,188,198,177,floor,1
11.709200,-2.429200,50.905399,188,199,180,floor,1
11.710500,-2.425400,50.904999,187,198,177,floor,1
11.713000,-2.423100,50.905499,188,199,176,floor,1
11.718200,-2.426100,50.907001,188,199,177,floor,1
11.717400,-2.419500,50.906300,188,199,176,floor,1
11.719900,-2.417200,50.906898,186,197,178,floor,1
11.728500,-2.420400,50.908100,187,198,177,floor,1
11.724700,-2.412400,50.907799,186,198,176,floor,1
11.728400,-2.410100,50.907902,186,197,176,floor,1
11.734900,-2.408100,50.908901,185,196,175,floor,1
11.739400,-2.409800,50.909801,185,197,173,floor,1
11.738700,-2.402000,50.909100,183,197,174,floor,1
11.737500,-2.399400,50.909599,184,198,178,floor,1
11.746000,-2.395000,50.910702,185,199,177,floor,1
11.751700,-2.396800,50.911098,187,198,178,floor,1
11.748200,-2.387600,50.911201,185,199,182,floor,1
11.749700,-2.386400,50.910999,186,200,182,floor,1
11.758900,-2.386000,50.912800,187,199,181,floor,1
11.755700,-2.379300,50.911400,186,198,179,floor,1
11.758400,-2.377100,50.912399,185,199,181,floor,1
11.760100,-2.375900,50.912201,186,200,181,floor,1
11.764700,-2.375100,50.913200,185,201,181,floor,1
11.770200,-2.373100,50.913399,183,202,181,floor,1
11.766500,-2.367700,50.913300,187,198,180,floor,1
11.769500,-2.362900,50.914398,185,199,181,floor,1
11.772900,-2.362000,50.914200,187,200,182,floor,1
11.777000,-2.358600,50.914902,185,200,182,floor,1
11.776500,-2.357200,50.914398,186,199,181,floor,1
11.402900,-2.568400,50.861900,194,204,185,floor,1
11.405600,-2.565600,50.862099,194,203,184,floor,1
11.411700,-2.568600,50.863499,195,207,190,floor,1
11.414300,-2.568700,50.863800,194,207,189,floor,1
11.419200,-2.574500,50.864101,191,205,187,floor,1
11.419200,-2.563000,50.864101,193,204,182,floor,1
11.427800,-2.563200,50.865601,190,203,179,floor,1
11.432600,-2.560500,50.865799,193,202,184,floor,1
11.436300,-2.563400,50.867100,192,204,183,floor,1
11.438600,-2.566300,50.867100,191,204,185,floor,1
11.444300,-2.565000,50.868099,192,204,182,floor,1
11.446400,-2.558000,50.868000,194,202,182,floor,1
11.451300,-2.566600,50.868401,192,204,185,floor,1
11.451900,-2.562400,50.868900,194,202,184,floor,1
11.461700,-2.555500,50.869701,191,203,181,floor,1
11.469300,-2.560000,50.870602,193,201,181,floor,1
11.469500,-2.555700,50.870800,193,203,181,floor,1
11.472500,-2.554400,50.871498,193,203,181,floor,1
11.477600,-2.554500,50.872200,190,201,179,floor,1
11.480800,-2.556000,50.873001,187,200,177,floor,1
11.485200,-2.547700,50.873001,189,202,178,floor,1
11.488600,-2.547800,50.874100,189,201,178,floor,1
11.492700,-2.543700,50.874001,189,198,178,floor,1
11.498700,-2.544000,50.875401,190,198,180,floor,1
11.503600,-2.542700,50.876099,188,196,182,floor,1
11.513900,-2.544400,50.877499,189,198,180,floor,1
11.516600,-2.539000,50.877998,188,200,179,floor,1
11.518600,-2.537600,50.877998,188,201,177,floor,1
11.521700,-2.535000,50.878799,189,203,178,floor,1
11.524000,-2.530900,50.878899,193,204,184,floor,1
11.528400,-2.535200,50.879002,189,201,176,floor,1
11.536400,-2.536900,50.880501,187,197,179,floor,1
11.537000,-2.527300,50.881001,195,205,188,floor,1
11.541800,-2.524700,50.881599,198,206,190,floor,1
11.541800,-2.523300,50.881500,200,207,190,floor,1
11.549300,-2.530500,50.882500,191,203,184,floor,1
11.554100,-2.526600,50.883099,197,209,190,floor,1
11.553700,-2.519700,50.882702,198,210,191,floor,1
11.559500,-2.522700,50.884201,197,208,189,floor,1
11.562500,-2.520100,50.884800,198,209,187,floor,1
11.563900,-2.517400,50.884300,201,210,189,floor,1
11.566900,-2.512100,50.885101,201,208,190,floor,1
11.573500,-2.515100,50.885399,199,209,189,floor,1
11.577100,-2.508500,50.886700,198,208,187,floor,1
11.579300,-2.507200,50.886902,197,208,187,floor,1
11.586200,-2.510200,50.887600,198,207,188,floor,1
11.585800,-2.502100,50.887199,197,206,182,floor,1
11.591700,-2.507800,50.888802,199,208,189,floor,1
11.593000,-2.501100,50.888100,197,207,183,floor,1
11.596100,-2.503900,50.889000,195,208,184,floor,1
11.601300,-2.505600,50.890202,195,209,184,floor,1
11.602500,-2.494800,50.889400,193,206,182,floor,1
11.605600,-2.495000,50.890301,195,206,183,floor,1
11.608400,-2.493800,50.890999,196,207,184,floor,1
11.615200,-2.495500,50.891899,197,204,182,floor,1
11.613300,-2.486100,50.891800,195,204,184,floor,1
11.617800,-2.489000,50.892399,197,204,184,floor,1
11.624500,-2.492000,50.893101,197,205,184,floor,1
11.624900,-2.489300,50.893299,196,203,185,floor,1
11.625300,-2.478700,50.893600,192,201,181,floor,1
11.629400,-2.480300,50.893902,192,202,182,floor,1
11.634600,-2.476600,50.895000,190,199,180,floor,1
11.637100,-2.472800,50.895500,192,202,177,floor,1
11.642000,-2.467800,50.896301,193,202,179,floor,1
11.648200,-2.468100,50.896702,193,203,179,floor,1
11.648100,-2.462800,50.896599,189,202,176,floor,1
11.655200,-2.468600,50.897701,191,203,178,floor,1
11.655400,-2.462000,50.897900,189,200,177,floor,1
11.661900,-2.463700,50.898499,190,203,176,floor,1
11.660600,-2.453100,50.899101,191,200,180,floor,1
11.664900,-2.456000,50.899399,188,200,182,floor,1
11.668800,-2.456300,50.899399,189,200,180,floor,1
11.671800,-2.451300,50.900501,188,200,174,floor,1
11.678600,-2.438600,50.901299,189,199,178,floor,1
11.689000,-2.443300,50.902302,190,201,178,floor,1
11.686400,-2.435300,50.901699,188,198,182,floor,1
11.687200,-2.430200,50.902401,188,199,179,floor,1
11.695500,-2.437200,50.903198,188,198,179,floor,1
11.694700,-2.429400,50.902401,188,199,178,floor,1
11.697700,-2.421800,50.903400,188,197,175,floor,1
11.702800,-2.423600,50.904701,188,198,181,floor,1
11.706300,-2.419900,50.904598,185,196,176,floor,1
11.707000,-2.416100,50.905201,187,198,177,floor,1
11.716100,-2.418200,50.906799,187,198,178,floor,1
11.719400,-2.413200,50.906300,187,199,178,floor,1
11.717100,-2.405300,50.905899,187,197,180,floor,1
11.720300,-2.403000,50.907200,187,198,179,floor,1
11.722400,-2.400600,50.907299,186,197,178,floor,1
11.726000,-2.399600,50.907398,186,198,178,floor,1
11.728400,-2.397300,50.907902,186,198,178,floor,1
11.733100,-2.397700,50.908901,185,197,179,floor,1
11.728700,-2.390900,50.908199,184,197,179,floor,1
11.736900,-2.392900,50.909000,185,199,181,floor,1
11.733600,-2.386200,50.909302,186,197,184,floor,1
11.737200,-2.384000,50.909302,188,198,184,floor,1
11.743500,-2.383200,50.910000,188,199,182,floor,1
11.742000,-2.375500,50.910400,189,199,179,floor,1
11.749300,-2.376100,50.910599,188,199,182,floor,1
11.750000,-2.372400,50.911301,188,200,181,floor,1
11.758000,-2.369300,50.911900,188,201,180,floor,1
11.760200,-2.363200,50.912300,186,202,181,floor,1
11.758300,-2.356600,50.912201,189,199,181,floor,1
11.765000,-2.358600,50.913502,188,200,182,floor,1
11.766300,-2.357400,50.912998,187,200,181,floor,1
11.402800,-2.555400,50.861801,196,203,186,floor,1
11.406100,-2.552700,50.862499,196,204,186,floor,1
11.408500,-2.562800,50.862801,196,203,187,floor,1
11.411300,-2.554200,50.863098,193,203,185,floor,1
11.424200,-2.553100,50.864498,192,202,185,floor,1
11.424200,-2.551700,50.864498,193,201,184,floor,1
11.430200,-2.547600,50.865601,193,200,183,floor,1
11.435700,-2.557700,50.866501,193,203,183,floor,1
11.436300,-2.546300,50.867100,194,201,182,floor,1
11.440200,-2.546400,50.866600,191,201,181,floor,1
11.443300,-2.552200,50.867199,190,203,182,floor,1
11.449300,-2.548100,50.868599,189,201,180,floor,1
11.454300,-2.545500,50.869099,188,198,180,floor,1
11.456600,-2.545500,50.869099,190,200,180,floor,1
11.462100,-2.542900,50.869999,190,200,181,floor,1
11.467500,-2.550100,50.870998,190,202,180,floor,1
11.474600,-2.543200,50.871399,191,201,179,floor,1
11.480800,-2.535000,50.873001,191,200,180,floor,1
11.483400,-2.539300,50.873299,190,202,180,floor,1
11.485500,-2.533700,50.873199,190,199,181,floor,1
11.488500,-2.532500,50.874001,193,202,185,floor,1
11.496000,-2.539700,50.874901,190,197,182,floor,1
11.495600,-2.531300,50.874599,194,203,186,floor,1
11.500900,-2.530100,50.875500,193,204,185,floor,1
11.506000,-2.530300,50.876202,193,205,185,floor,1
11.508400,-2.531800,50.876499,191,203,184,floor,1
11.510700,-2.531800,50.876499,191,205,185,floor,1
11.514200,-2.525000,50.877701,197,209,187,floor,1
11.517100,-2.525200,50.878399,198,209,187,floor,1
11.523200,-2.519900,50.878300,201,212,188,floor,1
11.528700,-2.521500,50.879299,200,210,187,floor,1
11.534700,-2.519000,50.880901,197,210,188,floor,1
11.535900,-2.516200,50.880001,199,212,187,floor,1
11.541900,-2.522000,50.881599,200,210,189,floor,1
11.543400,-2.516600,50.881100,201,213,188,floor,1
11.548700,-2.508500,50.881901,199,210,190,floor,1
11.556600,-2.514400,50.883400,199,209,188,floor,1
11.557200,-2.507600,50.883900,198,210,186,floor,1
11.559600,-2.509000,50.884102,198,209,187,floor,1
11.563800,-2.511900,50.884201,201,210,190,floor,1
11.566200,-2.503900,50.884499,197,208,188,floor,1
11.567500,-2.498600,50.885601,196,206,185,floor,1
11.571600,-2.496000,50.885399,198,205,184,floor,1
11.574700,-2.500300,50.886398,197,206,187,floor,1
11.581900,-2.501900,50.887299,198,206,182,floor,1
11.581800,-2.493800,50.887199,197,205,183,floor,1
11.583700,-2.489900,50.887100,195,204,182,floor,1
11.593900,-2.493100,50.888901,196,207,186,floor,1
11.594000,-2.490400,50.889000,195,204,180,floor,1
11.596100,-2.483800,50.889000,192,204,179,floor,1
11.599800,-2.485400,50.890499,192,205,181,floor,1
11.602900,-2.484100,50.889801,193,205,179,floor,1
11.606100,-2.481600,50.890701,192,204,177,floor,1
11.610300,-2.477800,50.890800,191,204,177,floor,1
11.614600,-2.474100,50.891300,191,204,177,floor,1
11.617800,-2.471600,50.892300,192,202,178,floor,1
11.622600,-2.466600,50.892899,191,202,180,floor,1
11.624700,-2.466700,50.893101,190,201,180,floor,1
11.629400,-2.463000,50.893799,191,201,182,floor,1
11.634900,-2.464700,50.895199,191,201,180,floor,1
11.637200,-2.458200,50.895500,192,202,180,floor,1
11.641600,-2.451900,50.895901,191,201,176,floor,1
11.643200,-2.451900,50.895599,190,201,176,floor,1
11.647700,-2.449600,50.896198,190,200,177,floor,1
11.655200,-2.447500,50.897701,190,200,178,floor,1
11.654200,-2.443400,50.896702,188,198,176,floor,1
11.657800,-2.439800,50.898201,188,199,175,floor,1
11.660200,-2.439900,50.898701,190,199,178,floor,1
11.664500,-2.440300,50.898899,189,198,178,floor,1
11.666700,-2.435100,50.899200,189,197,179,floor,1
11.670700,-2.435400,50.899399,191,198,178,floor,1
11.674100,-2.430500,50.900799,190,198,180,floor,1
11.678200,-2.434700,50.901001,190,198,178,floor,1
11.676300,-2.425400,50.901100,188,199,177,floor,1
11.681900,-2.423200,50.900902,188,199,178,floor,1
11.685000,-2.422200,50.902000,188,199,177,floor,1
11.689400,-2.422500,50.902699,188,199,176,floor,1
11.691400,-2.422600,50.902802,187,198,175,floor,1
11.691500,-2.414800,50.902802,185,197,178,floor,1
11.693800,-2.415000,50.903198,187,198,176,floor,1
11.697900,-2.412800,50.903500,186,198,173,floor,1
11.696000,-2.407400,50.903599,186,198,177,floor,1
11.700300,-2.406500,50.903999,187,199,177,floor,1
11.708800,-2.408500,50.904999,188,199,178,floor,1
11.704800,-2.401700,50.904800,185,199,175,floor,1
11.713600,-2.401200,50.906101,187,198,179,floor,1
11.713600,-2.397300,50.905998,187,198,179,floor,1
11.716200,-2.393600,50.906799,187,198,179,floor,1
11.715800,-2.387100,50.906399,188,200,180,floor,1
11.724300,-2.387900,50.907398,188,200,180,floor,1
11.724300,-2.385300,50.907398,189,198,187,floor,1
11.726900,-2.380400,50.908100,189,198,183,floor,1
11.726800,-2.375200,50.908001,187,199,181,floor,1
11.730800,-2.375600,50.908199,190,200,182,floor,1
11.734400,-2.373300,50.908199,188,201,179,floor,1
11.741600,-2.370200,50.910000,188,198,178,floor,1
11.741700,-2.367700,50.910099,189,199,179,floor,1
11.743400,-2.366600,50.909901,187,197,177,floor,1
11.749800,-2.359500,50.910999,189,199,181,floor,1
11.754400,-2.358700,50.911800,190,199,181,floor,1
11.597600,-2.220500,51.537300,135,145,143,floor,1
11.400200,-2.543800,50.861401,194,205,185,floor,1
11.402500,-2.541000,50.861500,196,203,185,floor,1
11.405800,-2.544000,50.862301,193,202,187,floor,1
11.408100,-2.539800,50.862400,195,202,185,floor,1
11.415800,-2.550000,50.863201,193,204,184,floor,1
11.416600,-2.541500,50.863800,192,203,183,floor,1
11.421900,-2.538800,50.864399,191,202,179,floor,1
11.424200,-2.538800,50.864399,191,203,180,floor,1
11.427300,-2.537500,50.865101,192,202,181,floor,1
11.436600,-2.537800,50.867199,190,203,181,floor,1
11.441300,-2.535100,50.867500,193,205,181,floor,1
11.445600,-2.539500,50.867199,193,199,181,floor,1
11.448200,-2.532500,50.867500,191,204,178,floor,1
11.459400,-2.535700,50.869598,191,202,177,floor,1
11.464200,-2.537300,50.869999,192,202,181,floor,1
11.464500,-2.535900,50.870300,191,202,180,floor,1
11.469700,-2.531800,50.870899,195,205,183,floor,1
11.472400,-2.529100,50.871300,198,208,187,floor,1
11.474900,-2.529200,50.871601,197,207,187,floor,1
11.477200,-2.523700,50.871700,200,209,192,floor,1
11.483300,-2.530900,50.873199,196,205,185,floor,1
11.488000,-2.526900,50.873501,199,207,189,floor,1
11.492300,-2.521400,50.873600,200,207,189,floor,1
11.494400,-2.521500,50.873501,199,208,190,floor,1
11.495900,-2.517400,50.874699,203,210,193,floor,1
11.499100,-2.517500,50.875702,203,209,194,floor,1
11.509100,-2.515200,50.876999,200,209,190,floor,1
11.513900,-2.511200,50.877499,201,211,190,floor,1
11.518100,-2.515500,50.877499,200,212,190,floor,1
11.521600,-2.512900,50.878700,198,211,189,floor,1
11.520900,-2.508700,50.877998,200,210,188,floor,1
11.533000,-2.502300,50.879299,198,207,187,floor,1
11.536400,-2.508000,50.880402,201,210,189,floor,1
11.544400,-2.502900,50.882000,199,209,189,floor,1
11.548700,-2.504500,50.882000,200,210,186,floor,1
11.549200,-2.500400,50.882401,198,208,187,floor,1
11.550600,-2.497700,50.881802,197,206,185,floor,1
11.553900,-2.496500,50.882900,197,208,186,floor,1
11.558800,-2.500800,50.883400,198,209,186,floor,1
11.558800,-2.491300,50.883301,195,207,184,floor,1
11.566600,-2.487600,50.884800,196,206,183,floor,1
11.568900,-2.489100,50.884899,195,205,183,floor,1
11.583700,-2.485800,50.887001,193,204,181,floor,1
11.586700,-2.483300,50.887901,192,203,182,floor,1
11.591100,-2.479500,50.888199,192,203,180,floor,1
11.593800,-2.472900,50.888699,191,203,179,floor,1
11.596400,-2.470300,50.889198,191,203,180,floor,1
11.601500,-2.477400,50.890301,193,203,180,floor,1
11.607800,-2.472400,50.890400,190,202,179,floor,1
11.607700,-2.465600,50.890301,189,201,177,floor,1
11.610200,-2.461800,50.890701,193,201,179,floor,1
11.617200,-2.466200,50.891800,191,203,179,floor,1
11.618000,-2.454300,50.892502,192,199,175,floor,1
11.634400,-2.450000,50.894600,190,200,175,floor,1
11.637000,-2.447600,50.895302,189,200,175,floor,1
11.643300,-2.446600,50.895599,189,200,176,floor,1
11.639100,-2.439700,50.895401,188,200,174,floor,1
11.646100,-2.441600,50.896500,186,199,172,floor,1
11.648100,-2.435100,50.896599,189,198,176,floor,1
11.650600,-2.431300,50.896999,188,199,179,floor,1
11.655100,-2.431700,50.897499,188,198,180,floor,1
11.662800,-2.434900,50.899300,190,196,179,floor,1
11.662500,-2.430900,50.898998,187,198,179,floor,1
11.662300,-2.421700,50.898800,188,197,179,floor,1
11.665100,-2.419300,50.899502,189,198,177,floor,1
11.666500,-2.418000,50.898899,189,198,178,floor,1
11.673800,-2.423900,50.900501,188,198,178,floor,1
11.671300,-2.413200,50.899899,188,198,180,floor,1
11.678400,-2.415100,50.901100,187,198,180,floor,1
11.678700,-2.411200,50.901299,187,198,178,floor,1
11.680300,-2.408700,50.901100,187,200,180,floor,1
11.682600,-2.403600,50.901600,186,199,181,floor,1
11.687200,-2.402700,50.902401,185,198,178,floor,1
11.689200,-2.402900,50.902401,186,198,179,floor,1
11.693200,-2.400600,50.902599,185,198,178,floor,1
11.697300,-2.402200,50.903000,186,198,175,floor,1
11.700300,-2.397400,50.903900,186,198,175,floor,1
11.695800,-2.391700,50.903301,186,198,177,floor,1
11.698200,-2.389300,50.903801,187,199,177,floor,1
11.702000,-2.388400,50.903801,187,199,179,floor,1
11.706600,-2.384900,50.904701,186,200,180,floor,1
11.708200,-2.382400,50.904400,188,200,180,floor,1
11.713100,-2.380300,50.905499,186,200,181,floor,1
11.715500,-2.375400,50.906101,187,199,185,floor,1
11.717100,-2.370300,50.905800,189,199,185,floor,1
11.720200,-2.370700,50.906898,189,199,185,floor,1
11.722300,-2.367000,50.907101,189,199,181,floor,1
11.728500,-2.371500,50.907902,187,199,181,floor,1
11.726800,-2.362300,50.908001,187,199,181,floor,1
11.727100,-2.359800,50.908298,188,200,183,floor,1
11.402900,-2.536700,50.861801,197,204,185,floor,1
11.407900,-2.529700,50.862099,200,209,190,floor,1
11.412500,-2.529800,50.862202,199,208,187,floor,1
11.416200,-2.527100,50.863400,201,210,191,floor,1
11.419500,-2.528600,50.864201,199,208,187,floor,1
11.422100,-2.531600,50.864498,195,208,184,floor,1
11.424300,-2.528800,50.864498,197,208,188,floor,1
11.427100,-2.524600,50.864899,200,212,191,floor,1
11.432600,-2.526200,50.865799,199,212,190,floor,1
11.438500,-2.527900,50.867001,199,211,186,floor,1
11.443400,-2.522400,50.867298,200,213,186,floor,1
11.448300,-2.522600,50.867599,198,210,184,floor,1
11.450700,-2.518400,50.867802,200,211,186,floor,1
11.453900,-2.517100,50.868698,200,211,188,floor,1
11.459300,-2.521600,50.869400,199,211,185,floor,1
11.464200,-2.517500,50.869999,202,212,189,floor,1
11.472100,-2.515000,50.870998,201,213,190,floor,1
11.474300,-2.515100,50.871101,201,211,191,floor,1
11.477500,-2.516600,50.872002,200,212,191,floor,1
11.479600,-2.513900,50.871899,201,211,191,floor,1
11.485200,-2.514100,50.872898,202,211,190,floor,1
11.487900,-2.510100,50.873402,201,209,190,floor,1
11.498400,-2.506400,50.875099,200,210,189,floor,1
11.500500,-2.506400,50.875099,201,211,189,floor,1
11.502900,-2.501000,50.875500,199,209,187,floor,1
11.508300,-2.504000,50.876301,200,209,187,floor,1
11.510100,-2.506800,50.875999,200,210,186,floor,1
11.518400,-2.497500,50.877701,196,207,187,floor,1
11.523000,-2.493600,50.877998,196,207,185,floor,1
11.530300,-2.492600,50.878799,198,208,183,floor,1
11.538000,-2.493000,50.879902,195,207,183,floor,1
11.538100,-2.487500,50.880001,195,203,185,floor,1
11.544000,-2.489200,50.881500,194,206,186,floor,1
11.546400,-2.483800,50.881699,196,202,186,floor,1
11.548300,-2.481200,50.881500,196,203,185,floor,1
11.553600,-2.478700,50.882500,195,202,183,floor,1
11.558900,-2.477600,50.883400,194,202,183,floor,1
11.561600,-2.476400,50.883801,193,203,183,floor,1
11.566300,-2.483500,50.884499,193,206,181,floor,1
11.567000,-2.471300,50.885101,192,202,181,floor,1
11.570900,-2.470100,50.884800,193,201,181,floor,1
11.574000,-2.467600,50.885700,194,202,182,floor,1
11.578400,-2.466500,50.886002,193,200,181,floor,1
11.584300,-2.473700,50.887600,193,204,180,floor,1
11.586100,-2.464300,50.887402,190,202,183,floor,1
11.591500,-2.470000,50.888500,191,203,180,floor,1
11.588400,-2.460400,50.887600,191,201,179,floor,1
11.603900,-2.449300,50.890499,191,198,178,floor,1
11.608000,-2.452200,50.890499,191,198,178,floor,1
11.613100,-2.445900,50.891499,188,199,179,floor,1
11.617700,-2.450200,50.892200,189,200,174,floor,1
11.620300,-2.446400,50.892601,189,200,177,floor,1
11.620800,-2.438400,50.893002,188,197,179,floor,1
11.624900,-2.441400,50.893299,189,199,178,floor,1
11.626700,-2.437500,50.893101,189,197,180,floor,1
11.636800,-2.439600,50.895100,188,199,174,floor,1
11.639200,-2.434500,50.895500,188,197,179,floor,1
11.641500,-2.426600,50.895802,188,198,182,floor,1
11.643500,-2.424100,50.895699,186,199,181,floor,1
11.645500,-2.421600,50.895901,188,199,175,floor,1
11.647800,-2.420500,50.896198,188,199,175,floor,1
11.653300,-2.422300,50.897598,188,199,176,floor,1
11.655400,-2.422400,50.897800,188,198,179,floor,1
11.658300,-2.418700,50.898602,189,198,176,floor,1
11.662000,-2.417700,50.898499,189,198,177,floor,1
11.662400,-2.411100,50.898899,188,200,173,floor,1
11.663800,-2.408600,50.898201,187,197,178,floor,1
11.666800,-2.403600,50.899200,186,196,178,floor,1
11.673700,-2.405500,50.900398,187,198,180,floor,1
11.676300,-2.396500,50.901001,189,198,181,floor,1
11.677900,-2.392700,50.900501,188,197,180,floor,1
11.686400,-2.397400,50.901600,188,198,178,floor,1
11.684400,-2.390700,50.901402,187,197,179,floor,1
11.685000,-2.389500,50.901901,188,197,180,floor,1
11.689900,-2.386000,50.903099,188,200,180,floor,1
11.689300,-2.382000,50.902401,188,199,180,floor,1
11.695800,-2.377400,50.903301,185,200,178,floor,1
11.700000,-2.379100,50.903599,186,199,178,floor,1
11.704600,-2.376900,50.904499,186,199,180,floor,1
11.703900,-2.374200,50.903900,185,199,180,floor,1
11.703000,-2.370300,50.904800,190,199,183,floor,1
11.706700,-2.365400,50.904800,190,197,184,floor,1
11.709200,-2.364400,50.905201,189,198,185,floor,1
11.710600,-2.359300,50.904800,188,200,186,floor,1
11.715100,-2.359700,50.905602,185,198,183,floor,1
11.402400,-2.528000,50.861401,203,210,194,floor,1
11.408200,-2.519600,50.862400,203,215,194,floor,1
11.410800,-2.515400,50.862598,204,214,196,floor,1
11.413100,-2.515500,50.862701,204,213,197,floor,1
11.416900,-2.524300,50.863998,202,213,196,floor,1
11.421300,-2.521500,50.863899,201,213,195,floor,1
11.421400,-2.514400,50.863998,205,212,198,floor,1
11.427000,-2.518900,50.864899,201,213,193,floor,1
11.432300,-2.520500,50.865501,201,213,192,floor,1
11.432000,-2.513300,50.865200,202,213,191,floor,1
11.435700,-2.519200,50.866402,204,213,193,floor,1
11.445900,-2.515400,50.867401,201,212,188,floor,1
11.451400,-2.511300,50.868301,202,210,187,floor,1
11.456300,-2.508700,50.868801,200,210,185,floor,1
11.459300,-2.503200,50.869400,197,207,182,floor,1
11.461800,-2.508900,50.869701,198,209,187,floor,1
11.466800,-2.507800,50.870300,199,209,187,floor,1
11.475100,-2.501100,50.871700,198,208,189,floor,1
11.477300,-2.501200,50.871799,199,208,190,floor,1
11.482400,-2.502800,50.872398,198,210,189,floor,1
11.485300,-2.500200,50.872898,197,209,188,floor,1
11.487200,-2.497400,50.872700,197,206,189,floor,1
11.490000,-2.496200,50.873402,197,208,190,floor,1
11.495800,-2.502000,50.874699,198,210,187,floor,1
11.498100,-2.495200,50.874802,196,207,186,floor,1
11.502700,-2.489800,50.875198,197,206,186,floor,1
11.507800,-2.492900,50.875900,196,206,184,floor,1
11.515800,-2.484900,50.877201,195,205,183,floor,1
11.520400,-2.483800,50.877499,196,204,183,floor,1
11.533700,-2.485900,50.879902,197,204,186,floor,1
11.533100,-2.478900,50.879299,193,203,183,floor,1
11.533600,-2.476200,50.879799,194,204,183,floor,1
11.540400,-2.479300,50.880199,195,202,186,floor,1
11.543300,-2.476800,50.880901,190,202,180,floor,1
11.546300,-2.475600,50.881699,190,203,181,floor,1
11.555800,-2.474700,50.882500,192,203,181,floor,1
11.558900,-2.470800,50.883400,191,202,182,floor,1
11.561400,-2.461400,50.883598,191,199,179,floor,1
11.566700,-2.465800,50.884899,193,201,180,floor,1
11.568900,-2.463200,50.884899,192,200,180,floor,1
11.574000,-2.466300,50.885700,194,202,182,floor,1
11.574100,-2.462200,50.885700,191,199,179,floor,1
11.574500,-2.454100,50.886002,188,198,178,floor,1
11.581400,-2.454500,50.886700,190,201,182,floor,1
11.589000,-2.456400,50.888100,191,200,179,floor,1
11.591300,-2.452500,50.888302,190,200,182,floor,1
11.593400,-2.444500,50.888302,191,197,178,floor,1
11.596300,-2.442000,50.889099,191,197,178,floor,1
11.601300,-2.445100,50.889999,192,198,178,floor,1
11.600800,-2.439600,50.889500,190,196,178,floor,1
11.603100,-2.439800,50.889702,190,196,178,floor,1
11.606100,-2.436000,50.890598,190,196,181,floor,1
11.608100,-2.434800,50.890499,190,197,179,floor,1
11.614900,-2.439300,50.891499,189,199,180,floor,1
11.620300,-2.435700,50.892502,189,198,178,floor,1
11.624700,-2.433300,50.893002,187,198,177,floor,1
11.624800,-2.428000,50.893101,187,198,179,floor,1
11.624500,-2.422600,50.892799,187,197,176,floor,1
11.632400,-2.426000,50.894600,187,198,180,floor,1
11.634000,-2.423400,50.894199,186,197,179,floor,1
11.632200,-2.417900,50.894402,186,197,173,floor,1
11.636800,-2.417000,50.895000,187,198,174,floor,1
11.646400,-2.416400,50.896702,188,199,175,floor,1
11.653300,-2.413000,50.897598,190,197,174,floor,1
11.652800,-2.399700,50.896999,188,197,177,floor,1
11.657800,-2.401500,50.898102,190,199,181,floor,1
11.659500,-2.397600,50.897900,189,198,179,floor,1
11.664300,-2.398100,50.898701,188,197,179,floor,1
11.669200,-2.390600,50.899601,187,198,180,floor,1
11.671600,-2.385600,50.900101,190,196,183,floor,1
11.671800,-2.383000,50.900299,188,198,183,floor,1
11.673500,-2.380500,50.900101,187,197,181,floor,1
11.678300,-2.382300,50.900902,188,198,180,floor,1
11.678400,-2.375700,50.901001,188,198,181,floor,1
11.682600,-2.373500,50.901402,189,198,184,floor,1
11.687000,-2.373900,50.902199,189,198,184,floor,1
11.691400,-2.375600,50.902599,185,201,178,floor,1
11.689500,-2.365000,50.902599,189,198,181,floor,1
11.699900,-2.369900,50.903500,190,199,183,floor,1
11.696200,-2.363000,50.903599,190,200,180,floor,1
11.698100,-2.356700,50.903599,185,200,182,floor,1
11.399400,-2.512000,50.860802,201,211,193,floor,1
11.402300,-2.513600,50.861198,202,211,194,floor,1
11.405300,-2.505100,50.861698,200,208,189,floor,1
11.407900,-2.505200,50.862099,198,209,189,floor,1
11.412600,-2.502500,50.862202,199,209,188,floor,1
11.411700,-2.478600,50.951401,169,179,154,floor,1
11.414400,-2.478700,50.951698,166,175,150,floor,1
11.416400,-2.481400,50.946098,155,161,141,floor,1
11.419000,-2.476100,50.951599,151,159,136,floor,1
11.429600,-2.507500,50.865002,199,209,187,floor,1
11.434800,-2.504900,50.865700,197,208,182,floor,1
11.437700,-2.500800,50.866199,197,206,183,floor,1
11.439900,-2.496600,50.866199,195,203,179,floor,1
11.445700,-2.496900,50.867199,195,203,179,floor,1
11.452800,-2.501500,50.867699,197,205,180,floor,1
11.455800,-2.495900,50.868401,198,205,186,floor,1
11.471800,-2.489700,50.870701,196,204,184,floor,1
11.476900,-2.495500,50.871399,196,205,188,floor,1
11.479400,-2.492800,50.871700,197,205,188,floor,1
11.482900,-2.493000,50.872799,198,205,188,floor,1
11.482000,-2.485900,50.872002,192,203,180,floor,1
11.488200,-2.490500,50.873600,198,206,187,floor,1
11.490300,-2.482200,50.873600,193,205,179,floor,1
11.492200,-2.483700,50.873402,193,204,181,floor,1
11.494500,-2.481000,50.873402,193,204,181,floor,1
11.497400,-2.479800,50.874199,193,203,181,floor,1
11.505800,-2.484400,50.875900,194,203,184,floor,1
11.507800,-2.474800,50.875801,191,202,177,floor,1
11.508200,-2.473400,50.876099,191,201,179,floor,1
11.520000,-2.474000,50.877102,191,203,179,floor,1
11.525600,-2.475800,50.878502,192,203,180,floor,1
11.523400,-2.468700,50.878300,189,202,177,floor,1
11.526100,-2.466100,50.878799,190,201,179,floor,1
11.531300,-2.469200,50.879601,191,202,178,floor,1
11.538100,-2.462700,50.880001,189,200,180,floor,1
11.540300,-2.460100,50.880100,189,197,181,floor,1
11.551700,-2.462200,50.882702,189,200,179,floor,1
11.553400,-2.458200,50.882301,188,199,181,floor,1
11.558500,-2.461200,50.882999,190,200,179,floor,1
11.556300,-2.454300,50.882999,189,198,177,floor,1
11.559400,-2.449000,50.883801,188,197,177,floor,1
11.569400,-2.453800,50.885300,189,198,178,floor,1
11.566600,-2.445400,50.884701,189,199,176,floor,1
11.569200,-2.444200,50.885101,189,199,174,floor,1
11.576500,-2.450100,50.886002,188,198,178,floor,1
11.575700,-2.443300,50.885300,187,198,178,floor,1
11.581700,-2.446400,50.887001,191,197,178,floor,1
11.581600,-2.436900,50.886902,186,197,176,floor,1
11.588400,-2.442800,50.887501,190,196,177,floor,1
11.586200,-2.434500,50.887299,186,197,170,floor,1
11.591600,-2.439000,50.888599,189,196,176,floor,1
11.592000,-2.429600,50.888802,188,198,174,floor,1
11.595700,-2.429800,50.888401,190,197,175,floor,1
11.595800,-2.427200,50.888599,190,198,174,floor,1
11.601100,-2.424900,50.889702,190,198,173,floor,1
11.608300,-2.424100,50.890701,190,197,174,floor,1
11.613700,-2.417800,50.891998,186,196,175,floor,1
11.620100,-2.419600,50.892300,187,197,173,floor,1
11.622600,-2.419800,50.892700,187,198,172,floor,1
11.622000,-2.411700,50.892200,188,199,178,floor,1
11.629700,-2.416400,50.893902,186,197,174,floor,1
11.626600,-2.406700,50.892899,185,197,177,floor,1
11.632000,-2.404600,50.894199,186,198,176,floor,1
11.640900,-2.398700,50.895100,187,198,172,floor,1
11.643500,-2.397600,50.895699,187,199,171,floor,1
11.643100,-2.394800,50.895302,187,199,172,floor,1
11.650800,-2.398200,50.896999,188,197,177,floor,1
11.649900,-2.387500,50.896198,184,199,180,floor,1
11.657500,-2.392200,50.897800,187,198,181,floor,1
11.655500,-2.385400,50.897800,185,200,181,floor,1
11.664800,-2.384900,50.898998,186,199,182,floor,1
11.664700,-2.377000,50.898899,189,198,181,floor,1
11.670600,-2.377500,50.899200,187,197,181,floor,1
11.671900,-2.369800,50.900299,185,201,181,floor,1
11.676500,-2.368900,50.901100,185,200,181,floor,1
11.680400,-2.369300,50.901100,184,199,181,floor,1
11.678300,-2.362500,50.900799,190,200,180,floor,1
11.396800,-2.475000,50.950600,183,194,177,floor,1
11.400500,-2.471000,50.953400,196,207,189,floor,1
11.402600,-2.467000,50.955002,198,208,189,floor,1
11.404400,-2.465700,50.956299,196,207,185,floor,1
11.412600,-2.498200,50.862202,198,208,187,floor,1
11.411500,-2.463400,50.958199,167,179,151,floor,1
11.415900,-2.473300,50.954601,160,170,145,floor,1
11.420400,-2.473400,50.951000,151,157,138,floor,1
11.420300,-2.463600,50.952599,148,155,139,floor,1
11.423200,-2.470000,50.932098,153,156,141,floor,1
11.431400,-2.487600,50.864601,194,204,182,floor,1
11.437400,-2.489300,50.866001,195,203,182,floor,1
11.440200,-2.483100,50.879799,189,201,178,floor,1
11.444700,-2.488300,50.866402,198,205,181,floor,1
11.447600,-2.482700,50.867001,194,202,181,floor,1
11.456000,-2.484600,50.868500,195,204,180,floor,1
11.458900,-2.481900,50.868999,194,204,179,floor,1
11.463400,-2.486400,50.869202,197,204,185,floor,1
11.466100,-2.478100,50.869598,193,203,178,floor,1
11.471800,-2.484000,50.870701,193,204,181,floor,1
11.479400,-2.480200,50.871601,192,206,179,floor,1
11.481900,-2.478900,50.871899,190,203,182,floor,1
11.485600,-2.480500,50.873100,191,203,182,floor,1
11.485000,-2.473500,50.872601,192,202,180,floor,1
11.487300,-2.469400,50.872799,191,199,175,floor,1
11.495000,-2.468400,50.873901,191,200,176,floor,1
11.497400,-2.467200,50.874100,190,198,177,floor,1
11.500200,-2.467300,50.874699,190,197,178,floor,1
11.510100,-2.461000,50.875900,187,199,173,floor,1
11.514200,-2.461300,50.877602,187,199,173,floor,1
11.523000,-2.457600,50.877899,188,199,172,floor,1
11.532800,-2.456800,50.879002,190,198,177,floor,1
11.538400,-2.449000,50.880199,188,197,175,floor,1
11.540300,-2.446300,50.880100,187,196,176,floor,1
11.548100,-2.445500,50.881302,188,197,175,floor,1
11.553400,-2.443100,50.882301,188,197,176,floor,1
11.553600,-2.439000,50.882401,186,196,175,floor,1
11.556300,-2.437800,50.882999,187,196,175,floor,1
11.558100,-2.437900,50.882702,187,197,176,floor,1
11.562900,-2.438300,50.883202,186,197,174,floor,1
11.566300,-2.435800,50.884399,186,198,173,floor,1
11.568800,-2.431900,50.884701,186,196,176,floor,1
11.568800,-2.430500,50.884800,187,196,177,floor,1
11.578700,-2.431300,50.886101,186,196,174,floor,1
11.583800,-2.434400,50.887100,186,197,170,floor,1
11.580900,-2.426000,50.886200,189,195,177,floor,1
11.588900,-2.430700,50.887901,188,198,172,floor,1
11.591200,-2.422700,50.888100,188,197,175,floor,1
11.593400,-2.417500,50.888302,189,198,173,floor,1
11.600900,-2.419400,50.889500,189,198,173,floor,1
11.599800,-2.412500,50.888599,188,197,171,floor,1
11.605700,-2.413100,50.890099,189,198,172,floor,1
11.608600,-2.407900,50.890900,187,197,175,floor,1
11.613000,-2.409600,50.891300,187,197,173,floor,1
11.615100,-2.400400,50.891602,186,196,178,floor,1
11.623100,-2.401200,50.893200,188,197,179,floor,1
11.629600,-2.399000,50.893799,187,198,173,floor,1
11.629100,-2.394900,50.893299,185,199,176,floor,1
11.634900,-2.396900,50.895000,188,199,174,floor,1
11.631600,-2.389800,50.893799,186,197,179,floor,1
11.632200,-2.385900,50.894402,186,197,179,floor,1
11.640600,-2.386600,50.894798,188,198,181,floor,1
11.643600,-2.378900,50.895802,187,198,175,floor,1
11.648300,-2.378100,50.896599,188,199,177,floor,1
11.650200,-2.376900,50.896400,188,199,178,floor,1
11.652700,-2.375800,50.896900,187,199,179,floor,1
11.650900,-2.370300,50.897099,186,199,181,floor,1
11.655300,-2.369500,50.897499,187,200,181,floor,1
11.657500,-2.365700,50.897701,187,201,180,floor,1
11.664700,-2.358500,50.898899,186,199,182,floor,1
11.667600,-2.360100,50.899799,186,198,182,floor,1
11.668800,-2.353600,50.899200,187,200,181,floor,1
11.395900,-2.463800,50.955200,199,212,192,floor,1
11.396900,-2.458200,50.955898,180,190,172,floor,1
11.403200,-2.480300,50.860001,190,196,178,floor,1
11.408800,-2.479200,50.860901,190,197,177,floor,1
11.414800,-2.479600,50.862099,189,197,178,floor,1
11.413300,-2.452400,50.961300,164,174,148,floor,1
11.416600,-2.453800,50.958599,152,161,136,floor,1
11.419200,-2.453900,50.957100,150,156,138,floor,1
11.420200,-2.452400,50.952499,152,156,139,floor,1
11.424800,-2.461100,50.920799,149,159,141,floor,1
11.434300,-2.480600,50.865200,191,200,175,floor,1
11.439000,-2.473700,50.865398,186,197,174,floor,1
11.452200,-2.480100,50.867199,192,203,178,floor,1
11.452900,-2.470200,50.867699,190,200,177,floor,1
11.455600,-2.474600,50.868099,193,200,179,floor,1
11.460700,-2.472100,50.868698,191,200,178,floor,1
11.463100,-2.473600,50.868900,191,200,178,floor,1
11.466100,-2.465300,50.869598,184,195,174,floor,1
11.471300,-2.464200,50.870201,183,194,169,floor,1
11.477000,-2.468800,50.871498,191,198,175,floor,1
11.484800,-2.459400,50.872398,183,195,165,floor,1
11.487500,-2.459600,50.872898,185,197,168,floor,1
11.494500,-2.462800,50.873402,189,199,177,floor,1
11.497500,-2.461600,50.874199,187,199,180,floor,1
11.505300,-2.455100,50.875401,186,195,174,floor,1
11.507000,-2.449600,50.875000,186,195,176,floor,1
11.512700,-2.447200,50.876202,185,194,176,floor,1
11.517400,-2.446100,50.876701,186,194,177,floor,1
11.517800,-2.444800,50.876999,185,194,174,floor,1
11.524400,-2.446600,50.877300,186,195,176,floor,1
11.528100,-2.439900,50.878601,186,195,175,floor,1
11.530900,-2.444300,50.879101,186,194,177,floor,1
11.536200,-2.447500,50.880100,187,196,176,floor,1
11.538200,-2.435100,50.880001,186,194,175,floor,1
11.546500,-2.433000,50.881699,186,195,177,floor,1
11.548500,-2.431800,50.881599,186,195,177,floor,1
11.551300,-2.429200,50.882198,187,196,178,floor,1
11.555900,-2.432300,50.882599,186,196,176,floor,1
11.556500,-2.425500,50.883099,187,197,179,floor,1
11.563000,-2.421900,50.883202,185,195,175,floor,1
11.566100,-2.423500,50.884201,185,195,176,floor,1
11.571400,-2.423900,50.885101,186,196,177,floor,1
11.569500,-2.419700,50.885300,186,194,177,floor,1
11.573600,-2.418600,50.885201,186,194,178,floor,1
11.576200,-2.413400,50.885601,186,195,178,floor,1
11.576500,-2.412100,50.886002,186,195,178,floor,1
11.589000,-2.417200,50.887901,189,196,178,floor,1
11.586400,-2.407400,50.887501,186,197,177,floor,1
11.590600,-2.409100,50.887600,185,196,174,floor,1
11.596200,-2.405600,50.888802,185,197,175,floor,1
11.596400,-2.400200,50.889000,186,196,178,floor,1
11.600700,-2.396400,50.889301,185,196,177,floor,1
11.603600,-2.395400,50.890099,185,196,177,floor,1
11.608100,-2.393100,50.890499,186,197,178,floor,1
11.613200,-2.386800,50.891399,187,195,180,floor,1
11.619000,-2.392600,50.891201,184,196,177,floor,1
11.619800,-2.386000,50.891899,186,197,178,floor,1
11.625200,-2.389300,50.893398,186,197,179,floor,1
11.622300,-2.379600,50.892399,187,199,179,floor,1
11.624100,-2.379700,50.892300,187,199,179,floor,1
11.627100,-2.377300,50.893299,187,199,179,floor,1
11.633600,-2.383300,50.893799,187,197,178,floor,1
11.631600,-2.372400,50.893700,189,199,178,floor,1
11.634500,-2.372700,50.894501,188,199,180,floor,1
11.637000,-2.370300,50.895100,187,198,181,floor,1
11.641600,-2.372100,50.895699,188,198,181,floor,1
11.638900,-2.365100,50.895000,188,198,185,floor,1
11.653200,-2.363900,50.897400,187,199,179,floor,1
11.650500,-2.357000,50.896702,186,199,179,floor,1
11.400400,-2.468600,50.859600,177,188,163,floor,1
11.403600,-2.477500,50.860298,186,193,174,floor,1
11.408200,-2.469000,50.860401,180,188,165,floor,1
11.411500,-2.475000,50.861301,185,193,170,floor,1
11.412600,-2.448200,50.962502,159,169,144,floor,1
11.412800,-2.441200,50.964298,162,170,144,floor,1
11.414500,-2.439900,50.964001,160,168,143,floor,1
11.419100,-2.437300,50.962200,149,154,134,floor,1
11.420200,-2.439900,50.956100,149,154,136,floor,1
11.426300,-2.455100,50.911301,142,148,139,floor,1
11.436000,-2.464900,50.864700,181,190,166,floor,1
11.439000,-2.463700,50.865398,179,190,167,floor,1
11.444300,-2.469700,50.866001,184,197,170,floor,1
11.450200,-2.467200,50.867298,185,196,171,floor,1
11.448500,-2.458800,50.879902,179,191,171,floor,1
11.454700,-2.463200,50.867401,174,187,167,floor,1
11.455000,-2.458900,50.867599,168,179,159,floor,1
11.457800,-2.454900,50.868000,163,174,152,floor,1
11.461200,-2.455100,50.868999,165,174,154,floor,1
11.474700,-2.453100,50.871300,170,179,155,floor,1
11.474700,-2.451700,50.871201,169,176,151,floor,1
11.484700,-2.449600,50.872299,171,181,152,floor,1
11.492000,-2.452800,50.873100,180,190,163,floor,1
11.495100,-2.446100,50.873901,174,183,160,floor,1
11.499500,-2.442100,50.874100,173,183,165,floor,1
11.503400,-2.445200,50.875702,178,188,166,floor,1
11.507400,-2.445500,50.875401,182,191,171,floor,1
11.513600,-2.439000,50.876999,179,189,166,floor,1
11.516200,-2.437800,50.877399,179,190,166,floor,1
11.520600,-2.440800,50.877499,184,193,173,floor,1
11.520400,-2.429700,50.877399,180,191,170,floor,1
11.528600,-2.427600,50.879002,179,192,171,floor,1
11.530900,-2.429100,50.879101,183,193,171,floor,1
11.535500,-2.430800,50.879398,185,193,175,floor,1
11.537500,-2.429500,50.879299,185,194,176,floor,1
11.549200,-2.423600,50.882198,185,195,176,floor,1
11.551800,-2.422400,50.882702,185,194,177,floor,1
11.559000,-2.420200,50.883400,186,194,177,floor,1
11.560800,-2.419000,50.882999,186,194,177,floor,1
11.561400,-2.413500,50.883499,185,194,176,floor,1
11.560700,-2.409300,50.882900,184,194,176,floor,1
11.569000,-2.415600,50.884899,186,194,177,floor,1
11.566500,-2.405800,50.884499,185,194,177,floor,1
11.569300,-2.404700,50.885101,186,195,178,floor,1
11.576200,-2.406500,50.885601,185,195,177,floor,1
11.579100,-2.401400,50.886398,184,193,176,floor,1
11.583300,-2.400300,50.886398,186,195,178,floor,1
11.588200,-2.399400,50.887199,185,195,177,floor,1
11.586200,-2.392500,50.887199,185,195,179,floor,1
11.590600,-2.394200,50.887501,185,195,177,floor,1
11.591400,-2.388900,50.888199,183,196,177,floor,1
11.596000,-2.390600,50.888599,186,197,175,floor,1
11.598200,-2.386800,50.888802,186,196,179,floor,1
11.598600,-2.385500,50.889099,185,195,178,floor,1
11.603300,-2.384500,50.889801,184,194,179,floor,1
11.602800,-2.380400,50.889400,184,198,180,floor,1
11.605900,-2.379400,50.890301,184,199,178,floor,1
11.615400,-2.380300,50.891800,186,197,178,floor,1
11.614600,-2.376100,50.890999,188,199,179,floor,1
11.617500,-2.371000,50.891800,187,199,179,floor,1
11.620500,-2.371300,50.892502,187,199,179,floor,1
11.625200,-2.371800,50.893299,188,199,180,floor,1
11.632500,-2.356500,50.894501,187,200,181,floor,1
11.640700,-2.361300,50.894798,187,197,182,floor,1
11.394200,-2.434300,50.962601,197,207,189,floor,1
11.404000,-2.441200,50.945702,197,207,188,floor,1
11.411000,-2.463500,50.860802,170,181,160,floor,1
11.409400,-2.431300,50.967098,171,178,158,floor,1
11.416600,-2.455100,50.861698,153,162,143,floor,1
11.413900,-2.428800,50.966900,157,167,147,floor,1
11.415900,-2.430300,50.966599,152,161,142,floor,1
11.417900,-2.429000,50.964802,149,159,137,floor,1
11.421400,-2.430900,50.942902,150,153,137,floor,1
11.425700,-2.438300,50.916100,147,152,138,floor,1
11.433700,-2.449100,50.864601,154,164,140,floor,1
11.444400,-2.446900,50.866001,152,163,139,floor,1
11.452200,-2.446000,50.867100,154,166,140,floor,1
11.460900,-2.452300,50.868801,163,171,151,floor,1
11.460500,-2.442300,50.868401,160,168,150,floor,1
11.465900,-2.451100,50.869400,164,173,151,floor,1
11.466400,-2.441300,50.869801,159,166,148,floor,1
11.471900,-2.448700,50.870701,165,173,148,floor,1
11.471200,-2.440200,50.870098,160,169,148,floor,1
11.476700,-2.440600,50.871101,161,170,146,floor,1
11.481500,-2.433800,50.871498,160,168,149,floor,1
11.486500,-2.434200,50.872002,160,169,148,floor,1
11.492800,-2.440300,50.873798,166,179,157,floor,1
11.505200,-2.424400,50.875198,164,177,157,floor,1
11.510200,-2.427500,50.875900,174,185,158,floor,1
11.515300,-2.426500,50.876598,176,187,160,floor,1
11.517800,-2.426700,50.876999,176,188,161,floor,1
11.517500,-2.418300,50.876701,175,187,166,floor,1
11.520400,-2.417200,50.877300,176,188,165,floor,1
11.535500,-2.410100,50.879398,182,193,173,floor,1
11.543700,-2.417600,50.881100,185,193,175,floor,1
11.543300,-2.414800,50.880699,183,193,172,floor,1
11.543800,-2.409400,50.881199,183,193,175,floor,1
11.548500,-2.411100,50.881500,183,193,175,floor,1
11.550700,-2.401700,50.881599,183,194,174,floor,1
11.553400,-2.399100,50.882099,184,194,175,floor,1
11.561700,-2.399900,50.883801,185,193,175,floor,1
11.563900,-2.394600,50.883900,184,193,177,floor,1
11.566700,-2.392100,50.884602,184,194,176,floor,1
11.568600,-2.393600,50.884499,185,194,178,floor,1
11.571500,-2.391200,50.885101,185,195,177,floor,1
11.576100,-2.394300,50.885502,185,193,178,floor,1
11.576100,-2.387400,50.885601,183,196,176,floor,1
11.578800,-2.383600,50.886101,185,196,176,floor,1
11.583600,-2.389500,50.886700,183,198,177,floor,1
11.588700,-2.388600,50.887600,183,195,177,floor,1
11.588800,-2.384500,50.887699,185,195,177,floor,1
11.600600,-2.380200,50.889198,183,198,178,floor,1
11.598400,-2.371800,50.888901,185,196,176,floor,1
11.608400,-2.366100,50.890598,186,198,179,floor,1
11.610300,-2.362200,50.890598,187,199,182,floor,1
11.614300,-2.359900,50.890800,189,198,181,floor,1
11.617300,-2.361600,50.891602,189,198,182,floor,1
11.621900,-2.360700,50.891998,188,197,182,floor,1
11.619800,-2.353700,50.891899,188,199,180,floor,1
11.394100,-2.417600,50.967602,189,197,183,floor,1
11.398600,-2.420700,50.967602,191,202,180,floor,1
11.400200,-2.423600,50.966999,191,202,181,floor,1
11.404100,-2.423900,50.968201,195,202,180,floor,1
11.408200,-2.425700,50.969501,190,198,177,floor,1
11.413700,-2.444800,50.861099,145,151,137,floor,1
11.412500,-2.421800,50.969398,163,169,148,floor,1
11.414400,-2.416400,50.970901,158,163,149,floor,1
11.416700,-2.417800,50.969002,151,156,141,floor,1
11.418700,-2.413800,50.968700,148,156,141,floor,1
11.424100,-2.422100,50.934502,137,149,135,floor,1
11.425000,-2.422100,50.933399,142,153,135,floor,1
11.433600,-2.441900,50.864498,149,155,137,floor,1
11.439200,-2.445100,50.865501,152,160,139,floor,1
11.441800,-2.442400,50.865700,153,157,138,floor,1
11.447200,-2.434200,50.866501,151,159,141,floor,1
11.449800,-2.437300,50.866901,153,163,143,floor,1
11.452300,-2.434600,50.867100,153,163,144,floor,1
11.458200,-2.440700,50.868301,155,164,144,floor,1
11.461300,-2.432400,50.869099,155,165,146,floor,1
11.465800,-2.431300,50.869301,157,165,148,floor,1
11.467900,-2.428600,50.869099,158,166,149,floor,1
11.476400,-2.432100,50.870899,158,168,149,floor,1
11.476600,-2.423600,50.870998,160,169,148,floor,1
11.481300,-2.423900,50.871300,159,169,145,floor,1
11.484900,-2.420000,50.872501,159,169,142,floor,1
11.492300,-2.422000,50.873299,160,173,144,floor,1
11.501900,-2.417100,50.874298,161,174,153,floor,1
11.501800,-2.412900,50.874199,163,174,150,floor,1
11.510200,-2.419200,50.875900,168,179,162,floor,1
11.512900,-2.418000,50.876400,171,183,163,floor,1
11.513200,-2.408200,50.876499,173,181,162,floor,1
11.515700,-2.408500,50.876900,172,184,165,floor,1
11.520000,-2.411600,50.876999,174,189,164,floor,1
11.519900,-2.404600,50.876900,173,185,165,floor,1
11.525100,-2.402200,50.877701,176,187,169,floor,1
11.529900,-2.406800,50.878201,179,190,170,floor,1
11.535700,-2.407300,50.879601,180,193,172,floor,1
11.535100,-2.404500,50.879002,180,193,175,floor,1
11.538100,-2.395000,50.879799,182,192,170,floor,1
11.540400,-2.395300,50.880001,182,191,169,floor,1
11.543100,-2.392700,50.880600,182,192,170,floor,1
11.545800,-2.391600,50.880901,182,192,171,floor,1
11.548200,-2.389000,50.881199,182,192,173,floor,1
11.551000,-2.387900,50.881802,183,193,174,floor,1
11.552900,-2.389400,50.881699,184,194,173,floor,1
11.556900,-2.384400,50.883301,182,195,174,floor,1
11.561200,-2.383300,50.883202,182,195,174,floor,1
11.563900,-2.380900,50.883900,184,195,175,floor,1
11.571100,-2.381500,50.884701,185,196,176,floor,1
11.572000,-2.374800,50.885502,182,195,174,floor,1
11.574100,-2.373600,50.885601,184,195,174,floor,1
11.580900,-2.377000,50.886002,185,195,175,floor,1
11.578200,-2.369900,50.885601,182,195,174,floor,1
11.583300,-2.373100,50.886398,185,196,175,floor,1
11.588400,-2.372200,50.887299,185,196,176,floor,1
11.585900,-2.365200,50.886902,183,196,174,floor,1
11.593500,-2.370000,50.888199,185,196,176,floor,1
11.593600,-2.364600,50.888199,184,196,175,floor,1
11.595400,-2.363400,50.888000,186,197,176,floor,1
11.601300,-2.362700,50.889801,186,195,177,floor,1
11.601000,-2.357200,50.889500,185,197,177,floor,1
11.610100,-2.358100,50.890301,187,198,180,floor,1
11.612800,-2.357100,50.890999,187,199,180,floor,1
11.397400,-2.408100,50.971901,187,195,179,floor,1
11.399900,-2.408300,50.972000,189,195,180,floor,1
11.406400,-2.441500,50.860802,137,143,128,floor,1
11.406900,-2.403400,50.975601,179,188,169,floor,1
11.412100,-2.402400,50.976002,159,170,150,floor,1
11.414300,-2.401200,50.975800,155,165,146,floor,1
11.415900,-2.402600,50.973598,147,158,139,floor,1
11.419100,-2.405200,50.965599,145,157,137,floor,1
11.422800,-2.410800,50.936798,147,152,138,floor,1
11.436000,-2.433400,50.864700,150,152,139,floor,1
11.447000,-2.424200,50.866299,150,158,138,floor,1
11.452600,-2.427500,50.867401,152,158,141,floor,1
11.461500,-2.422500,50.869202,152,161,143,floor,1
11.469000,-2.424500,50.870098,158,164,147,floor,1
11.470900,-2.413200,50.869701,156,167,148,floor,1
11.473800,-2.413500,50.870399,156,167,148,floor,1
11.476300,-2.415100,50.870701,158,168,148,floor,1
11.486900,-2.418800,50.872299,160,170,143,floor,1
11.487100,-2.414600,50.872501,160,169,146,floor,1
11.488700,-2.411800,50.872002,162,170,146,floor,1
11.495100,-2.415200,50.873798,160,172,149,floor,1
11.492300,-2.406500,50.873299,160,169,146,floor,1
11.499300,-2.409900,50.873798,163,172,151,floor,1
11.505100,-2.410400,50.875099,164,173,152,floor,1
11.501900,-2.400300,50.874298,162,172,150,floor,1
11.509800,-2.406500,50.875500,169,175,157,floor,1
11.509800,-2.400900,50.875500,166,175,153,floor,1
11.515100,-2.401400,50.876301,169,181,159,floor,1
11.517100,-2.396000,50.876400,172,182,161,floor,1
11.522000,-2.400600,50.876900,174,185,166,floor,1
11.525300,-2.393900,50.877899,174,184,167,floor,1
11.527700,-2.391300,50.877998,173,185,172,floor,1
11.532800,-2.389000,50.878899,179,188,171,floor,1
11.533000,-2.384900,50.879002,179,187,173,floor,1
11.537500,-2.390800,50.879200,182,192,171,floor,1
11.543200,-2.387200,50.880600,182,191,173,floor,1
11.550500,-2.380900,50.881401,182,192,177,floor,1
11.553200,-2.384000,50.882000,182,192,174,floor,1
11.561300,-2.377900,50.883301,183,195,176,floor,1
11.558400,-2.369300,50.882702,184,195,175,floor,1
11.566500,-2.377000,50.884499,182,195,174,floor,1
11.566800,-2.374300,50.884701,182,195,175,floor,1
11.569400,-2.363600,50.885101,182,193,177,floor,1
11.571400,-2.362400,50.884899,181,193,177,floor,1
11.571200,-2.361000,50.884800,181,193,178,floor,1
11.578900,-2.364500,50.886200,185,194,176,floor,1
11.576900,-2.357500,50.886101,184,195,176,floor,1
11.581100,-2.356500,50.886200,187,194,178,floor,1
11.583200,-2.355300,50.886200,188,194,180,floor,1
11.588300,-2.354500,50.887199,188,194,182,floor,1
11.396800,-2.401100,50.973202,184,196,178,floor,1
11.402800,-2.422300,50.859600,125,133,128,floor,1
11.408500,-2.425700,50.860600,133,140,130,floor,1
11.408200,-2.421300,50.860298,130,138,127,floor,1
11.408900,-2.398000,50.977001,166,176,156,floor,1
11.411100,-2.398200,50.977001,161,171,152,floor,1
11.410400,-2.389900,50.979801,159,172,147,floor,1
11.420300,-2.425100,50.862801,138,144,129,floor,1
11.417700,-2.391600,50.974998,148,154,137,floor,1
11.418500,-2.391500,50.972198,146,155,143,floor,1
11.423600,-2.401800,50.926800,142,153,132,floor,1
11.432600,-2.420300,50.863701,145,152,135,floor,1
11.435900,-2.423400,50.864498,146,154,135,floor,1
11.441500,-2.416600,50.865398,147,154,137,floor,1
11.444300,-2.415400,50.865799,147,154,137,floor,1
11.447000,-2.412800,50.866299,148,157,138,floor,1
11.450100,-2.417300,50.867100,150,159,137,floor,1
11.452200,-2.411800,50.867001,149,160,139,floor,1
11.460300,-2.412400,50.868198,150,163,142,floor,1
11.463400,-2.412700,50.868999,150,163,142,floor,1
11.466100,-2.408600,50.869499,153,163,143,floor,1
11.479200,-2.399800,50.871300,155,166,147,floor,1
11.487000,-2.396200,50.872299,158,167,149,floor,1
11.494800,-2.396900,50.873501,158,169,150,floor,1
11.499900,-2.390300,50.874298,159,170,151,floor,1
11.505300,-2.395000,50.875301,163,172,153,floor,1
11.507200,-2.386700,50.875000,161,172,152,floor,1
11.513200,-2.392900,50.876499,166,175,157,floor,1
11.512400,-2.384400,50.875801,162,175,151,floor,1
11.520300,-2.382300,50.877201,168,183,156,floor,1
11.525500,-2.378600,50.877998,169,183,158,floor,1
11.532900,-2.383500,50.878899,177,187,172,floor,1
11.530000,-2.376200,50.878101,171,185,162,floor,1
11.532600,-2.375100,50.878601,175,189,167,floor,1
11.540700,-2.378700,50.880299,178,192,169,floor,1
11.542900,-2.367800,50.880299,179,192,172,floor,1
11.546200,-2.365400,50.881199,181,193,173,floor,1
11.551200,-2.368600,50.881901,181,194,174,floor,1
11.551500,-2.361700,50.882198,181,194,171,floor,1
11.555800,-2.362200,50.882301,182,195,173,floor,1
11.557900,-2.356800,50.882301,182,195,174,floor,1
11.561700,-2.361400,50.883598,181,195,174,floor,1
11.563700,-2.356100,50.883701,183,195,176,floor,1
11.397900,-2.388700,50.977402,186,198,177,floor,1
11.398900,-2.383300,50.979801,187,200,176,floor,1
11.408700,-2.408300,50.860600,131,138,122,floor,1
11.408500,-2.384200,50.981998,165,184,158,floor,1
11.409800,-2.378800,50.983002,163,175,154,floor,1
11.411400,-2.381700,50.982300,154,167,146,floor,1
11.415400,-2.379100,50.980202,145,156,137,floor,1
11.416900,-2.380600,50.979599,143,154,135,floor,1
11.418200,-2.378700,50.970100,144,154,135,floor,1
11.423400,-2.390400,50.926701,144,148,138,floor,1
11.433100,-2.401600,50.863998,142,151,135,floor,1
11.438600,-2.400600,50.864899,145,153,138,floor,1
11.441800,-2.402300,50.865601,146,153,138,floor,1
11.446700,-2.408500,50.866001,147,155,136,floor,1
11.447400,-2.400000,50.866501,147,154,137,floor,1
11.451800,-2.401700,50.866699,149,158,138,floor,1
11.454900,-2.397700,50.867401,150,157,138,floor,1
11.460900,-2.396800,50.868698,152,159,140,floor,1
11.465300,-2.394300,50.868801,152,159,141,floor,1
11.471400,-2.397700,50.870098,156,163,143,floor,1
11.473600,-2.399300,50.870201,156,164,144,floor,1
11.473900,-2.392200,50.870399,156,165,144,floor,1
11.476400,-2.388200,50.870701,155,165,147,floor,1
11.479100,-2.391300,50.871201,156,166,147,floor,1
11.484400,-2.387500,50.871899,154,166,152,floor,1
11.487000,-2.384900,50.872299,154,166,152,floor,1
11.489300,-2.383700,50.872501,156,168,152,floor,1
11.495100,-2.387100,50.873699,156,168,151,floor,1
11.494100,-2.379900,50.872898,157,169,144,floor,1
11.497200,-2.378800,50.873798,157,169,144,floor,1
11.499200,-2.378900,50.873600,157,170,145,floor,1
11.501900,-2.376400,50.874298,159,171,145,floor,1
11.507700,-2.374200,50.875500,160,173,148,floor,1
11.509900,-2.375800,50.875500,161,175,148,floor,1
11.520800,-2.371200,50.877499,166,179,154,floor,1
11.523000,-2.374200,50.877602,168,183,156,floor,1
11.523100,-2.368600,50.877701,169,184,156,floor,1
11.531100,-2.361100,50.879101,172,185,158,floor,1
11.540100,-2.359200,50.879601,176,190,168,floor,1
11.540800,-2.353700,50.880199,175,189,169,floor,1
11.396600,-2.372000,50.983299,185,196,183,floor,1
11.397500,-2.369300,50.984001,186,196,179,floor,1
11.400200,-2.371000,50.984299,182,192,178,floor,1
11.411200,-2.402700,50.860901,130,136,121,floor,1
11.406600,-2.370200,50.985500,174,185,165,floor,1
11.409100,-2.370400,50.985699,162,172,151,floor,1
11.413300,-2.369300,50.983700,150,162,140,floor,1
11.414700,-2.368000,50.983002,147,159,140,floor,1
11.417700,-2.370700,50.978298,142,156,134,floor,1
11.418800,-2.368700,50.968700,143,153,141,floor,1
11.423700,-2.376300,50.926899,144,148,138,floor,1
11.430000,-2.389800,50.863201,139,147,132,floor,1
11.432900,-2.391500,50.863899,143,148,132,floor,1
11.436100,-2.391800,50.864601,145,151,130,floor,1
11.438000,-2.394800,50.864399,145,151,133,floor,1
11.441100,-2.392200,50.865002,146,152,133,floor,1
11.446900,-2.387000,50.866100,145,155,136,floor,1
11.449800,-2.385800,50.866798,146,156,136,floor,1
11.454900,-2.382000,50.867298,147,157,138,floor,1
11.458100,-2.386600,50.868099,150,158,142,floor,1
11.460600,-2.382500,50.868401,150,158,144,floor,1
11.474200,-2.378100,50.870602,154,164,146,floor,1
11.478200,-2.381200,50.870399,154,166,147,floor,1
11.478400,-2.375600,50.870499,154,166,150,floor,1
11.482100,-2.374600,50.871799,153,166,150,floor,1
11.487100,-2.373600,50.872398,154,168,143,floor,1
11.494700,-2.368700,50.873402,153,171,144,floor,1
11.497600,-2.366100,50.874001,155,170,143,floor,1
11.499900,-2.363600,50.874298,158,171,146,floor,1
11.509900,-2.367300,50.875500,161,174,148,floor,1
11.510500,-2.364600,50.875900,161,172,144,floor,1
11.390400,-2.360200,50.985699,187,199,183,floor,1
11.399900,-2.387200,50.859001,107,119,113,floor,1
11.402100,-2.365600,50.985699,182,190,173,floor,1
11.408700,-2.386500,50.860600,125,136,124,floor,1
11.407100,-2.353700,50.991100,169,181,162,floor,1
11.409900,-2.355300,50.989799,155,164,143,floor,1
11.412800,-2.355500,50.988499,152,162,140,floor,1
11.417800,-2.367300,50.969700,143,153,141,floor,1
11.417300,-2.356600,50.978001,146,153,134,floor,1
11.418400,-2.357300,50.966801,145,150,138,floor,1
11.422200,-2.364000,50.936199,146,151,139,floor,1
11.430300,-2.385500,50.863400,139,146,129,floor,1
11.435800,-2.387400,50.864300,143,150,133,floor,1
11.440800,-2.383500,50.864700,143,154,131,floor,1
11.443900,-2.385300,50.865501,144,154,134,floor,1
11.444000,-2.373800,50.865501,144,156,135,floor,1
11.447000,-2.372700,50.866199,145,156,137,floor,1
11.452300,-2.381800,50.867001,146,156,136,floor,1
11.452600,-2.371800,50.867199,149,157,137,floor,1
11.454400,-2.370500,50.866901,150,158,138,floor,1
11.457700,-2.369400,50.867699,150,158,140,floor,1
11.460400,-2.371100,50.868198,151,158,140,floor,1
11.463400,-2.368500,50.868900,150,159,140,floor,1
11.465800,-2.371600,50.869099,150,160,141,floor,1
11.468200,-2.370400,50.869202,150,161,143,floor,1
11.474100,-2.362500,50.870499,152,163,145,floor,1
11.476400,-2.362700,50.870701,153,164,145,floor,1
11.481000,-2.364500,50.870899,153,168,146,floor,1
11.483700,-2.367600,50.871300,153,168,146,floor,1
11.484200,-2.364800,50.871700,152,168,146,floor,1
11.393500,-2.350900,50.989601,188,199,181,floor,1
11.396500,-2.348400,50.990200,185,197,177,floor,1
11.398700,-2.344500,50.991798,184,196,175,floor,1
11.400400,-2.348900,50.991199,184,196,175,floor,1
11.403600,-2.353300,50.990398,179,190,170,floor,1
11.407700,-2.351000,50.991600,165,177,155,floor,1
11.409400,-2.347000,50.992802,160,175,153,floor,1
11.412000,-2.351400,50.991299,153,166,142,floor,1
11.414500,-2.348700,50.989700,147,161,139,floor,1
11.415300,-2.343100,50.988701,142,157,137,floor,1
11.418600,-2.346100,50.968498,143,152,137,floor,1
11.423200,-2.352400,50.931801,143,149,133,floor,1
11.430700,-2.372600,50.863800,135,146,134,floor,1
11.430700,-2.368300,50.863701,134,146,130,floor,1
11.433600,-2.367100,50.864300,136,148,129,floor,1
11.441700,-2.362100,50.865398,141,154,133,floor,1
11.450600,-2.370200,50.867401,146,156,135,floor,1
11.452900,-2.367500,50.867401,146,158,137,floor,1
11.452600,-2.358900,50.867199,146,158,137,floor,1
11.400600,-2.363900,50.859501,114,118,115,floor,1
11.406600,-2.366000,50.860699,123,127,121,floor,1
11.402700,-2.338000,50.994801,175,191,166,floor,1
11.411300,-2.363500,50.860802,127,132,125,floor,1
11.408700,-2.341400,50.994099,157,172,143,floor,1
11.408400,-2.331800,50.997101,155,169,147,floor,1
11.410400,-2.333400,50.997002,152,167,145,floor,1
